data;horario;n_da_ocorrencia;tipo_de_ocorrencia;km;trecho;sentido;tipo_de_acidente;automovel;bicicleta;caminhao;moto;onibus;outros;tracao_animal;transporte_de_cargas_especiais;trator_maquinas;utilitarios;ilesos;levemente_feridos;moderadamente_feridos;gravemente_feridos;mortos
"22/02/2022";"15:06:00";"51";"Acidente c";"282";"BR-101/SC";"Sul";"Colisão - Lateral";1;0;0;1;0;0;0;0;0;0;1;1;0;0;0
"22/02/2022";"20:44:00";"70";"Acidente s";"398";"BR-101/SC";"Norte";"Colisão - Lateral";1;0;0;0;0;0;0;1;0;0;2;0;0;0;0
"22/02/2022";"22:21:00";"78";"Acidente s";"277";"BR-101/SC";"Sul";"Colisão - Frontal";2;0;0;0;0;0;0;0;0;0;3;0;0;0;0
"23/02/2022";"15:12:00";"83";"Acidente c";"385";"BR-101/SC";"Norte";"Colisão - Transversal";1;0;0;1;0;0;0;0;0;0;1;1;0;0;0
"23/02/2022";"19:43:00";"108";"Acidente s";"274";"BR-101/SC";"Norte";"Saída de pista";1;0;0;0;0;0;0;0;0;0;4;0;0;0;0
"24/02/2022";"01:04:00";"6";"Acidente c";"340";"BR-101/SC";"Sul";"Queda de moto";0;0;0;1;0;0;0;0;0;0;0;1;0;0;0
"24/02/2022";"06:02:00";"14";"Acidente c";"373";"BR-101/SC";"Sul";"Capotamento";1;0;0;0;0;0;0;0;0;0;0;2;1;0;0
"24/02/2022";"10:41:00";"45";"Acidente c";"335,6";"BR-101/SC";"Norte";"Colisão - Transversal";1;0;0;1;0;0;0;0;0;0;1;1;0;0;0
"24/02/2022";"11:14:00";"51";"Acidente s";"391";"BR-101/SC";"Sul";"Colisão - Transversal";2;0;0;0;0;0;0;0;0;0;2;0;0;0;0
"24/02/2022";"12:12:00";"58";"Acidente s";"328";"BR-101/SC";"Sul";"Colisão - Traseira";2;0;0;0;0;0;0;0;0;0;4;0;0;0;0
"24/02/2022";"12:47:00";"63";"Acidente s";"327";"BR-101/SC";"Sul";"Colisão - Traseira";2;0;0;0;0;0;0;0;0;0;5;0;0;0;0
"24/02/2022";"17:46:00";"83";"Acidente s";"327";"BR-101/SC";"Norte";"Colisão - Lateral";1;0;0;0;0;0;0;0;0;1;3;0;0;0;0
"24/02/2022";"21:27:00";"110";"Acidente s";"440";"BR-101/SC";"Norte";"Saída de pista";1;0;0;0;0;0;0;0;0;0;2;0;0;0;0
"25/02/2022";"16:43:00";"80";"Acidente s";"384";"BR-101/SC";"Norte";"Choque Defensa";1;0;0;0;0;0;0;0;0;0;1;0;0;0;0
"25/02/2022";"18:56:00";"95";"Acidente s";"330";"BR-101/SC";"Norte";"Engavetamento";3;0;0;0;0;0;0;0;0;0;3;0;0;0;0
"25/02/2022";"20:47:00";"112";"Acidente c";"341";"BR-101/SC";"Sul";"Queda de moto";0;0;0;1;0;0;0;0;0;0;0;1;0;0;0
"25/02/2022";"20:52:00";"113";"Acidente c";"390";"BR-101/SC";"Norte";"Colisão - Traseira";2;0;0;0;0;0;0;0;0;0;3;0;1;0;0
"25/02/2022";"21:37:00";"117";"Acidente s";"390,1";"BR-101/SC";"Norte";"Colisão - Lateral";2;0;0;0;0;0;0;0;0;0;2;0;0;0;0
"25/02/2022";"22:18:00";"122";"Acidente s";"344";"BR-101/SC";"Norte";"Saída de pista";1;0;0;0;0;0;0;0;0;0;2;0;0;0;0
"26/02/2022";"00:29:00";"3";"Acidente c";"293";"BR-101/SC";"Norte";"Choque Barreira";1;0;0;0;0;0;0;0;0;0;1;0;1;0;0
"26/02/2022";"05:38:00";"32";"Acidente s";"275";"BR-101/SC";"Norte";"Colisão - Traseira";2;0;0;0;0;0;0;0;0;0;5;0;0;0;0
"26/02/2022";"08:00:00";"47";"Acidente s";"362";"BR-101/SC";"Norte";"Colisão - Traseira";2;0;0;0;0;0;0;0;0;0;9;0;0;0;0
"26/02/2022";"08:33:00";"57";"Acidente s";"365";"BR-101/SC";"Sul";"Colisão - Traseira";2;0;0;0;0;0;0;0;0;0;6;0;0;0;0
"26/02/2022";"09:03:00";"62";"Acidente s";"364";"BR-101/SC";"Norte";"Colisão - Traseira";2;0;0;0;0;0;0;0;0;0;4;0;0;0;0
"26/02/2022";"10:20:00";"70";"Acidente c";"283";"BR-101/SC";"Norte";"Queda de moto";0;0;0;1;0;0;0;0;0;0;1;1;0;0;0
"26/02/2022";"10:35:00";"74";"Acidente s";"327";"BR-101/SC";"Norte";"Colisão - Traseira";3;0;0;0;0;0;0;0;0;0;5;0;0;0;0
"26/02/2022";"10:44:00";"76";"Acidente c";"351";"BR-101/SC";"Norte";"Colisão - Lateral";1;0;0;0;0;0;0;0;0;0;0;1;0;0;0
"26/02/2022";"11:32:00";"81";"Acidente s";"328,6";"BR-101/SC";"Norte";"Colisão - Traseira";3;0;0;0;0;0;0;0;0;0;10;0;0;0;0
"26/02/2022";"11:36:00";"82";"Acidente s";"331";"BR-101/SC";"Norte";"Colisão - Traseira";2;0;0;0;0;0;0;0;0;0;2;0;0;0;0
"26/02/2022";"20:40:00";"135";"Acidente s";"411";"BR-101/SC";"Norte";"Saída de pista";1;0;0;0;0;0;0;0;0;0;1;0;0;0;0
"26/02/2022";"23:16:00";"153";"Acidente c";"371";"BR-101/SC";"Norte";"Saída de pista";1;0;0;0;0;0;0;0;0;0;1;2;1;2;0
"27/02/2022";"06:15:00";"23";"Acidente s";"458";"BR-101/SC";"Norte";"Saída de pista";1;0;0;0;0;0;0;0;0;0;1;0;0;0;0
"27/02/2022";"08:21:00";"37";"Acidente c";"328";"BR-101/SC";"Norte";"Colisão - Traseira";1;0;0;0;0;0;0;0;0;1;5;0;1;0;0
"27/02/2022";"11:00:00";"61";"Acidente s";"372";"BR-101/SC";"Sul";"Capotamento";1;0;0;0;0;0;0;0;0;0;2;0;0;0;0
"27/02/2022";"14:57:00";"89";"Acidente s";"298";"BR-101/SC";"Sul";"Choque Praça - Submarino";1;0;0;0;0;0;0;0;0;0;5;0;0;0;0
"27/02/2022";"19:51:00";"113";"Acidente c";"316";"BR-101/SC";"Sul";"Colisão - Traseira";0;0;0;1;0;0;0;0;0;0;0;0;2;0;0
"27/02/2022";"20:12:00";"116";"Acidente s";"446";"BR-101/SC";"Norte";"Colisão - Traseira";1;0;0;0;0;0;0;0;0;1;4;0;0;0;0
"28/02/2022";"09:02:00";"52";"Acidente s";"393";"BR-101/SC";"Norte";"Queda de moto";0;0;0;1;0;0;0;0;0;0;1;0;0;0;0
"28/02/2022";"19:47:00";"118";"Acidente s";"454";"BR-101/SC";"Norte";"Colisão - Lateral";1;0;0;1;0;0;0;0;0;0;2;0;0;0;0
"28/02/2022";"19:56:00";"120";"Acidente s";"335";"BR-101/SC";"Sul";"Colisão - Lateral";2;0;0;0;0;0;0;0;0;0;6;0;0;0;0
"28/02/2022";"20:36:00";"124";"Acidente s";"432";"BR-101/SC";"Norte";"Saída de pista";1;0;0;0;0;0;0;0;0;0;1;0;0;0;0
"28/02/2022";"21:09:00";"127";"Acidente s";"345";"BR-101/SC";"Sul";"Saída de pista";1;0;0;0;0;0;0;0;0;0;4;0;0;0;0
"28/02/2022";"22:23:00";"134";"Acidente c";"380";"BR-101/SC";"Sul";"Choque Barreira";1;0;0;0;0;0;0;0;0;0;1;1;0;0;0
"28/02/2022";"22:35:00";"135";"Acidente s";"273";"BR-101/SC";"Sul";"Colisão - Lateral";1;0;0;0;0;0;0;0;0;0;3;0;0;0;0
"01/03/2022";"02:55:00";"11";"Atropelame";"341";"BR-101/SC";"Sul";"Atropelamento - Andarilho";1;0;0;0;0;0;0;0;0;0;1;0;0;0;1
"01/03/2022";"05:21:00";"16";"Acidente s";"298";"BR-101/SC";"Sul";"Colisão - Traseira";1;0;0;0;0;0;0;1;0;0;2;0;0;0;0
"01/03/2022";"09:10:00";"32";"Acidente s";"317";"BR-101/SC";"Sul";"Colisão - Traseira";2;0;0;0;0;0;0;0;0;0;7;0;0;0;0
"01/03/2022";"09:53:00";"38";"Acidente c";"447";"BR-101/SC";"Sul";"Queda de moto";1;0;0;0;0;0;0;0;0;0;0;2;0;0;0
"01/03/2022";"11:01:00";"48";"Acidente s";"390";"BR-101/SC";"Norte";"Saída de pista";1;0;0;0;0;0;0;0;0;0;1;0;0;0;0
"01/03/2022";"11:50:00";"57";"Acidente s";"363";"BR-101/SC";"Norte";"Colisão - Traseira";1;0;0;0;0;0;0;0;0;1;4;0;0;0;0
"01/03/2022";"11:54:00";"60";"Acidente s";"363";"BR-101/SC";"Norte";"Colisão - Traseira";2;0;0;0;0;0;0;0;0;0;8;0;0;0;0
"01/03/2022";"12:23:00";"62";"Acidente s";"257";"BR-101/SC";"Sul";"Colisão - Traseira";2;0;0;0;0;0;0;0;0;0;2;0;0;0;0
"01/03/2022";"12:33:00";"64";"Acidente s";"381";"BR-101/SC";"Sul";"Colisão - Traseira";2;0;0;0;0;0;0;0;0;0;4;0;0;0;0
"01/03/2022";"12:45:00";"65";"Acidente s";"388";"BR-101/SC";"Norte";"Colisão - Traseira";0;0;0;0;0;0;0;0;0;0;2;0;0;0;0
"01/03/2022";"12:57:00";"67";"Acidente s";"391";"BR-101/SC";"Sul";"Colisão - Traseira";2;0;0;0;0;0;0;0;0;0;5;0;0;0;0
"01/03/2022";"13:14:00";"69";"Acidente c";"336";"BR-101/SC";"Sul";"Engavetamento";5;0;0;0;0;0;0;0;0;0;8;1;0;0;0
"01/03/2022";"13:29:00";"72";"Acidente s";"439";"BR-101/SC";"Sul";"Colisão - Traseira";2;0;0;0;0;0;0;0;0;0;7;0;0;0;0
"01/03/2022";"14:14:00";"76";"Acidente s";"435";"BR-101/SC";"Sul";"Colisão - Traseira";4;0;0;0;0;0;0;0;0;0;14;0;0;0;0
"01/03/2022";"14:44:00";"83";"Acidente s";"266";"BR-101/SC";"Sul";"Colisão - Traseira";2;0;0;0;0;0;0;0;0;0;8;0;0;0;0
"01/03/2022";"15:09:00";"85";"Acidente c";"327";"BR-101/SC";"Sul";"Colisão - Transversal";2;0;1;0;0;0;0;0;0;0;5;1;0;0;0
"01/03/2022";"15:14:00";"88";"Acidente s";"328";"BR-101/SC";"Sul";"Colisão - Traseira";2;0;0;0;0;0;0;0;0;0;7;0;0;0;0
"01/03/2022";"15:27:00";"89";"Acidente s";"403";"BR-101/SC";"Sul";"Colisão - Traseira";2;0;0;0;0;0;0;0;0;0;7;0;0;0;0
"01/03/2022";"15:59:00";"94";"Acidente c";"434";"BR-101/SC";"Sul";"Colisão - Lateral";1;0;0;1;0;0;0;0;0;0;2;1;0;0;0
"01/03/2022";"18:00:00";"109";"Acidente s";"323";"BR-101/SC";"Sul";"Colisão - Traseira";2;0;0;0;0;0;0;0;0;0;2;0;0;0;0
"01/03/2022";"20:52:00";"143";"Acidente c";"421";"BR-101/SC";"Norte";"Colisão - Traseira";2;0;0;0;0;0;0;0;0;0;4;1;0;0;0
"02/03/2022";"00:35:00";"1";"Acidente s";"405";"BR-101/SC";"Sul";"Colisão - Traseira";0;0;0;0;0;0;0;1;0;0;2;0;0;0;0
"02/03/2022";"06:20:00";"20";"Acidente s";"338";"BR-101/SC";"Sul";"Saída de pista";1;0;0;0;0;0;0;0;0;0;1;0;0;0;0
"02/03/2022";"11:44:00";"55";"Acidente s";"331";"BR-101/SC";"Norte";"Colisão - Lateral";1;0;0;1;0;0;0;0;0;0;2;0;0;0;0
"02/03/2022";"17:02:00";"91";"Acidente c";"275";"BR-101/SC";"Norte";"Colisão - Frontal";1;0;0;1;0;0;0;0;0;0;1;0;1;0;0
"02/03/2022";"19:04:00";"108";"Acidente s";"298";"BR-101/SC";"Sul";"Colisão - Traseira";1;0;0;0;0;0;0;0;0;1;6;0;0;0;0
"02/03/2022";"19:54:00";"113";"Acidente c";"410";"BR-101/SC";"Sul";"Colisão - Frontal";2;0;0;0;0;0;0;0;0;1;3;0;1;0;0
"02/03/2022";"21:10:00";"118";"Acidente c";"399";"BR-101/SC";"Norte";"Colisão - Lateral";1;0;0;1;0;0;0;0;0;0;4;1;0;0;0
"03/03/2022";"18:16:00";"107";"Acidente s";"359";"BR-101/SC";"Norte";"Colisão - Traseira";1;0;0;0;0;0;0;0;0;1;4;0;0;0;0
"03/03/2022";"18:33:00";"108";"Acidente s";"336";"BR-101/SC";"Sul";"Colisão - Traseira";2;0;0;0;0;0;0;0;0;0;3;0;0;0;0
"03/03/2022";"19:45:00";"117";"Acidente s";"358";"BR-101/SC";"Norte";"Atropelamento de Animal";0;0;0;0;0;0;0;0;0;1;1;0;0;0;0
"03/03/2022";"21:28:00";"129";"Acidente c";"330";"BR-101/SC";"Norte";"Queda de moto";0;0;0;1;0;0;0;0;0;0;1;1;0;0;0
"03/03/2022";"22:55:00";"138";"Acidente c";"306";"BR-101/SC";"Sul";"Queda de moto";1;0;0;1;0;0;0;0;0;0;1;0;1;0;0
"04/03/2022";"07:35:00";"21";"Acidente s";"298";"BR-101/SC";"Norte";"Colisão - Traseira";0;0;1;0;0;0;0;0;0;1;2;0;0;0;0
"04/03/2022";"08:22:00";"32";"Acidente s";"366";"BR-101/SC";"Norte";"Colisão - Lateral";1;0;0;0;0;0;0;0;0;1;4;0;0;0;0
"04/03/2022";"11:55:00";"53";"Acidente c";"334";"BR-101/SC";"Norte";"Outros";0;0;0;1;0;0;0;0;0;0;0;1;0;0;0
"04/03/2022";"20:19:00";"85";"Acidente c";"278";"BR-101/SC";"Norte";"Capotamento";1;0;0;0;0;0;0;0;0;0;0;1;0;0;0
"04/03/2022";"22:20:00";"99";"Acidente s";"343";"BR-101/SC";"Sul";"Saída de pista";1;0;0;0;0;0;0;0;0;0;2;0;0;0;0
"05/03/2022";"00:47:00";"2";"Acidente s";"381";"BR-101/SC";"Sul";"Capotamento";1;0;0;0;0;0;0;0;0;0;1;0;0;0;0
"05/03/2022";"01:46:00";"4";"Acidente c";"308";"BR-101/SC";"Norte";"Saída de pista";1;0;0;0;0;0;0;0;0;0;1;0;1;0;0
"05/03/2022";"18:46:00";"80";"Acidente c";"332";"BR-101/SC";"Sul";"Queda de moto";0;0;0;1;0;0;0;0;0;0;0;1;0;0;0
"05/03/2022";"19:41:00";"84";"Acidente c";"415";"BR-101/SC";"Norte";"Colisão - Frontal";2;0;0;0;0;0;0;0;0;0;1;1;0;0;0
"06/03/2022";"14:53:00";"56";"Acidente s";"288";"BR-101/SC";"Norte";"Saída de pista";1;0;0;0;0;0;0;0;0;0;2;0;0;0;0
"06/03/2022";"16:21:00";"61";"Acidente s";"379";"BR-101/SC";"Norte";"Colisão - Lateral";0;0;0;0;0;0;0;0;0;2;52;0;0;0;0
"06/03/2022";"19:23:00";"79";"Acidente s";"298";"BR-101/SC";"Sul";"Colisão - Traseira";2;0;0;0;0;0;0;0;0;0;4;0;0;0;0
"06/03/2022";"19:49:00";"84";"Acidente s";"259";"BR-101/SC";"Norte";"Saída de pista";1;0;0;0;0;0;0;0;0;0;1;0;0;0;0
"06/03/2022";"22:52:00";"99";"Acidente s";"432";"BR-101/SC";"Norte";"Saída de pista";1;0;0;0;0;0;0;0;0;0;2;0;0;0;0
"06/03/2022";"23:16:00";"100";"Acidente s";"416";"BR-101/SC";"Norte";"Colisão - Traseira";2;0;0;0;0;0;0;0;0;0;2;0;0;0;0
"07/03/2022";"05:07:00";"7";"Acidente s";"247";"BR-101/SC";"Norte";"Saída de pista";1;0;0;0;0;0;0;0;0;0;6;0;0;0;0
"07/03/2022";"15:33:00";"78";"Acidente c";"330";"BR-101/SC";"Sul";"Colisão - Lateral";2;0;0;0;0;0;0;0;0;0;5;2;0;0;0
"07/03/2022";"18:30:00";"92";"Acidente s";"343,8";"BR-101/SC";"Sul";"Saída de pista";1;0;0;0;0;0;0;0;0;0;1;0;0;0;0
"07/03/2022";"20:01:00";"110";"Atropelame";"277,5";"BR-101/SC";"Norte";"Atropelamento - Usuário";1;0;0;0;0;0;0;0;0;0;1;1;0;0;0
"07/03/2022";"21:11:00";"119";"Acidente c";"285";"BR-101/SC";"Norte";"Saída de pista";1;0;0;0;0;0;0;0;0;0;0;1;0;0;0
"08/03/2022";"09:04:00";"39";"Acidente c";"327";"BR-101/SC";"Norte";"Colisão - Traseira";1;0;0;0;0;0;0;0;0;2;3;1;0;0;0
"08/03/2022";"15:43:00";"73";"Acidente s";"379";"BR-101/SC";"Sul";"Colisão - Lateral";1;0;0;0;0;0;0;1;0;0;2;0;0;0;0
"08/03/2022";"22:53:00";"105";"Acidente s";"380";"BR-101/SC";"Sul";"Choque Barreira";1;0;0;0;0;0;0;0;0;0;1;0;0;0;0
"09/03/2022";"03:52:00";"12";"Acidente s";"309";"BR-101/SC";"Norte";"Saída de pista";0;0;0;0;0;0;0;0;0;1;1;0;0;0;0
"09/03/2022";"07:55:00";"44";"Acidente s";"425";"BR-101/SC";"Norte";"Colisão - Traseira";2;0;0;0;0;0;0;0;0;0;2;0;0;0;0
"09/03/2022";"23:39:00";"152";"Acidente s";"345";"BR-101/SC";"Sul";"Colisão - Lateral";1;0;0;0;0;0;0;0;0;1;2;0;0;0;0
"10/03/2022";"06:48:00";"11";"Acidente s";"390";"BR-101/SC";"Norte";"Colisão - Lateral";1;0;0;0;0;0;0;1;0;0;4;0;0;0;0
"10/03/2022";"11:19:00";"59";"Acidente s";"333";"BR-101/SC";"Norte";"Colisão - Transversal";1;0;0;0;0;0;0;0;0;1;4;0;0;0;0
"10/03/2022";"19:11:00";"104";"Acidente s";"262";"BR-101/SC";"Sul";"Outros";1;0;0;0;0;0;0;0;0;0;1;0;0;0;0
"10/03/2022";"20:02:00";"109";"Acidente s";"397";"BR-101/SC";"Sul";"Saída de pista";1;0;0;0;0;0;0;0;0;0;1;0;0;0;0
"10/03/2022";"20:09:00";"110";"Acidente s";"256";"BR-101/SC";"Norte";"Choque Barreira";1;0;0;0;0;0;0;0;0;0;3;0;0;0;0
"11/03/2022";"02:57:00";"9";"Acidente s";"418";"BR-101/SC";"Sul";"Tombamento";0;0;0;0;0;0;0;0;0;1;1;0;0;0;0
"11/03/2022";"06:25:00";"19";"Acidente s";"358";"BR-101/SC";"Sul";"Saída de pista";1;0;0;0;0;0;0;0;0;0;4;0;0;0;0
"11/03/2022";"06:49:00";"22";"Acidente s";"364";"BR-101/SC";"Norte";"Saída de pista";1;0;0;0;0;0;0;0;0;0;1;0;0;0;0
"11/03/2022";"13:24:00";"78";"Acidente s";"327";"BR-101/SC";"Sul";"Colisão - Traseira";2;0;0;0;0;0;0;0;0;0;1;1;0;0;0
"11/03/2022";"17:11:00";"100";"Acidente c";"402";"BR-101/SC";"Norte";"Choque Barreira";2;0;0;0;0;0;0;0;0;0;2;0;1;0;0
"11/03/2022";"18:10:00";"104";"Acidente s";"381";"BR-101/SC";"Norte";"Saída de pista";1;0;0;0;0;0;0;0;0;0;1;0;0;0;0
"11/03/2022";"18:29:00";"107";"Acidente s";"440";"BR-101/SC";"Norte";"Engavetamento";3;0;0;0;0;0;0;0;0;0;3;0;0;0;0
"11/03/2022";"20:05:00";"110";"Acidente s";"277";"BR-101/SC";"Norte";"Colisão - Traseira";1;0;0;0;0;0;0;1;0;0;3;0;0;0;0
"11/03/2022";"20:13:00";"112";"Acidente c";"323";"BR-101/SC";"Sul";"Choque Barreira";1;0;0;0;0;0;0;0;0;0;0;1;0;0;0
"11/03/2022";"20:21:00";"113";"Acidente s";"253";"BR-101/SC";"Norte";"Saída de pista";1;0;0;0;0;0;0;0;0;0;4;0;0;0;0
"11/03/2022";"22:41:00";"129";"Atropelame";"353";"BR-101/SC";"Norte";"Atropelamento - Suicida";1;0;0;0;0;0;0;0;0;1;1;0;0;0;1
"11/03/2022";"22:53:00";"133";"Acidente s";"352";"BR-101/SC";"Sul";"Saída de pista";1;0;0;0;0;0;0;0;0;0;1;0;0;0;0
"11/03/2022";"22:58:00";"135";"Acidente s";"257";"BR-101/SC";"Norte";"Saída de pista";1;0;0;0;0;0;0;0;0;0;1;0;0;0;0
"12/03/2022";"06:58:00";"18";"Acidente s";"382";"BR-101/SC";"Norte";"Saída de pista";1;0;0;0;0;0;0;0;0;0;1;0;0;0;0
"12/03/2022";"08:43:00";"34";"Acidente s";"344";"BR-101/SC";"Sul";"Colisão - Traseira";2;0;0;0;0;0;0;0;0;0;5;0;0;0;0
"12/03/2022";"15:16:00";"62";"Acidente s";"272";"BR-101/SC";"Sul";"Choque Defensa";1;0;0;0;0;0;0;0;0;0;3;0;0;0;0
"12/03/2022";"18:43:00";"71";"Acidente s";"404";"BR-101/SC";"Norte";"Colisão - Traseira";2;0;0;0;0;0;0;0;0;0;3;0;0;0;0
"12/03/2022";"19:28:00";"77";"Acidente c";"395";"BR-101/SC";"Norte";"Colisão - Traseira";2;0;0;0;0;0;0;0;0;1;7;3;0;1;0
"12/03/2022";"21:20:00";"81";"Atropelame";"361";"BR-101/SC";"Sul";"Atropelamento - Usuário";1;0;0;0;0;0;0;0;0;0;3;0;0;0;0
"12/03/2022";"23:41:00";"87";"Acidente s";"405";"BR-101/SC";"Norte";"Colisão - Traseira";3;0;0;0;0;0;0;0;0;0;5;0;0;0;0
"13/03/2022";"03:21:00";"8";"Acidente s";"435";"BR-101/SC";"Sul";"Saída de pista";1;0;0;0;0;0;0;0;0;0;2;0;0;0;0
"13/03/2022";"05:07:00";"14";"Acidente s";"264";"BR-101/SC";"Norte";"Choque Barreira";1;0;0;0;0;0;0;0;0;0;1;0;0;0;0
"13/03/2022";"06:18:00";"18";"Acidente s";"441";"BR-101/SC";"Norte";"Choque - Pilar";1;0;0;0;0;0;0;0;0;0;1;0;0;0;0
"13/03/2022";"12:35:00";"51";"Acidente s";"381";"BR-101/SC";"Norte";"Saída de pista";1;0;0;0;0;0;0;0;0;0;1;0;0;0;0
"13/03/2022";"16:10:00";"72";"Acidente c";"286,7";"BR-101/SC";"Sul";"Choque Defensa";2;0;0;0;0;0;0;0;0;0;2;1;0;0;0
"13/03/2022";"18:27:00";"85";"Acidente s";"367";"BR-101/SC";"Norte";"Queda de moto";0;0;0;1;0;0;0;0;0;0;1;0;0;0;0
"13/03/2022";"20:15:00";"98";"Acidente c";"368";"BR-101/SC";"Sul";"Saída de pista";1;0;0;0;0;0;0;0;0;0;1;3;0;0;0
"13/03/2022";"22:39:00";"108";"Acidente s";"378";"BR-101/SC";"Norte";"Saída de pista";1;0;0;0;0;0;0;0;0;0;2;0;0;0;0
"14/03/2022";"04:34:00";"16";"Acidente s";"378";"BR-101/SC";"Sul";"Saída de pista";1;0;0;0;0;0;0;0;0;0;1;0;0;0;0
"14/03/2022";"05:09:00";"17";"Acidente s";"463";"BR-101/SC";"Norte";"Saída de pista";1;0;0;0;0;0;0;0;0;0;4;0;0;0;0
"14/03/2022";"09:15:00";"47";"Acidente s";"298";"BR-101/SC";"Norte";"Colisão - Traseira";2;0;0;0;0;0;0;0;0;0;4;0;0;0;0
"14/03/2022";"16:22:00";"93";"Acidente s";"298";"BR-101/SC";"Sul";"Colisão - Transversal";2;0;0;0;0;0;0;0;0;0;5;0;0;0;0
"14/03/2022";"16:50:00";"96";"Acidente s";"428";"BR-101/SC";"Norte";"Colisão - Transversal";1;0;0;0;0;0;0;0;0;0;2;0;0;0;0
"14/03/2022";"21:13:00";"120";"Acidente s";"298";"BR-101/SC";"Norte";"Colisão - Traseira";0;0;0;2;0;0;0;0;0;1;3;0;0;0;0
"15/03/2022";"01:58:00";"4";"Atropelame";"424";"BR-101/SC";"Norte";"Atropelamento - Usuário";1;0;0;0;0;0;0;0;0;0;3;0;0;0;1
"15/03/2022";"05:41:00";"11";"Acidente c";"309";"BR-101/SC";"Norte";"Saída de pista";1;0;0;0;0;0;0;0;0;0;5;1;0;0;0
"15/03/2022";"15:32:00";"79";"Acidente s";"332";"BR-101/SC";"Norte";"Colisão - Traseira";1;0;0;0;0;0;0;1;0;0;3;0;0;0;0
"15/03/2022";"18:31:00";"83";"Acidente s";"302";"BR-101/SC";"Sul";"Tombamento";0;0;0;0;0;0;0;0;0;1;1;0;0;0;0
"15/03/2022";"21:11:00";"88";"Acidente c";"341";"BR-101/SC";"Sul";"Queda de moto";0;0;0;1;0;0;0;0;0;0;0;1;0;0;0
"16/03/2022";"01:13:00";"1";"Acidente s";"369";"BR-101/SC";"Norte";"Saída de pista";1;0;0;0;0;0;0;0;0;0;1;0;0;0;0
"16/03/2022";"11:26:00";"71";"Acidente c";"443";"BR-101/SC";"Sul";"Colisão - Lateral";1;0;0;1;0;0;0;0;0;1;0;1;0;0;0
"16/03/2022";"11:44:00";"73";"Acidente s";"443";"BR-101/SC";"Sul";"Colisão - Traseira";3;0;0;0;0;0;0;0;0;0;6;0;0;0;0
"16/03/2022";"19:39:00";"110";"Acidente s";"282";"BR-101/SC";"Norte";"Saída de pista";1;0;0;0;0;0;0;0;0;0;1;0;0;0;0
"16/03/2022";"20:11:00";"115";"Acidente s";"343";"BR-101/SC";"Sul";"Saída de pista";1;0;0;0;0;0;0;0;0;0;1;0;0;0;0
"17/03/2022";"07:53:00";"37";"Acidente s";"368";"BR-101/SC";"Sul";"Colisão - Transversal";1;0;0;0;0;0;0;0;0;1;3;0;0;0;0
"17/03/2022";"09:08:00";"47";"Acidente s";"455";"BR-101/SC";"Sul";"Choque Barreira";1;0;0;0;0;0;0;0;0;0;2;0;0;0;0
"17/03/2022";"11:34:00";"62";"Acidente c";"331";"BR-101/SC";"Norte";"Choque Barreira";0;0;0;0;0;0;0;0;0;1;0;0;1;0;0
"17/03/2022";"21:22:00";"125";"Acidente s";"343,5";"BR-101/SC";"Sul";"Capotamento";1;0;0;0;0;0;0;0;0;0;1;0;0;0;0
"18/03/2022";"03:45:00";"13";"Acidente c";"327";"BR-101/SC";"Norte";"Choque Barreira";1;0;0;0;0;0;0;0;0;0;0;0;1;0;0
"18/03/2022";"04:26:00";"16";"Acidente s";"247,5";"BR-101/SC";"Norte";"Saída de pista";0;0;0;0;0;0;0;0;0;1;0;1;0;0;0
"18/03/2022";"08:53:00";"55";"Acidente s";"298";"BR-101/SC";"Norte";"Colisão - Traseira";1;0;0;1;0;0;0;0;0;0;3;0;0;0;0
"18/03/2022";"15:11:00";"87";"Acidente c";"383";"BR-101/SC";"Norte";"Choque com veículo no acostamento";1;0;0;0;0;0;0;1;0;0;2;1;1;0;0
"18/03/2022";"15:19:00";"88";"Acidente s";"383";"BR-101/SC";"Sul";"Colisão - Traseira";2;0;0;0;0;0;0;0;0;0;2;0;0;0;0
"18/03/2022";"16:37:00";"96";"Acidente s";"353";"BR-101/SC";"Norte";"Outros";0;0;0;0;0;0;0;0;0;0;2;0;0;0;0
"18/03/2022";"17:14:00";"98";"Acidente s";"338";"BR-101/SC";"Sul";"Colisão - Traseira";1;0;0;0;0;0;0;0;0;1;1;0;0;0;0
"18/03/2022";"18:10:00";"104";"Acidente c";"287";"BR-101/SC";"Norte";"Choque Defensa";1;0;0;0;0;0;0;0;0;0;1;0;3;0;0
"18/03/2022";"18:28:00";"106";"Acidente s";"273";"BR-101/SC";"Norte";"Colisão - Frontal";2;0;0;0;0;0;0;0;0;0;4;0;0;0;0
"18/03/2022";"19:06:00";"109";"Acidente c";"426";"BR-101/SC";"Norte";"Colisão - Traseira";1;0;0;1;0;0;0;0;0;0;1;1;0;0;0
"18/03/2022";"20:14:00";"116";"Acidente s";"320";"BR-101/SC";"Norte";"Colisão - Traseira";0;0;0;0;0;0;0;1;0;1;2;0;0;0;0
"19/03/2022";"04:58:00";"10";"Acidente c";"331,9";"BR-101/SC";"Norte";"Tombamento";0;0;0;0;0;0;0;1;0;0;0;1;0;0;0
"19/03/2022";"08:07:00";"31";"Acidente s";"327";"BR-101/SC";"Sul";"Choque Barreira";1;0;0;0;0;0;0;0;0;0;1;0;0;0;0
"19/03/2022";"09:17:00";"39";"Acidente c";"320";"BR-101/SC";"Ambos";"Colisão - Lateral";2;0;0;0;0;0;0;0;0;0;1;1;0;0;0
"19/03/2022";"09:24:00";"40";"Acidente s";"330";"BR-101/SC";"Norte";"Colisão - Lateral";2;0;0;0;0;0;0;0;0;0;4;0;0;0;0
"19/03/2022";"11:18:00";"54";"Acidente c";"270";"BR-101/SC";"Sul";"Saída de pista";0;0;0;1;0;0;0;0;0;0;0;0;1;0;0