data;horario;n_da_ocorrencia;tipo_de_ocorrencia;km;trecho;sentido;tipo_de_acidente;automovel;bicicleta;caminhao;moto;onibus;outros;tracao_animal;transporte_de_cargas_especiais;trator_maquinas;utilitarios;ilesos;levemente_feridos;moderadamente_feridos;gravemente_feridos;mortos
"19/03/2022";"12:41:00";"65";"Acidente c";"331";"BR-101/SC";"Sul";"Colisão - Lateral";1;0;0;0;0;0;0;0;0;1;4;3;0;0;0
"19/03/2022";"18:16:00";"98";"Acidente s";"306";"BR-101/SC";"Norte";"Choque Barreira";1;0;0;0;0;0;0;0;0;1;4;0;0;0;0
"20/03/2022";"04:33:00";"9";"Acidente c";"288";"BR-101/SC";"Sul";"Colisão - Frontal";0;0;0;1;0;0;0;1;0;0;1;0;0;0;1
"20/03/2022";"06:41:00";"13";"Acidente s";"450";"BR-101/SC";"Norte";"Outros";1;0;0;0;0;0;0;0;0;0;1;0;0;0;0
"20/03/2022";"12:13:00";"37";"Acidente s";"345";"BR-101/SC";"Sul";"Colisão - Traseira";2;0;0;0;0;0;0;0;0;0;4;0;0;0;0
"20/03/2022";"12:33:00";"38";"Acidente c";"288";"BR-101/SC";"Sul";"Colisão - Lateral";1;0;0;1;0;0;0;0;0;0;1;0;1;0;0
"20/03/2022";"13:45:00";"44";"Acidente s";"319";"BR-101/SC";"Norte";"Colisão - Traseira";2;0;0;0;0;0;0;0;0;0;4;0;0;0;0
"20/03/2022";"20:17:00";"82";"Acidente c";"259,3";"BR-101/SC";"Norte";"Saída de pista";1;0;0;0;0;0;0;0;0;0;0;1;0;0;0
"20/03/2022";"22:38:00";"95";"Acidente s";"356";"BR-101/SC";"Sul";"Choque Defensa";1;0;0;0;0;0;0;0;0;0;6;0;0;0;0
"21/03/2022";"00:34:00";"3";"Acidente s";"354";"BR-101/SC";"Sul";"Saída de pista";1;0;0;0;0;0;0;0;0;0;1;0;0;0;0
"21/03/2022";"03:33:00";"12";"Acidente s";"264";"BR-101/SC";"Sul";"Saída de pista";1;0;0;0;0;0;0;0;0;0;5;0;0;0;0
"22/03/2022";"08:19:00";"36";"Acidente s";"276";"BR-101/SC";"Norte";"Colisão - Traseira";3;0;0;0;0;0;0;0;0;0;3;0;0;0;0
"22/03/2022";"15:36:00";"80";"Acidente s";"296";"BR-101/SC";"Norte";"Colisão - Lateral";2;0;0;0;0;0;0;0;0;0;2;0;0;0;0
"22/03/2022";"16:41:00";"87";"Acidente s";"314";"BR-101/SC";"Sul";"Choque Defensa";1;0;0;0;0;0;0;0;0;0;1;0;0;0;0
"23/03/2022";"06:46:00";"11";"Acidente c";"311";"BR-101/SC";"Norte";"Colisão - Lateral";2;0;0;0;0;0;0;0;0;0;1;0;1;0;0
"23/03/2022";"10:32:00";"60";"Acidente s";"416";"BR-101/SC";"Sul";"Colisão - Lateral";2;0;0;0;0;0;0;0;0;0;2;0;0;0;0
"23/03/2022";"13:40:00";"74";"Atropelame";"289";"BR-101/SC";"Norte";"Atropelamento - Suicida";1;0;0;0;0;0;0;0;0;0;6;0;1;0;0
"23/03/2022";"20:03:00";"113";"Acidente s";"301";"BR-101/SC";"Norte";"Engavetamento";3;0;0;0;0;0;0;2;0;0;6;0;0;0;0
"23/03/2022";"20:06:00";"114";"Acidente s";"397";"BR-101/SC";"Norte";"Capotamento";1;0;0;0;0;0;0;0;0;0;1;0;0;0;0
"23/03/2022";"20:18:00";"116";"Acidente s";"301";"BR-101/SC";"Norte";"Colisão - Traseira";0;0;0;0;0;0;0;1;0;1;2;0;0;0;0
"24/03/2022";"05:39:00";"8";"Acidente s";"284";"BR-101/SC";"Norte";"Queda de Carga";0;0;0;0;0;0;0;0;0;1;1;0;0;0;0
"24/03/2022";"06:02:00";"11";"Acidente s";"316";"BR-101/SC";"Norte";"Tombamento";0;0;0;0;0;0;0;0;0;1;1;0;0;0;0
"24/03/2022";"09:18:00";"36";"Acidente c";"327,2";"BR-101/SC";"Sul";"Capotamento";1;0;0;0;0;0;0;0;0;0;1;0;1;0;0
"24/03/2022";"09:57:00";"41";"Acidente s";"326,8";"BR-101/SC";"Sul";"Colisão - Traseira";1;0;0;0;0;0;0;0;0;1;3;0;0;0;0
"24/03/2022";"10:44:00";"47";"Acidente c";"460";"BR-101/SC";"Norte";"Colisão - Traseira";1;0;0;1;0;0;0;0;0;0;2;0;1;0;0
"24/03/2022";"15:15:00";"64";"Acidente s";"403";"BR-101/SC";"Norte";"Colisão - Traseira";1;0;0;1;0;0;0;0;0;1;3;0;0;0;0
"26/03/2022";"15:12:00";"75";"Acidente s";"338,4";"BR-101/SC";"Norte";"Colisão - Lateral";0;0;1;0;0;0;0;0;0;1;2;0;0;0;0
"26/03/2022";"17:29:00";"84";"Acidente c";"393";"BR-101/SC";"Norte";"Saída de pista";1;0;0;0;0;0;0;0;0;0;3;1;2;0;0
"26/03/2022";"19:46:00";"97";"Acidente c";"432";"BR-101/SC";"Norte";"Colisão - Traseira";2;0;0;0;0;0;0;0;0;0;1;2;0;0;0
"26/03/2022";"21:33:00";"103";"Acidente c";"383";"BR-101/SC";"Norte";"Saída de pista";1;0;0;0;0;0;0;0;0;0;0;1;0;0;0
"27/03/2022";"01:49:00";"7";"Acidente s";"440";"BR-101/SC";"Norte";"Colisão - Lateral";2;0;0;0;0;0;0;0;0;0;4;0;0;0;0
"27/03/2022";"05:01:00";"14";"Acidente c";"292";"BR-101/SC";"Norte";"Choque Barreira";1;0;0;0;0;0;0;0;0;0;0;0;1;0;0
"27/03/2022";"17:03:00";"83";"Acidente s";"314";"BR-101/SC";"Sul";"Colisão - Traseira";1;0;0;0;0;0;0;1;0;0;2;0;0;0;0
"27/03/2022";"18:08:00";"88";"Acidente s";"350";"BR-101/SC";"Sul";"Queda de moto";0;0;0;1;0;0;0;0;0;0;0;1;0;0;0
"27/03/2022";"18:41:00";"90";"Acidente s";"405";"BR-101/SC";"Norte";"Colisão - Transversal";2;0;0;0;0;0;0;0;0;0;5;0;0;0;0
"27/03/2022";"19:23:00";"100";"Acidente s";"331";"BR-101/SC";"Sul";"Queda de moto";0;0;0;1;0;0;0;0;0;0;0;1;0;0;0
"27/03/2022";"20:04:00";"104";"Acidente s";"430,9";"BR-101/SC";"Sul";"Colisão - Lateral";2;0;0;0;0;0;0;0;0;0;4;0;0;0;0
"28/03/2022";"07:26:00";"29";"Acidente s";"386";"BR-101/SC";"Norte";"Queda de moto";0;0;0;1;0;0;0;0;0;0;1;0;0;0;0
"28/03/2022";"13:55:00";"95";"Acidente s";"327";"BR-101/SC";"Sul";"Colisão - Traseira";2;0;0;0;0;0;0;0;0;0;2;0;0;0;0
"28/03/2022";"14:40:00";"97";"Acidente s";"361";"BR-101/SC";"Norte";"Saída de pista";1;0;0;0;0;0;0;0;0;0;1;0;0;0;0
"28/03/2022";"14:51:00";"99";"Acidente c";"337";"BR-101/SC";"Sul";"Choque Defensa";0;0;0;1;0;0;0;0;0;0;0;1;0;0;0
"28/03/2022";"16:49:00";"107";"Acidente s";"371";"BR-101/SC";"Norte";"Tombamento";1;0;0;0;0;0;0;0;0;0;1;0;0;0;0
"28/03/2022";"20:36:00";"135";"Acidente s";"360";"BR-101/SC";"Sul";"Saída de pista";1;0;0;0;0;0;0;0;0;0;1;0;0;0;0
"28/03/2022";"22:46:00";"146";"Acidente s";"289";"BR-101/SC";"Norte";"Colisão - Lateral";2;0;0;0;0;0;0;0;0;0;2;0;0;0;0
"29/03/2022";"08:05:00";"40";"Acidente s";"381";"BR-101/SC";"Sul";"Colisão - Traseira";0;0;0;0;0;0;0;0;0;1;1;0;0;0;0
"30/03/2022";"03:45:00";"8";"Acidente s";"325";"BR-101/SC";"Sul";"Colisão - Traseira";0;0;0;0;0;0;0;1;0;1;2;0;0;0;0
"30/03/2022";"21:53:00";"117";"Acidente c";"303";"BR-101/SC";"Sul";"Saída de pista";1;0;0;0;0;0;0;0;0;0;2;0;1;0;0
"31/03/2022";"01:13:00";"2";"Acidente s";"450";"BR-101/SC";"Sul";"Colisão - Frontal";1;0;0;0;0;0;0;0;0;1;2;0;0;0;0
"31/03/2022";"11:20:00";"83";"Acidente c";"279";"BR-101/SC";"Norte";"Queda de moto";0;0;0;1;0;0;0;0;0;0;0;1;0;0;0
"31/03/2022";"14:38:00";"105";"Acidente s";"336";"BR-101/SC";"Sul";"Colisão - Traseira";2;0;0;0;0;0;0;0;0;0;3;0;0;0;0
"31/03/2022";"19:51:00";"133";"Acidente c";"335";"BR-101/SC";"Norte";"Queda de moto";0;0;0;1;0;0;0;0;0;0;0;1;0;0;0
"01/04/2022";"06:18:00";"17";"Acidente s";"407";"BR-101/SC";"Norte";"Saída de pista";1;0;0;0;0;0;0;0;0;0;1;0;0;0;0
"01/04/2022";"09:09:00";"58";"Acidente c";"252";"BR-101/SC";"Sul";"Saída de pista";1;0;0;0;0;0;0;0;0;0;0;1;0;0;0
"01/04/2022";"23:11:00";"158";"Acidente s";"315";"BR-101/SC";"Norte";"Choque Barreira";1;0;0;0;0;0;0;0;0;0;1;0;0;0;0
"02/04/2022";"03:36:00";"9";"Acidente s";"339";"BR-101/SC";"Sul";"Saída de pista";1;0;0;0;0;0;0;0;0;0;2;0;0;0;0
"02/04/2022";"10:35:00";"61";"Acidente s";"327";"BR-101/SC";"Sul";"Colisão - Traseira";2;0;0;0;0;0;0;0;0;0;3;0;0;0;0
"02/04/2022";"10:43:00";"62";"Acidente s";"404";"BR-101/SC";"Sul";"Choque Praça - Submarino";1;0;0;0;0;0;0;0;0;0;2;0;0;0;0
"02/04/2022";"16:21:00";"89";"Acidente s";"421";"BR-101/SC";"Sul";"Colisão - Lateral";1;0;0;0;0;0;0;0;0;1;6;0;0;0;0
"02/04/2022";"18:53:00";"104";"Acidente s";"359";"BR-101/SC";"Sul";"Saída de pista";1;0;0;0;0;0;0;0;0;0;2;0;0;0;0
"02/04/2022";"20:14:00";"111";"Acidente c";"359";"BR-101/SC";"Sul";"Saída de pista";1;0;0;0;0;0;0;0;0;0;1;1;0;0;0
"02/04/2022";"21:23:00";"114";"Acidente s";"308";"BR-101/SC";"Norte";"Choque com objeto sobre a pista";3;0;1;0;0;0;0;0;0;0;7;0;0;0;0
"02/04/2022";"22:29:00";"121";"Acidente s";"316";"BR-101/SC";"Norte";"Colisão - Traseira";1;0;0;0;0;0;0;0;0;1;2;0;0;0;0
"02/04/2022";"22:50:00";"122";"Acidente s";"321";"BR-101/SC";"Norte";"Saída de pista";1;0;0;0;0;0;0;0;0;0;1;0;0;0;0
"02/04/2022";"23:20:00";"124";"Acidente s";"354";"BR-101/SC";"Norte";"Colisão - Traseira";0;0;0;0;0;0;0;1;0;1;3;0;0;0;0
"03/04/2022";"05:09:00";"9";"Acidente s";"281";"BR-101/SC";"Norte";"Saída de pista";1;0;0;0;0;0;0;0;0;0;1;0;0;0;0
"03/04/2022";"05:35:00";"12";"Acidente s";"417";"BR-101/SC";"Norte";"Saída de pista";1;0;0;0;0;0;0;0;0;0;3;0;0;0;0
"03/04/2022";"06:18:00";"14";"Acidente s";"413";"BR-101/SC";"Sul";"Outros";1;0;0;0;0;0;0;0;0;0;2;0;0;0;0
"03/04/2022";"11:40:00";"39";"Acidente c";"442";"BR-101/SC";"Sul";"Capotamento";1;0;0;0;0;0;0;0;0;0;0;0;0;2;1
"03/04/2022";"12:50:00";"45";"Acidente s";"436";"BR-101/SC";"Sul";"Colisão - Lateral";2;0;0;0;0;0;0;0;0;0;3;0;0;0;0
"03/04/2022";"15:04:00";"57";"Acidente s";"411";"BR-101/SC";"Norte";"Queda de moto";0;0;0;1;0;0;0;0;0;0;2;0;0;0;0
"03/04/2022";"15:36:00";"61";"Acidente s";"383";"BR-101/SC";"Norte";"Saída de pista";0;0;0;0;0;0;0;1;0;0;1;0;0;0;0
"03/04/2022";"18:49:00";"77";"Acidente s";"463";"BR-101/SC";"Sul";"Saída de pista";1;0;0;0;0;0;0;0;0;0;2;0;0;0;0
"03/04/2022";"19:27:00";"80";"Acidente s";"398";"BR-101/SC";"Norte";"Colisão - Lateral";2;0;0;0;0;0;0;0;0;0;2;0;0;0;0
"04/04/2022";"08:19:00";"48";"Acidente s";"348";"BR-101/SC";"Norte";"Colisão - Lateral";1;0;1;0;0;0;0;0;0;0;2;0;0;0;0
"04/04/2022";"23:36:00";"114";"Acidente c";"277";"BR-101/SC";"Norte";"Colisão - Traseira";0;0;0;0;0;0;0;2;0;0;1;0;1;0;0
"04/04/2022";"23:52:00";"115";"Acidente s";"383,8";"BR-101/SC";"Norte";"Saída de pista";0;0;0;0;0;0;0;1;0;0;1;0;0;0;0
"05/04/2022";"04:42:00";"6";"Acidente s";"354";"BR-101/SC";"Sul";"Saída de pista";0;0;0;0;0;0;0;0;0;1;1;0;0;0;0
"05/04/2022";"07:31:00";"20";"Acidente s";"293";"BR-101/SC";"Sul";"Choque Barreira";1;0;0;0;0;0;0;0;0;0;1;0;0;0;0
"05/04/2022";"09:40:00";"81";"Acidente s";"419";"BR-101/SC";"Sul";"Outros";1;0;0;0;0;0;0;0;0;1;2;0;0;0;0
"05/04/2022";"09:40:00";"45";"Acidente s";"419";"BR-101/SC";"Norte";"Colisão - Traseira";2;0;0;0;0;0;0;0;0;0;4;0;0;0;0
"05/04/2022";"18:22:00";"96";"Acidente c";"435";"BR-101/SC";"Sul";"Colisão - Lateral";0;0;0;1;0;0;0;0;0;1;1;0;1;0;0
"05/04/2022";"18:46:00";"97";"Acidente c";"464";"BR-101/SC";"Norte";"Colisão - Lateral";0;0;0;1;0;0;0;1;0;0;1;0;1;0;0
"06/04/2022";"11:09:00";"72";"Acidente c";"275";"BR-101/SC";"Sul";"Colisão - Transversal";1;0;0;1;0;0;0;0;0;0;1;1;0;0;0
"06/04/2022";"20:30:00";"139";"Acidente s";"404";"BR-101/SC";"Sul";"Saída de pista";1;0;0;0;0;0;0;0;0;0;2;0;0;0;0
"06/04/2022";"20:42:00";"140";"Acidente s";"366";"BR-101/SC";"Sul";"Colisão - Traseira";0;0;0;0;0;0;0;2;0;0;2;0;0;0;0
"06/04/2022";"23:14:00";"149";"Acidente s";"364";"BR-101/SC";"Sul";"Colisão - Transversal";0;0;0;0;0;0;0;1;0;1;2;0;0;0;0
"06/04/2022";"23:51:00";"151";"Acidente c";"319,5";"BR-101/SC";"Sul";"Colisão - Traseira";1;0;0;0;0;0;0;1;0;0;1;2;0;0;0
"07/04/2022";"05:16:00";"17";"Atropelame";"333";"BR-101/SC";"Ambos";"Atropelamento - Usuário";1;0;0;0;0;0;0;0;0;0;0;0;0;1;0
"07/04/2022";"14:20:00";"94";"Acidente s";"404";"BR-101/SC";"Sul";"Colisão - Traseira";2;0;0;0;0;0;0;0;0;0;3;0;0;0;0
"07/04/2022";"18:45:00";"120";"Acidente c";"397";"BR-101/SC";"Sul";"Colisão - Transversal";0;0;0;2;0;0;0;0;0;0;1;0;1;0;0
"07/04/2022";"20:31:00";"136";"Acidente s";"340";"BR-101/SC";"Norte";"Colisão - Traseira";1;0;0;1;0;0;0;0;0;0;2;0;0;0;0
"08/04/2022";"07:00:00";"17";"Acidente c";"390";"BR-101/SC";"Norte";"Queda de moto";1;0;0;0;0;0;0;0;0;0;0;1;0;0;0
"08/04/2022";"20:54:00";"113";"Atropelame";"393";"BR-101/SC";"Sul";"Atropelamento - Andarilho";1;0;0;0;0;0;0;0;0;0;1;2;0;0;0
"08/04/2022";"21:45:00";"116";"Acidente s";"389";"BR-101/SC";"Sul";"Colisão - Traseira";1;0;0;0;0;0;0;0;0;1;4;0;0;0;0
"09/04/2022";"14:16:00";"38";"Acidente s";"362";"BR-101/SC";"Norte";"Colisão - Traseira";1;0;0;0;0;0;0;0;0;0;2;0;0;0;0
"09/04/2022";"19:23:00";"62";"Acidente s";"332";"BR-101/SC";"Norte";"Colisão - Traseira";2;0;0;0;0;0;0;1;0;0;6;0;0;0;0
"09/04/2022";"20:22:00";"66";"Acidente s";"433";"BR-101/SC";"Sul";"Colisão - Lateral";0;0;0;0;0;0;0;1;0;1;2;0;0;0;0
"09/04/2022";"21:26:00";"73";"Acidente s";"272";"BR-101/SC";"Sul";"Colisão - Traseira";2;0;0;0;0;0;0;0;0;0;2;0;0;0;0
"09/04/2022";"21:32:00";"74";"Acidente s";"419";"BR-101/SC";"Norte";"Choque Defensa";1;0;0;0;0;0;0;0;0;0;1;0;0;0;0
"09/04/2022";"21:46:00";"75";"Acidente s";"294";"BR-101/SC";"Norte";"Colisão - Lateral";2;0;0;0;0;0;0;0;0;0;14;0;0;0;0
"10/04/2022";"00:08:00";"3";"Acidente s";"330";"BR-101/SC";"Norte";"Saída de pista";1;0;0;0;0;0;0;0;0;0;1;0;0;0;0
"10/04/2022";"02:49:00";"7";"Acidente c";"326";"BR-101/SC";"Sul";"Colisão - Traseira";1;0;0;1;0;0;0;0;0;0;1;0;1;1;0
"10/04/2022";"11:13:00";"35";"Acidente c";"364";"BR-101/SC";"Sul";"Saída de pista";1;0;0;0;0;0;0;0;0;0;0;0;1;1;0
"10/04/2022";"18:21:00";"55";"Acidente c";"358";"BR-101/SC";"Sul";"Colisão - Frontal";3;0;0;0;0;0;0;0;0;0;1;1;3;1;0
"10/04/2022";"19:40:00";"58";"Acidente s";"401";"BR-101/SC";"Norte";"Colisão - Traseira";1;0;0;0;0;0;0;0;0;1;2;0;0;0;0
"11/04/2022";"03:28:00";"5";"Acidente s";"378";"BR-101/SC";"Sul";"Queda de moto";0;0;0;1;0;0;0;0;0;0;1;0;0;0;0
"11/04/2022";"21:57:00";"108";"Acidente s";"339";"BR-101/SC";"Norte";"Colisão - Frontal";2;0;0;0;0;0;0;0;0;0;2;0;0;0;0
"12/04/2022";"14:24:00";"61";"Acidente s";"298";"BR-101/SC";"Norte";"Colisão - Traseira";1;0;0;0;0;0;0;1;0;0;3;0;0;0;0
"12/04/2022";"14:42:00";"64";"Acidente s";"264";"BR-101/SC";"Sul";"Saída de pista";1;0;0;0;0;0;0;0;0;0;1;0;0;0;0
"12/04/2022";"18:42:00";"85";"Acidente s";"431";"BR-101/SC";"Norte";"Colisão - Lateral";1;0;0;0;0;0;0;1;0;0;3;0;0;0;0
"13/04/2022";"04:57:00";"19";"Acidente c";"388,5";"BR-101/SC";"Sul";"Outros";0;0;0;1;0;0;0;0;0;1;1;1;0;0;0
"13/04/2022";"19:21:00";"121";"Acidente s";"271";"BR-101/SC";"Norte";"Colisão - Traseira";2;0;0;0;0;0;0;0;0;0;2;0;0;0;0
"13/04/2022";"21:36:00";"132";"Acidente s";"454";"BR-101/SC";"Norte";"Colisão - Traseira";1;0;1;0;0;0;0;0;0;0;4;0;0;0;0
"13/04/2022";"21:51:00";"133";"Acidente s";"401";"BR-101/SC";"Norte";"Colisão - Traseira";0;0;0;1;0;0;0;1;0;0;2;0;0;0;0
"13/04/2022";"23:36:00";"142";"Acidente s";"326";"BR-101/SC";"Sul";"Colisão - Traseira";1;0;0;0;0;0;0;1;0;0;3;0;0;0;0
"14/04/2022";"07:01:00";"36";"Acidente s";"279";"BR-101/SC";"Norte";"Saída de pista";1;0;0;0;0;0;0;0;0;0;2;0;0;0;0
"14/04/2022";"15:19:00";"68";"Acidente s";"332";"BR-101/SC";"Sul";"Colisão - Lateral";1;0;1;0;0;0;0;0;0;0;2;0;0;0;0
"14/04/2022";"18:32:00";"84";"Acidente s";"327";"BR-101/SC";"Norte";"Colisão - Traseira";1;0;0;1;0;0;0;0;0;1;3;0;0;0;0
"14/04/2022";"18:56:00";"89";"Acidente s";"332";"BR-101/SC";"Norte";"Colisão - Traseira";2;0;0;0;0;0;0;0;0;0;2;0;0;0;0
"14/04/2022";"21:17:00";"99";"Acidente s";"285";"BR-101/SC";"Norte";"Saída de pista";1;0;0;0;0;0;0;0;0;0;1;0;0;0;0
"15/04/2022";"03:09:00";"9";"Acidente s";"287";"BR-101/SC";"Sul";"Atropelamento de Animal";0;0;0;0;0;0;0;0;0;0;1;0;0;0;0
"15/04/2022";"05:39:00";"13";"Acidente c";"371";"BR-101/SC";"Norte";"Saída de pista";0;0;0;0;0;0;0;0;0;1;0;3;0;0;1
"15/04/2022";"06:52:00";"18";"Acidente s";"315";"BR-101/SC";"Norte";"Colisão - Traseira";1;0;0;1;0;0;0;0;0;0;2;0;0;0;0
"15/04/2022";"09:58:00";"45";"Acidente s";"276";"BR-101/SC";"Norte";"Atropelamento de Animal";0;0;0;0;0;0;0;1;0;0;1;0;0;0;0
"15/04/2022";"19:56:00";"77";"Acidente s";"276";"BR-101/SC";"Norte";"Capotamento";1;0;0;0;0;0;0;0;0;0;7;0;0;0;0
"16/04/2022";"01:18:00";"6";"Acidente s";"309";"BR-101/SC";"Norte";"Saída de pista";1;0;0;0;0;0;0;0;0;0;1;0;0;0;0
"16/04/2022";"07:36:00";"17";"Acidente c";"324";"BR-101/SC";"Sul";"Saída de pista";1;0;0;0;0;0;0;0;0;0;0;1;0;0;0
"16/04/2022";"08:56:00";"20";"Acidente c";"367";"BR-101/SC";"Norte";"Tombamento";0;0;0;0;0;0;0;0;0;1;0;2;0;0;0
"16/04/2022";"22:57:00";"71";"Acidente s";"316";"BR-101/SC";"Sul";"Colisão - Traseira";2;0;0;0;0;0;0;0;0;0;2;0;0;0;0
"17/04/2022";"04:48:00";"16";"Acidente s";"378";"BR-101/SC";"Sul";"Saída de pista";1;0;0;0;0;0;0;0;0;0;2;0;0;0;0
"17/04/2022";"08:54:00";"30";"Acidente s";"292";"BR-101/SC";"Sul";"Saída de pista";1;0;0;0;0;0;0;0;0;0;1;0;0;0;0
"17/04/2022";"17:40:00";"69";"Acidente s";"444";"BR-101/SC";"Norte";"Choque - Poste";1;0;0;0;0;0;0;0;0;0;1;0;0;0;0
"17/04/2022";"18:34:00";"76";"Acidente s";"440";"BR-101/SC";"Norte";"Saída de pista";1;0;0;0;0;0;0;0;0;0;5;0;0;0;0
"17/04/2022";"23:24:00";"93";"Acidente s";"379";"BR-101/SC";"Sul";"Saída de pista";1;0;0;0;0;0;0;0;0;0;2;0;0;0;0
"18/04/2022";"13:59:00";"72";"Acidente s";"355";"BR-101/SC";"Norte";"Colisão - Traseira";1;0;1;0;0;0;0;0;0;1;4;0;0;0;0
"18/04/2022";"16:04:00";"86";"Acidente s";"298";"BR-101/SC";"Norte";"Colisão - Traseira";2;0;0;0;0;0;0;0;0;0;2;0;0;0;0
"19/04/2022";"19:19:00";"104";"Acidente s";"433,7";"BR-101/SC";"Norte";"Outros";2;0;0;0;0;0;0;0;0;0;2;0;0;0;0
"20/04/2022";"12:33:00";"88";"Acidente s";"321";"BR-101/SC";"Norte";"Choque Defensa";2;0;0;0;0;0;0;0;0;0;2;0;0;0;0
"20/04/2022";"15:53:00";"100";"Acidente c";"422";"BR-101/SC";"Sul";"Colisão - Lateral";1;0;0;1;0;0;0;0;0;0;1;1;0;0;0
"20/04/2022";"17:35:00";"107";"Acidente c";"268";"BR-101/SC";"Norte";"Queda de moto";1;0;0;0;0;0;0;0;0;0;1;1;0;0;0
"21/04/2022";"12:33:00";"51";"Acidente s";"396,3";"BR-101/SC";"Sul";"Choque Defensa";0;0;0;0;0;0;0;0;0;1;1;0;0;0;0
"21/04/2022";"16:09:00";"75";"Acidente s";"405,8";"BR-101/SC";"Norte";"Choque Defensa";1;0;0;0;1;0;0;0;0;0;2;0;0;0;0
"21/04/2022";"16:12:00";"77";"Acidente c";"292";"BR-101/SC";"Sul";"Saída de pista";1;0;0;0;0;0;0;0;0;0;0;1;0;0;0
"22/04/2022";"12:39:00";"78";"Acidente s";"385";"BR-101/SC";"Sul";"Choque - Sinalização";1;0;0;0;0;0;0;0;0;0;1;0;0;0;0
"22/04/2022";"13:04:00";"81";"Acidente s";"457";"BR-101/SC";"Norte";"Tombamento";0;0;0;0;0;0;0;0;0;1;1;0;0;0;0
"22/04/2022";"17:46:00";"111";"Acidente s";"335";"BR-101/SC";"Sul";"Choque Defensa";2;0;0;0;0;0;0;0;0;0;2;0;0;0;0
"22/04/2022";"21:36:00";"130";"Acidente s";"300,9";"BR-101/SC";"Norte";"Choque Barreira";0;0;0;0;0;0;0;0;0;1;1;0;0;0;0
"23/04/2022";"01:04:00";"5";"Acidente s";"327";"BR-101/SC";"Norte";"Saída de pista";1;0;0;0;0;0;0;0;0;0;1;0;0;0;0
"23/04/2022";"04:22:00";"12";"Acidente s";"276";"BR-101/SC";"Norte";"Saída de pista";1;0;0;0;0;0;0;0;0;0;1;0;0;0;0
"23/04/2022";"05:12:00";"23";"Acidente s";"265";"BR-101/SC";"Norte";"Colisão - Lateral";1;0;0;0;0;0;0;1;0;0;2;0;0;0;0
"23/04/2022";"12:23:00";"76";"Acidente c";"339,2";"BR-101/SC";"Norte";"Colisão - Transversal";1;0;0;1;0;0;0;0;0;0;0;2;0;0;0
"24/04/2022";"01:54:00";"10";"Acidente c";"376";"BR-101/SC";"Sul";"Saída de pista";1;0;0;0;0;0;0;0;0;0;0;1;2;0;0
"24/04/2022";"04:32:00";"24";"Acidente c";"366";"BR-101/SC";"Norte";"Queda de moto";0;0;0;1;0;0;0;0;0;0;0;0;2;0;0
"24/04/2022";"07:02:00";"37";"Acidente c";"321";"BR-101/SC";"Norte";"Choque Barreira";1;0;0;0;0;0;0;0;0;0;0;1;0;0;0
"24/04/2022";"07:58:00";"44";"Acidente c";"309";"BR-101/SC";"Norte";"Capotamento";1;0;0;0;0;0;0;0;0;0;0;1;0;0;0
"24/04/2022";"12:17:00";"67";"Acidente s";"300";"BR-101/SC";"Sul";"Colisão - Traseira";2;0;0;0;0;0;0;0;0;0;6;0;0;0;0
"24/04/2022";"18:10:00";"91";"Acidente s";"450,49";"BR-101/SC";"Sul";"Saída de pista";1;0;0;0;0;0;0;0;0;0;2;0;0;0;0
"24/04/2022";"19:53:00";"101";"Acidente s";"460";"BR-101/SC";"Norte";"Saída de pista";1;0;0;0;0;0;0;0;0;0;1;0;0;0;0
"24/04/2022";"22:31:00";"113";"Acidente s";"332";"BR-101/SC";"Sul";"Colisão - Traseira";2;0;0;0;0;0;0;0;0;0;5;0;0;0;0
"25/04/2022";"07:20:00";"24";"Acidente s";"402";"BR-101/SC";"Sul";"Colisão - Traseira";2;0;0;0;0;0;0;0;0;0;2;0;0;0;0
"25/04/2022";"07:48:00";"33";"Acidente c";"269";"BR-101/SC";"Sul";"Capotamento";1;0;0;0;0;0;0;1;0;0;1;2;0;0;0
"25/04/2022";"15:34:00";"76";"Acidente c";"258";"BR-101/SC";"Norte";"Capotamento";1;0;0;0;0;0;0;0;0;0;0;0;3;0;0
"25/04/2022";"17:22:00";"85";"Acidente c";"427";"BR-101/SC";"Sul";"Queda de moto";0;0;0;1;0;0;0;0;0;0;0;0;1;0;0
"25/04/2022";"17:38:00";"91";"Acidente s";"335";"BR-101/SC";"Sul";"Colisão - Traseira";1;0;0;1;0;0;0;0;0;0;2;0;0;0;0
"25/04/2022";"18:50:00";"97";"Acidente c";"323";"BR-101/SC";"Sul";"Atropelamento - Morador/Trabalhador/Estudante";0;0;0;2;0;0;0;0;0;0;1;0;1;0;0
"25/04/2022";"21:46:00";"111";"Acidente s";"302";"BR-101/SC";"Norte";"Saída de pista";0;0;0;0;0;0;0;1;0;0;1;0;0;0;0
"26/04/2022";"06:22:00";"19";"Acidente c";"311";"BR-101/SC";"Norte";"Colisão - Lateral";1;0;1;0;0;0;0;0;0;0;1;1;0;0;0
"26/04/2022";"08:55:00";"70";"Acidente s";"336";"BR-101/SC";"Sul";"Colisão - Lateral";1;0;1;0;0;0;0;0;0;0;2;0;0;0;0
"27/04/2022";"07:31:00";"29";"Acidente s";"272";"BR-101/SC";"Norte";"Saída de pista";0;0;0;0;0;0;0;0;0;1;1;0;0;0;0
"27/04/2022";"11:12:00";"71";"Acidente s";"255";"BR-101/SC";"Sul";"Colisão - Traseira";2;0;0;0;0;0;0;0;0;0;2;0;0;0;0
"27/04/2022";"12:43:00";"81";"Acidente s";"337";"BR-101/SC";"Norte";"Colisão - Lateral";1;0;0;0;0;0;0;0;0;1;3;0;0;0;0
"27/04/2022";"18:47:00";"122";"Acidente s";"298";"BR-101/SC";"Sul";"Colisão - Lateral";1;0;0;1;0;0;0;0;0;0;2;0;0;0;0