data;horario;n_da_ocorrencia;tipo_de_ocorrencia;km;trecho;sentido;tipo_de_acidente;automovel;bicicleta;caminhao;moto;onibus;outros;tracao_animal;transporte_de_cargas_especiais;trator_maquinas;utilitarios;ilesos;levemente_feridos;moderadamente_feridos;gravemente_feridos;mortos
"27/04/2022";"19:58:00";"133";"Atropelame";"331";"BR-101/SC";"Sul";"Atropelamento - Usuário";0;0;0;0;0;0;0;0;0;1;2;0;0;0;1
"28/04/2022";"17:41:00";"104";"Acidente c";"397";"BR-101/SC";"Sul";"Queda de moto";0;0;0;1;0;0;0;0;0;0;0;2;0;0;0
"28/04/2022";"18:38:00";"109";"Acidente s";"351";"BR-101/SC";"Norte";"Saída de pista";1;0;0;0;0;0;0;0;0;0;1;0;0;0;0
"28/04/2022";"18:49:00";"110";"Acidente s";"332";"BR-101/SC";"Norte";"Colisão - Traseira";2;0;0;0;0;0;0;0;0;0;2;0;0;0;0
"28/04/2022";"20:42:00";"123";"Acidente c";"388";"BR-101/SC";"Sul";"Colisão - Frontal";2;0;0;0;0;0;0;0;0;0;1;2;0;0;0
"29/04/2022";"00:38:00";"2";"Acidente c";"283";"BR-101/SC";"Sul";"Colisão - Traseira";0;0;1;0;0;0;0;0;0;1;1;0;1;0;0
"29/04/2022";"11:27:00";"72";"Acidente s";"338";"BR-101/SC";"Sul";"Colisão - Traseira";0;0;1;0;0;0;0;0;0;1;3;0;0;0;0
"29/04/2022";"11:38:00";"74";"Acidente c";"336,3";"BR-101/SC";"Sul";"Colisão - Lateral";1;0;1;0;0;0;0;0;0;0;2;0;0;1;0
"29/04/2022";"13:30:00";"81";"Acidente s";"404";"BR-101/SC";"Norte";"Colisão - Traseira";2;0;0;0;0;0;0;0;0;0;3;0;0;0;0
"29/04/2022";"15:04:00";"94";"Acidente s";"264";"BR-101/SC";"Norte";"Saída de pista";1;0;0;0;0;0;0;0;0;0;1;0;0;0;0
"29/04/2022";"21:06:00";"128";"Acidente c";"423";"BR-101/SC";"Norte";"Colisão - Lateral";1;0;0;1;0;0;0;0;0;0;1;0;0;1;0
"29/04/2022";"21:16:00";"130";"Acidente s";"423";"BR-101/SC";"Norte";"Colisão - Traseira";3;0;0;0;0;0;0;0;0;0;4;0;0;0;0
"29/04/2022";"21:42:00";"131";"Acidente c";"348";"BR-101/SC";"Sul";"Colisão - Traseira";1;0;0;0;0;0;0;1;0;0;1;1;0;0;0
"30/04/2022";"01:23:00";"4";"Acidente c";"291";"BR-101/SC";"Sul";"Colisão - Traseira";1;0;0;0;0;0;0;1;0;0;2;0;1;0;0
"30/04/2022";"02:16:00";"5";"Acidente c";"323";"BR-101/SC";"Sul";"Choque Defensa";1;0;0;1;0;0;0;0;0;0;1;0;1;0;0
"30/04/2022";"04:22:00";"7";"Acidente s";"331";"BR-101/SC";"Sul";"Colisão - Lateral";1;0;0;0;0;0;0;0;0;1;2;0;0;0;0
"30/04/2022";"17:40:00";"63";"Acidente c";"284";"BR-101/SC";"Norte";"Choque Defensa";1;0;0;0;0;0;0;0;0;1;2;1;0;0;0
"30/04/2022";"18:46:00";"66";"Acidente s";"434";"BR-101/SC";"Norte";"Saída de pista";1;0;0;0;0;0;0;0;0;0;1;0;0;0;0
"30/04/2022";"18:49:00";"67";"Acidente c";"272";"BR-101/SC";"Sul";"Saída de pista";1;0;0;0;0;0;0;0;0;0;0;1;0;0;0
"30/04/2022";"23:56:00";"88";"Acidente s";"383";"BR-101/SC";"Sul";"Saída de pista";1;0;0;0;0;0;0;0;0;0;2;0;0;0;0
"01/05/2022";"04:46:00";"8";"Acidente s";"427";"BR-101/SC";"Sul";"Colisão - Traseira";1;0;0;0;0;0;0;0;0;1;3;0;0;0;0
"01/05/2022";"06:36:00";"12";"Acidente s";"339";"BR-101/SC";"Sul";"Saída de pista";1;0;0;0;0;0;0;0;0;0;1;0;0;0;0
"02/05/2022";"09:25:00";"39";"Acidente c";"323";"BR-101/SC";"Norte";"Choque Barreira";1;0;0;0;0;0;0;0;0;0;0;0;2;0;0
"02/05/2022";"10:09:00";"42";"Acidente s";"326";"BR-101/SC";"Sul";"Choque Barreira";1;0;0;0;0;0;0;0;0;0;1;0;0;0;0
"02/05/2022";"10:25:00";"44";"Acidente s";"266";"BR-101/SC";"Sul";"Choque Barreira";1;0;0;0;0;0;0;0;0;0;2;0;0;0;0
"02/05/2022";"11:01:00";"48";"Acidente s";"306";"BR-101/SC";"Sul";"Colisão - Frontal";2;0;0;0;0;0;0;0;0;0;2;0;0;0;0
"02/05/2022";"16:53:00";"80";"Acidente s";"282";"BR-101/SC";"Sul";"Choque com objeto sobre a pista";2;0;0;0;0;0;0;0;0;0;3;0;0;0;0
"02/05/2022";"17:03:00";"81";"Acidente s";"288";"BR-101/SC";"Norte";"Choque Barreira";1;0;0;0;0;0;0;0;0;0;1;0;0;0;0
"02/05/2022";"18:29:00";"88";"Acidente s";"306";"BR-101/SC";"Sul";"Choque Barreira";1;0;0;0;0;0;0;0;0;0;2;0;0;0;0
"02/05/2022";"19:13:00";"92";"Acidente s";"345";"BR-101/SC";"Sul";"Saída de pista";1;0;0;0;0;0;0;0;0;0;3;0;0;0;0
"02/05/2022";"19:52:00";"97";"Acidente s";"281";"BR-101/SC";"Norte";"Saída de pista";1;0;0;0;0;0;0;0;0;0;2;0;0;0;0
"02/05/2022";"21:22:00";"101";"Acidente c";"252";"BR-101/SC";"Norte";"Colisão - Traseira";1;0;0;0;0;0;0;1;0;0;1;0;0;0;1
"02/05/2022";"23:33:00";"106";"Acidente s";"257";"BR-101/SC";"Norte";"Choque Defensa";1;0;0;0;0;0;0;0;0;0;1;0;0;0;0
"03/05/2022";"19:52:00";"87";"Acidente s";"377";"BR-101/SC";"Norte";"Saída de pista";1;0;0;0;0;0;0;0;0;0;2;0;0;0;0
"04/05/2022";"01:07:00";"2";"Acidente s";"366";"BR-101/SC";"Sul";"Saída de pista";1;0;0;0;0;0;0;0;0;0;1;0;0;0;0
"04/05/2022";"01:57:00";"3";"Acidente s";"277";"BR-101/SC";"Norte";"Saída de pista";0;0;0;0;0;0;0;1;0;0;1;0;0;0;0
"04/05/2022";"03:19:00";"6";"Atropelame";"312";"BR-101/SC";"Norte";"Atropelamento - Usuário";0;0;0;0;0;0;0;0;0;1;1;1;0;0;0
"04/05/2022";"12:29:00";"65";"Acidente s";"260";"BR-101/SC";"Norte";"Choque Defensa";1;0;0;0;0;0;0;0;0;0;2;0;0;0;0
"04/05/2022";"13:22:00";"72";"Acidente s";"331";"BR-101/SC";"Sul";"Saída de pista";1;0;0;0;0;0;0;0;0;0;1;0;0;0;0
"04/05/2022";"17:21:00";"97";"Acidente s";"246,6";"BR-101/SC";"Norte";"Saída de pista";1;0;0;0;0;0;0;0;0;0;1;0;0;0;0
"05/05/2022";"00:05:00";"1";"Acidente s";"407";"BR-101/SC";"Norte";"Saída de pista";1;0;0;0;0;0;0;0;0;0;1;0;0;0;0
"05/05/2022";"04:51:00";"17";"Acidente s";"316,1";"BR-101/SC";"Sul";"Choque Defensa";1;0;0;0;0;0;0;0;0;0;1;0;0;0;0
"05/05/2022";"06:11:00";"27";"Acidente c";"397";"BR-101/SC";"Norte";"Queda de moto";0;0;0;1;0;0;0;0;0;0;0;1;0;0;0
"05/05/2022";"12:33:00";"63";"Acidente s";"331";"BR-101/SC";"Norte";"Outros";1;0;0;0;0;0;0;0;0;0;1;0;0;0;0
"06/05/2022";"10:33:00";"57";"Acidente s";"337";"BR-101/SC";"Norte";"Colisão - Lateral";1;0;0;0;0;0;0;1;0;0;3;0;0;0;0
"06/05/2022";"10:45:00";"59";"Acidente s";"339";"BR-101/SC";"Norte";"Colisão - Traseira";2;0;0;0;0;0;0;0;0;0;2;0;0;0;0
"06/05/2022";"16:12:00";"89";"Acidente c";"423";"BR-101/SC";"Norte";"Colisão - Frontal";0;0;0;1;0;0;0;0;0;1;1;0;2;0;0
"06/05/2022";"18:59:00";"110";"Acidente s";"402";"BR-101/SC";"Sul";"Colisão - Traseira";2;0;0;0;0;0;0;0;0;0;2;0;0;0;0
"06/05/2022";"19:49:00";"120";"Acidente s";"402";"BR-101/SC";"Sul";"Colisão - Traseira";2;0;0;0;0;0;0;0;0;0;3;0;0;0;0
"07/05/2022";"01:04:00";"7";"Acidente s";"344";"BR-101/SC";"Sul";"Saída de pista";1;0;0;0;0;0;0;0;0;0;3;0;0;0;0
"07/05/2022";"03:14:00";"17";"Acidente s";"355";"BR-101/SC";"Sul";"Saída de pista";0;0;0;0;0;0;0;0;0;1;1;0;0;0;0
"07/05/2022";"04:08:00";"18";"Acidente s";"370";"BR-101/SC";"Norte";"Saída de pista";1;0;0;0;0;0;0;0;0;0;1;0;0;0;0
"07/05/2022";"06:12:00";"24";"Acidente s";"296";"BR-101/SC";"Sul";"Saída de pista";1;0;0;0;0;0;0;0;0;0;1;0;0;0;0
"07/05/2022";"08:23:00";"43";"Acidente s";"308";"BR-101/SC";"Norte";"Outros";1;0;0;0;0;0;0;0;0;0;1;0;0;0;0
"07/05/2022";"09:30:00";"57";"Acidente s";"356";"BR-101/SC";"Norte";"Colisão - Traseira";0;0;0;0;0;0;0;1;0;1;2;0;0;0;0
"07/05/2022";"20:22:00";"113";"Acidente c";"457";"BR-101/SC";"Norte";"Colisão - Frontal";2;0;0;0;0;0;0;0;0;0;1;2;1;0;0
"07/05/2022";"21:02:00";"116";"Acidente c";"463";"BR-101/SC";"Sul";"Colisão - Lateral";1;0;0;1;0;0;0;0;0;0;1;0;0;1;0
"07/05/2022";"22:59:00";"126";"Acidente s";"288";"BR-101/SC";"Norte";"Saída de pista";2;0;0;0;0;0;0;0;0;0;2;0;0;0;0
"08/05/2022";"01:38:00";"3";"Acidente c";"444";"BR-101/SC";"Sul";"Choque - Poste";0;0;0;1;0;0;0;0;0;0;0;0;0;1;0
"08/05/2022";"03:52:00";"6";"Acidente s";"351";"BR-101/SC";"Norte";"Saída de pista";1;0;0;0;0;0;0;0;0;0;1;0;0;0;0
"08/05/2022";"11:02:00";"33";"Acidente s";"408";"BR-101/SC";"Sul";"Colisão - Lateral";2;0;0;0;0;0;0;0;0;0;7;0;0;0;0
"08/05/2022";"15:23:00";"54";"Acidente s";"458";"BR-101/SC";"Sul";"Engavetamento";3;0;0;0;0;0;0;0;0;0;9;0;0;0;0
"08/05/2022";"17:25:00";"67";"Atropelame";"313";"BR-101/SC";"Sul";"Atropelamento - Usuário";1;0;0;0;0;0;0;0;0;0;1;1;0;0;0
"08/05/2022";"19:57:00";"84";"Acidente s";"333,1";"BR-101/SC";"Sul";"Outros";2;0;0;0;0;0;0;0;0;0;5;0;0;0;0
"08/05/2022";"20:00:00";"85";"Acidente c";"450";"BR-101/SC";"Norte";"Outros";2;0;0;1;0;0;0;0;0;0;5;0;1;0;0
"08/05/2022";"20:32:00";"89";"Atropelame";"424";"BR-101/SC";"Sul";"Atropelamento - Usuário";1;0;0;0;0;0;0;0;0;0;5;1;0;0;0
"08/05/2022";"21:56:00";"103";"Acidente s";"386";"BR-101/SC";"Sul";"Saída de pista";1;0;0;0;0;0;0;0;0;0;1;0;0;0;0
"08/05/2022";"22:15:00";"106";"Acidente s";"386";"BR-101/SC";"Sul";"Colisão - Traseira";2;0;0;0;0;0;0;0;0;0;2;0;0;0;0
"08/05/2022";"23:21:00";"112";"Acidente s";"432";"BR-101/SC";"Norte";"Outros";2;0;0;0;0;0;0;0;0;0;3;0;0;0;0
"08/05/2022";"23:35:00";"114";"Acidente s";"348";"BR-101/SC";"Norte";"Choque Barreira";1;0;0;0;0;0;0;0;0;0;1;0;0;0;0
"09/05/2022";"00:52:00";"7";"Acidente s";"374";"BR-101/SC";"Sul";"Saída de pista";0;0;0;1;0;0;0;0;0;0;1;0;0;0;0
"09/05/2022";"05:02:00";"14";"Acidente s";"378,8";"BR-101/SC";"Sul";"Saída de pista";1;0;0;0;0;0;0;0;0;0;2;0;0;0;0
"09/05/2022";"08:04:00";"43";"Acidente s";"434";"BR-101/SC";"Norte";"Colisão - Lateral";2;0;0;0;0;0;0;0;0;0;2;0;0;0;0
"09/05/2022";"10:32:00";"60";"Acidente c";"404";"BR-101/SC";"Sul";"Colisão - Lateral";1;0;0;0;0;0;0;0;0;1;0;1;1;0;0
"09/05/2022";"22:42:00";"126";"Acidente s";"375";"BR-101/SC";"Norte";"Queda de moto";0;0;0;1;0;0;0;0;0;0;1;0;0;0;0
"10/05/2022";"01:10:00";"5";"Acidente s";"306";"BR-101/SC";"Sul";"Colisão - Traseira";2;0;0;0;0;0;0;0;0;0;4;0;0;0;0
"10/05/2022";"11:04:00";"60";"Acidente s";"435";"BR-101/SC";"Norte";"Colisão - Lateral";1;0;0;0;0;0;0;0;0;1;2;0;0;0;0
"10/05/2022";"16:44:00";"94";"Acidente c";"309";"BR-101/SC";"Sul";"Colisão - Traseira";0;0;0;1;0;0;0;0;0;1;1;0;1;0;0
"10/05/2022";"22:41:00";"120";"Acidente c";"327";"BR-101/SC";"Norte";"Queda de moto";0;0;0;1;0;0;0;0;0;0;1;0;1;0;0
"11/05/2022";"05:44:00";"10";"Acidente c";"354";"BR-101/SC";"Sul";"Colisão - Traseira";1;0;1;0;0;0;0;0;0;1;1;2;0;0;0
"11/05/2022";"12:06:00";"58";"Acidente c";"338,4";"BR-101/SC";"Norte";"Queda de moto";0;0;0;1;0;0;0;0;0;0;0;1;0;0;0
"11/05/2022";"17:37:00";"86";"Acidente c";"372";"BR-101/SC";"Norte";"Saída de pista";1;0;0;0;0;0;0;0;0;0;0;1;0;0;0
"12/05/2022";"07:12:00";"19";"Acidente c";"326";"BR-101/SC";"Sul";"Colisão - Lateral";2;0;0;0;0;0;0;0;0;0;4;2;0;0;0
"12/05/2022";"08:22:00";"44";"Acidente s";"414";"BR-101/SC";"Norte";"Colisão - Traseira";2;0;0;0;0;0;0;0;0;0;3;0;0;0;0
"12/05/2022";"19:45:00";"115";"Acidente c";"415";"BR-101/SC";"Norte";"Colisão - Traseira";1;0;0;1;0;0;0;0;0;0;4;1;0;0;0
"12/05/2022";"23:03:00";"127";"Acidente s";"403";"BR-101/SC";"Norte";"Atropelamento de Animal";1;0;0;0;0;0;0;0;0;0;2;0;0;0;0
"13/05/2022";"00:59:00";"3";"Acidente s";"339";"BR-101/SC";"Norte";"Colisão - Traseira";2;0;0;0;0;0;0;0;0;0;3;0;0;0;0
"13/05/2022";"12:18:00";"78";"Acidente s";"368";"BR-101/SC";"Norte";"Colisão - Lateral";0;0;1;0;0;0;0;0;0;1;2;0;0;0;0
"13/05/2022";"16:26:00";"95";"Acidente c";"265";"BR-101/SC";"Norte";"Colisão - Lateral";2;0;0;0;0;0;0;0;0;0;1;1;0;0;0
"14/05/2022";"06:14:00";"20";"Acidente c";"282";"BR-101/SC";"Norte";"Choque Defensa";1;0;0;0;0;0;0;0;0;0;0;1;0;0;0
"14/05/2022";"10:49:00";"55";"Acidente s";"279";"BR-101/SC";"Sul";"Colisão - Lateral";1;0;0;0;0;0;0;1;0;0;4;0;0;0;0
"14/05/2022";"10:53:00";"56";"Acidente s";"316";"BR-101/SC";"Norte";"Choque Barreira";1;0;0;0;0;0;0;0;0;0;1;0;0;0;0
"15/05/2022";"02:17:00";"6";"Acidente s";"258";"BR-101/SC";"Norte";"Capotamento";1;0;0;0;0;0;0;0;0;0;1;0;0;0;0
"15/05/2022";"03:44:00";"9";"Acidente s";"380";"BR-101/SC";"Sul";"Saída de pista";1;0;0;0;0;0;0;0;0;0;1;0;0;0;0
"15/05/2022";"09:43:00";"22";"Acidente s";"419,1";"BR-101/SC";"Sul";"Choque Defensa";1;0;1;1;0;0;0;0;0;0;1;0;0;0;0
"15/05/2022";"16:20:00";"54";"Acidente s";"424";"BR-101/SC";"Norte";"Choque Barreira";1;0;0;0;0;0;0;0;0;0;3;0;0;0;0
"15/05/2022";"19:13:00";"68";"Acidente s";"450";"BR-101/SC";"Sul";"Colisão - Traseira";0;0;0;0;0;0;0;2;0;0;2;0;0;0;0
"15/05/2022";"21:15:00";"87";"Acidente c";"302";"BR-101/SC";"Norte";"Colisão - Traseira";2;0;0;0;0;0;0;0;0;0;1;1;1;0;0
"16/05/2022";"03:33:00";"13";"Acidente s";"258";"BR-101/SC";"Norte";"Saída de pista";0;0;0;0;0;0;0;1;0;0;1;0;0;0;0
"16/05/2022";"08:04:00";"41";"Acidente c";"272";"BR-101/SC";"Sul";"Colisão - Frontal";2;0;0;0;0;0;0;0;0;0;1;1;0;0;0
"16/05/2022";"12:18:00";"79";"Acidente c";"437";"BR-101/SC";"Norte";"Capotamento";1;0;0;0;0;0;0;0;0;0;0;1;0;0;0
"16/05/2022";"14:54:00";"91";"Acidente c";"246";"BR-101/SC";"Norte";"Colisão - Lateral";1;0;0;0;0;0;0;0;0;1;1;1;0;0;0
"16/05/2022";"19:02:00";"119";"Acidente c";"332";"BR-101/SC";"Norte";"Colisão - Traseira";1;0;0;1;0;0;0;0;0;0;2;1;0;0;0
"16/05/2022";"22:04:00";"139";"Acidente s";"369";"BR-101/SC";"Norte";"Saída de pista";1;0;0;0;0;0;0;0;0;0;1;0;0;0;0
"17/05/2022";"08:18:00";"38";"Acidente c";"331";"BR-101/SC";"Sul";"Colisão - Transversal";2;0;0;0;0;0;0;0;0;0;4;2;0;0;0
"17/05/2022";"16:58:00";"102";"Acidente c";"336";"BR-101/SC";"Norte";"Queda de moto";0;0;0;1;0;0;0;0;0;0;0;1;0;0;0
"17/05/2022";"18:19:00";"112";"Acidente s";"458";"BR-101/SC";"Norte";"Colisão - Traseira";1;0;0;0;0;0;0;0;0;1;3;0;0;0;0
"17/05/2022";"19:54:00";"127";"Acidente s";"351";"BR-101/SC";"Sul";"Colisão - Lateral";1;0;0;0;0;0;0;0;0;1;3;0;0;0;0
"18/05/2022";"08:22:00";"37";"Acidente s";"372";"BR-101/SC";"Norte";"Queda de ribanceira";1;0;0;0;0;0;0;0;0;0;4;0;0;0;0
"18/05/2022";"11:59:00";"70";"Acidente s";"341";"BR-101/SC";"Norte";"Colisão - Lateral";1;0;0;0;0;0;0;1;0;0;3;0;0;0;0
"18/05/2022";"12:44:00";"72";"Acidente s";"272";"BR-101/SC";"Sul";"Queda de Ponte/Viaduto";0;0;0;1;0;0;0;0;0;0;1;0;0;0;0
"18/05/2022";"19:30:00";"117";"Acidente s";"385";"BR-101/SC";"Sul";"Tombamento";0;0;1;0;0;0;0;1;0;0;1;0;0;0;0
"18/05/2022";"23:08:00";"127";"Acidente s";"258";"BR-101/SC";"Norte";"Choque Defensa";1;0;0;0;0;0;0;0;0;0;1;0;0;0;0
"19/05/2022";"11:11:00";"76";"Acidente c";"250";"BR-101/SC";"Sul";"Colisão - Traseira";1;0;1;1;0;0;0;0;0;0;5;1;0;0;0
"19/05/2022";"13:29:00";"87";"Acidente s";"351";"BR-101/SC";"Sul";"Atropelamento de Animal";1;0;0;0;0;0;0;0;0;0;2;0;0;0;0
"19/05/2022";"20:16:00";"132";"Acidente s";"394";"BR-101/SC";"Sul";"Engavetamento";3;0;0;0;0;0;0;0;0;0;5;0;0;0;0
"20/05/2022";"08:13:00";"41";"Acidente s";"331";"BR-101/SC";"Sul";"Colisão - Traseira";2;0;0;0;0;0;0;0;0;0;2;0;0;0;0
"20/05/2022";"12:17:00";"82";"Acidente s";"413";"BR-101/SC";"Sul";"Colisão - Traseira";2;0;0;0;0;0;0;0;0;0;4;0;0;0;0
"20/05/2022";"14:21:00";"93";"Acidente s";"269";"BR-101/SC";"Sul";"Colisão - Traseira";3;0;0;0;0;0;0;0;0;0;3;0;0;0;0
"20/05/2022";"16:14:00";"106";"Acidente s";"278";"BR-101/SC";"Sul";"Colisão - Traseira";0;0;0;0;0;0;0;0;0;2;3;0;0;0;0
"20/05/2022";"17:13:00";"114";"Acidente s";"290";"BR-101/SC";"Sul";"Choque Barreira";1;0;0;0;0;0;0;0;0;0;2;0;0;0;0
"20/05/2022";"18:23:00";"125";"Acidente c";"314";"BR-101/SC";"Sul";"Atropelamento de Animal";0;0;0;1;0;0;0;0;0;0;0;0;1;0;0
"20/05/2022";"18:31:00";"126";"Acidente c";"412";"BR-101/SC";"Sul";"Colisão - Transversal";1;0;0;1;0;0;0;0;0;0;1;0;1;0;0
"20/05/2022";"19:19:00";"137";"Acidente s";"423";"BR-101/SC";"Sul";"Colisão - Traseira";2;0;0;0;0;0;0;0;0;0;2;0;0;0;0
"20/05/2022";"19:46:00";"139";"Atropelame";"371";"BR-101/SC";"Norte";"Atropelamento - Usuário";1;0;0;0;0;0;0;0;0;0;2;1;0;0;0
"20/05/2022";"20:20:00";"146";"Acidente s";"403";"BR-101/SC";"Sul";"Queda de moto";0;0;0;1;0;0;0;0;0;0;2;0;0;0;0
"20/05/2022";"21:25:00";"155";"Acidente c";"331,6";"BR-101/SC";"Norte";"Colisão - Frontal";1;0;0;1;0;0;0;0;0;0;3;1;0;0;0
"21/05/2022";"00:27:00";"1";"Acidente s";"437";"BR-101/SC";"Sul";"Saída de pista";0;0;0;0;0;0;0;1;0;0;2;0;0;0;0
"21/05/2022";"00:48:00";"3";"Acidente s";"319";"BR-101/SC";"Sul";"Atropelamento de Animal";2;0;0;0;0;0;0;0;0;1;5;0;0;0;0
"21/05/2022";"02:32:00";"9";"Acidente s";"331";"BR-101/SC";"Norte";"Saída de pista";1;0;0;0;0;0;0;0;0;0;1;0;0;0;0
"21/05/2022";"08:43:00";"42";"Acidente s";"298";"BR-101/SC";"Norte";"Colisão - Traseira";1;0;0;0;0;0;0;1;0;0;5;0;0;0;0
"21/05/2022";"09:45:00";"47";"Acidente c";"334";"BR-101/SC";"Norte";"Colisão - Frontal";1;0;0;1;0;0;0;0;0;0;1;1;0;0;0
"21/05/2022";"10:54:00";"52";"Acidente s";"361";"BR-101/SC";"Sul";"Choque Barreira";1;0;0;0;0;0;0;0;0;0;2;0;0;0;0
"21/05/2022";"13:21:00";"60";"Acidente c";"435";"BR-101/SC";"Sul";"Colisão - Lateral";1;0;0;1;0;0;0;0;0;0;2;1;0;0;0
"21/05/2022";"19:39:00";"91";"Acidente s";"312";"BR-101/SC";"Sul";"Saída de pista";1;0;0;0;0;0;0;0;0;0;4;0;0;0;0
"21/05/2022";"21:42:00";"109";"Acidente s";"282";"BR-101/SC";"Norte";"Saída de pista";1;0;0;0;0;0;0;0;0;0;2;0;0;0;0
"22/05/2022";"06:42:00";"22";"Acidente s";"347";"BR-101/SC";"Sul";"Saída de pista";1;0;0;0;0;0;0;0;0;0;1;0;0;0;0
"22/05/2022";"18:02:00";"46";"Acidente s";"428";"BR-101/SC";"Norte";"Colisão - Traseira";2;0;0;0;0;0;0;0;0;0;3;0;0;0;0
"22/05/2022";"18:20:00";"49";"Acidente s";"345";"BR-101/SC";"Norte";"Saída de pista";1;0;0;0;0;0;0;0;0;0;2;0;0;0;0
"23/05/2022";"00:08:00";"2";"Acidente s";"351";"BR-101/SC";"Sul";"Saída de pista";1;0;0;0;0;0;0;0;0;0;2;0;0;0;0
"23/05/2022";"02:50:00";"12";"Acidente s";"259";"BR-101/SC";"Norte";"Saída de pista";1;0;0;0;0;0;0;0;0;0;1;0;0;0;0
"23/05/2022";"08:27:00";"40";"Acidente s";"329,6";"BR-101/SC";"Norte";"Tombamento";2;0;0;0;0;0;0;0;0;0;2;0;0;0;0
"23/05/2022";"21:01:00";"112";"Acidente s";"305";"BR-101/SC";"Norte";"Saída de pista";1;0;0;0;0;0;0;0;0;0;1;0;0;0;0
"23/05/2022";"22:07:00";"118";"Acidente s";"463";"BR-101/SC";"Norte";"Saída de pista";1;0;0;0;0;0;0;0;0;0;1;0;0;0;0
"24/05/2022";"12:42:00";"84";"Acidente s";"298";"BR-101/SC";"Sul";"Colisão - Traseira";2;0;0;0;0;0;0;0;0;0;2;0;0;0;0
"24/05/2022";"14:12:00";"90";"Acidente c";"310";"BR-101/SC";"Norte";"Queda de moto";0;0;0;1;0;0;0;0;0;0;1;0;1;0;0
"24/05/2022";"22:33:00";"136";"Atropelame";"425";"BR-101/SC";"Norte";"Atropelamento - Usuário";1;0;0;0;0;0;0;0;0;0;2;0;1;0;0
"24/05/2022";"23:07:00";"142";"Acidente c";"360";"BR-101/SC";"Sul";"Colisão - Traseira";2;0;0;0;0;0;0;0;0;0;0;2;0;0;0
"25/05/2022";"08:25:00";"42";"Acidente s";"310";"BR-101/SC";"Norte";"Colisão - Lateral";1;0;0;0;0;0;0;0;0;1;7;0;0;0;0
"25/05/2022";"11:14:00";"60";"Acidente s";"398";"BR-101/SC";"Sul";"Colisão - Traseira";0;0;0;0;0;0;0;2;0;0;2;0;0;0;0
"25/05/2022";"18:20:00";"101";"Acidente c";"426";"BR-101/SC";"Norte";"Queda de moto";0;0;0;1;0;0;0;0;0;0;0;1;0;0;0
"25/05/2022";"18:25:00";"102";"Atropelame";"309";"BR-101/SC";"Norte";"Atropelamento - Morador/Trabalhador/Estudante";1;0;0;1;0;0;0;0;0;0;2;0;0;0;0
"25/05/2022";"18:31:00";"104";"Acidente c";"434";"BR-101/SC";"Norte";"Colisão - Lateral";1;0;0;1;0;0;0;0;0;0;1;1;0;0;0
"25/05/2022";"20:06:00";"116";"Acidente s";"273";"BR-101/SC";"Sul";"Choque Barreira";1;0;0;0;0;0;0;1;0;0;3;0;0;0;0
"25/05/2022";"20:10:00";"117";"Acidente c";"254";"BR-101/SC";"Sul";"Colisão - Lateral";1;0;0;1;0;0;0;0;0;0;1;1;0;0;0
"25/05/2022";"23:45:00";"132";"Acidente s";"362";"BR-101/SC";"Sul";"Colisão - Lateral";1;0;0;0;0;0;0;1;0;0;2;0;0;0;0
"26/05/2022";"01:57:00";"6";"Acidente s";"362";"BR-101/SC";"Sul";"Colisão - Traseira";0;0;0;0;0;0;0;0;0;2;2;0;0;0;0
"26/05/2022";"03:09:00";"9";"Acidente s";"274";"BR-101/SC";"Norte";"Atropelamento de Animal";0;0;0;0;0;0;0;1;0;0;1;0;0;0;0
"26/05/2022";"09:04:00";"64";"Acidente s";"348";"BR-101/SC";"Sul";"Colisão - Traseira";2;0;0;0;0;0;0;0;0;0;5;0;0;0;0
"26/05/2022";"11:17:00";"83";"Acidente c";"427";"BR-101/SC";"Sul";"Queda de moto";0;0;0;1;0;0;0;0;0;0;0;1;0;0;0
"26/05/2022";"12:56:00";"88";"Atropelame";"420";"BR-101/SC";"Norte";"Atropelamento - Morador/Trabalhador/Estudante";1;0;0;0;0;0;0;0;0;0;1;0;1;0;0
"26/05/2022";"15:55:00";"101";"Acidente s";"404";"BR-101/SC";"Norte";"Choque Praça - Cabine";0;0;0;0;0;0;0;0;0;1;1;0;0;0;0
"26/05/2022";"18:34:00";"109";"Acidente c";"419,5";"BR-101/SC";"Norte";"Colisão - Lateral";0;0;0;2;0;0;0;0;0;0;0;2;1;0;0
"26/05/2022";"19:12:00";"114";"Atropelame";"253";"BR-101/SC";"Norte";"Atropelamento - Andarilho";0;0;1;0;0;0;0;0;0;0;1;0;0;0;1
"27/05/2022";"06:16:00";"13";"Acidente c";"353";"BR-101/SC";"Sul";"Colisão - Traseira";0;0;0;0;0;0;0;1;0;1;1;0;1;0;0
"27/05/2022";"18:07:00";"87";"Acidente c";"390";"BR-101/SC";"Norte";"Colisão - Lateral";3;0;1;0;0;0;0;0;0;1;4;0;1;0;0
"27/05/2022";"18:08:00";"89";"Acidente s";"337";"BR-101/SC";"Sul";"Colisão - Lateral";2;0;0;0;0;0;0;0;0;0;3;0;0;0;0
"28/05/2022";"00:53:00";"8";"Acidente s";"414";"BR-101/SC";"Sul";"Capotamento";1;0;0;0;0;0;0;0;0;0;1;0;0;0;0
"28/05/2022";"02:42:00";"15";"Acidente s";"305";"BR-101/SC";"Norte";"Colisão - Traseira";0;0;0;0;0;0;0;0;0;2;2;0;0;0;0
"28/05/2022";"10:59:00";"57";"Acidente c";"279";"BR-101/SC";"Sul";"Colisão - Traseira";3;0;0;0;0;0;0;0;0;0;6;1;0;0;0
"29/05/2022";"13:44:00";"30";"Acidente c";"327";"BR-101/SC";"Norte";"Choque Barreira";1;0;0;0;0;0;0;0;0;0;0;1;0;0;0