data;horario;n_da_ocorrencia;tipo_de_ocorrencia;km;trecho;sentido;tipo_de_acidente;automovel;bicicleta;caminhao;moto;onibus;outros;tracao_animal;transporte_de_cargas_especiais;trator_maquinas;utilitarios;ilesos;levemente_feridos;moderadamente_feridos;gravemente_feridos;mortos
"06/08/2022";"10:33:00";"56";"Acidente s";"319";"BR-101/SC";"Sul";"Colisão - Traseira";0;0;0;1;0;0;0;0;0;0;2;0;0;0;0
"06/08/2022";"14:03:00";"89";"Acidente c";"425";"BR-101/SC";"Norte";"Capotamento";1;0;0;0;0;0;0;0;0;0;2;2;0;0;0
"06/08/2022";"18:46:00";"107";"Acidente c";"378,3";"BR-101/SC";"Sul";"Colisão - Transversal";1;0;0;1;0;0;0;0;0;0;2;1;0;0;0
"07/08/2022";"01:11:00";"5";"Acidente c";"382,1";"BR-101/SC";"Sul";"Saída de pista";1;0;0;0;0;0;0;0;0;0;0;1;0;0;0
"07/08/2022";"01:12:00";"6";"Acidente s";"310";"BR-101/SC";"Norte";"Choque Defensa";1;0;0;0;0;0;0;0;0;0;3;0;0;0;0
"07/08/2022";"02:24:00";"8";"Acidente s";"425";"BR-101/SC";"Sul";"Saída de pista";1;0;0;0;0;0;0;0;0;0;1;0;0;0;0
"07/08/2022";"03:36:00";"12";"Acidente s";"334";"BR-101/SC";"Norte";"Saída de pista";1;0;0;0;0;0;0;0;0;0;4;0;0;0;0
"07/08/2022";"12:10:00";"34";"Acidente s";"435";"BR-101/SC";"Norte";"Choque - Poste";1;0;0;0;0;0;0;0;0;0;1;0;0;0;0
"07/08/2022";"15:43:00";"49";"Acidente s";"399";"BR-101/SC";"Sul";"Colisão - Transversal";2;0;0;0;0;0;0;0;0;0;3;0;0;0;0
"07/08/2022";"19:41:00";"66";"Acidente s";"341";"BR-101/SC";"Norte";"Queda de moto";0;0;0;1;0;0;0;0;0;0;1;0;0;0;0
"07/08/2022";"22:32:00";"78";"Acidente s";"349";"BR-101/SC";"Norte";"Saída de pista";1;0;0;0;0;0;0;0;0;0;2;0;0;0;0
"08/08/2022";"06:05:00";"10";"Acidente s";"401";"BR-101/SC";"Norte";"Colisão - Traseira";0;0;0;0;0;0;0;0;0;2;2;0;0;0;0
"08/08/2022";"07:04:00";"12";"Acidente s";"383";"BR-101/SC";"Sul";"Saída de pista";1;0;0;0;0;0;0;0;0;0;1;0;0;0;0
"08/08/2022";"08:45:00";"33";"Acidente c";"400";"BR-101/SC";"Sul";"Colisão - Lateral";1;0;0;0;0;0;0;0;0;1;2;1;0;0;0
"08/08/2022";"10:01:00";"46";"Acidente s";"344";"BR-101/SC";"Sul";"Colisão - Traseira";1;0;0;0;0;0;0;0;0;1;3;0;0;0;0
"08/08/2022";"11:19:00";"59";"Acidente c";"348";"BR-101/SC";"Sul";"Colisão - Lateral";1;0;0;0;0;0;0;1;0;0;2;1;0;0;0
"08/08/2022";"15:31:00";"89";"Acidente c";"262,7";"BR-101/SC";"Sul";"Capotamento";1;0;0;0;0;0;0;0;0;0;0;0;1;0;0
"08/08/2022";"18:50:00";"106";"Acidente s";"365";"BR-101/SC";"Sul";"Saída de pista";1;0;0;0;0;0;0;0;0;0;1;0;0;0;0
"09/08/2022";"02:14:00";"126";"Acidente s";"442";"BR-101/SC";"Sul";"Saída de pista";2;0;0;0;0;0;0;0;0;0;2;0;0;0;0
"09/08/2022";"05:09:00";"135";"Acidente s";"370";"BR-101/SC";"Sul";"Colisão - Traseira";0;0;1;0;0;0;0;0;0;1;3;0;0;0;0
"09/08/2022";"11:14:00";"170";"Acidente s";"298";"BR-101/SC";"Sul";"Colisão - Traseira";1;0;1;0;0;0;0;0;0;0;3;0;0;0;0
"09/08/2022";"14:00:00";"182";"Acidente s";"329";"BR-101/SC";"Sul";"Saída de pista";0;0;0;0;0;0;0;0;0;1;1;0;0;0;0
"09/08/2022";"19:02:00";"223";"Acidente s";"298";"BR-101/SC";"Norte";"Choque Defensa";0;0;0;0;0;0;0;0;0;1;1;0;0;0;0
"09/08/2022";"23:18:00";"246";"Acidente s";"368";"BR-101/SC";"Norte";"Tombamento";0;0;0;0;0;0;0;0;0;1;1;0;0;0;0
"10/08/2022";"08:17:00";"26";"Acidente s";"416";"BR-101/SC";"Norte";"Choque Barreira";1;0;0;0;0;0;0;0;0;0;2;0;0;0;0
"10/08/2022";"14:10:00";"71";"Acidente s";"383";"BR-101/SC";"Norte";"Choque Defensa";1;0;0;0;0;0;0;0;0;0;1;0;0;0;0
"10/08/2022";"17:42:00";"95";"Acidente s";"286";"BR-101/SC";"Norte";"Colisão - Traseira";1;0;0;0;0;0;0;0;0;1;2;0;0;0;0
"10/08/2022";"18:48:00";"100";"Acidente s";"382";"BR-101/SC";"Norte";"Saída de pista";1;0;0;0;0;0;0;0;0;0;2;0;0;0;0
"11/08/2022";"02:26:00";"11";"Acidente s";"432";"BR-101/SC";"Sul";"Colisão - Lateral";1;0;0;0;0;0;0;1;0;0;2;0;0;0;0
"11/08/2022";"08:36:00";"54";"Acidente s";"246";"BR-101/SC";"Sul";"Saída de pista";1;0;0;0;0;0;0;0;0;0;1;0;0;0;0
"11/08/2022";"11:11:00";"99";"Acidente s";"327";"BR-101/SC";"Sul";"Colisão - Traseira";1;0;0;0;0;0;0;0;0;1;3;0;0;0;0
"11/08/2022";"15:02:00";"128";"Acidente s";"406,1";"BR-101/SC";"Sul";"Colisão - Traseira";3;0;0;0;0;0;0;0;0;0;5;0;0;0;0
"11/08/2022";"15:18:00";"130";"Acidente s";"292";"BR-101/SC";"Norte";"Saída de pista";1;0;0;0;0;0;0;0;0;0;1;0;0;0;0
"11/08/2022";"23:15:00";"178";"Acidente s";"402";"BR-101/SC";"Norte";"Choque Defensa";1;0;0;0;0;0;0;0;0;0;4;0;0;0;0
"12/08/2022";"00:43:00";"3";"Acidente s";"335";"BR-101/SC";"Sul";"Capotamento";1;0;0;0;0;0;0;0;0;0;1;0;0;0;0
"12/08/2022";"07:10:00";"21";"Acidente s";"329";"BR-101/SC";"Norte";"Saída de pista";1;0;0;0;0;0;0;0;0;0;1;0;0;0;0
"12/08/2022";"08:15:00";"52";"Acidente s";"415";"BR-101/SC";"Sul";"Colisão - Traseira";2;0;0;0;0;0;0;0;0;0;2;0;0;0;0
"12/08/2022";"10:32:00";"82";"Acidente c";"279";"BR-101/SC";"Sul";"Colisão - Lateral";1;0;0;1;0;0;0;0;0;0;0;1;0;0;0
"12/08/2022";"12:26:00";"103";"Acidente c";"328,5";"BR-101/SC";"Sul";"Queda de moto";0;0;0;1;0;0;0;0;0;0;0;1;0;0;0
"12/08/2022";"14:03:00";"120";"Acidente c";"394,45";"BR-101/SC";"Sul";"Colisão - Traseira";1;0;0;0;0;0;0;0;0;1;2;0;1;0;0
"12/08/2022";"14:28:00";"123";"Acidente s";"245";"BR-101/SC";"Sul";"Colisão - Traseira";0;0;0;0;0;0;0;0;0;2;2;0;0;0;0
"12/08/2022";"20:04:00";"170";"Acidente s";"360";"BR-101/SC";"Sul";"Saída de pista";1;0;0;0;0;0;0;0;0;0;1;0;0;0;0
"13/08/2022";"05:14:00";"12";"Acidente c";"341";"BR-101/SC";"Norte";"Colisão - Frontal";1;0;0;0;0;0;0;0;0;0;0;0;1;0;0
"13/08/2022";"05:16:00";"13";"Acidente c";"416";"BR-101/SC";"Norte";"Capotamento";1;0;0;0;0;0;0;0;0;0;0;0;0;1;0
"13/08/2022";"09:10:00";"42";"Acidente c";"331";"BR-101/SC";"Sul";"Colisão - Lateral";1;0;0;1;0;0;0;0;0;0;1;1;0;0;0
"13/08/2022";"10:37:00";"49";"Acidente c";"404";"BR-101/SC";"Sul";"Colisão - Traseira";0;0;0;1;0;0;0;1;0;0;2;0;1;0;0
"13/08/2022";"16:34:00";"85";"Acidente c";"360";"BR-101/SC";"Sul";"Queda de moto";0;0;0;1;0;0;0;0;0;0;0;1;1;0;0
"13/08/2022";"18:28:00";"94";"Acidente s";"340";"BR-101/SC";"Sul";"Colisão - Traseira";2;0;0;0;0;0;0;0;0;0;4;0;0;0;0
"13/08/2022";"18:42:00";"95";"Acidente c";"418";"BR-101/SC";"Ambos";"Colisão - Traseira";1;0;0;1;0;0;0;0;0;0;5;0;1;0;0
"13/08/2022";"20:42:00";"107";"Acidente s";"405";"BR-101/SC";"Sul";"Colisão - Lateral";1;0;1;0;0;0;0;0;0;0;5;0;0;0;0
"14/08/2022";"05:10:00";"14";"Acidente s";"385";"BR-101/SC";"Norte";"Colisão - Lateral";1;0;1;0;0;0;0;0;0;0;4;0;0;0;0
"14/08/2022";"07:58:00";"30";"Acidente s";"318";"BR-101/SC";"Sul";"Colisão - Lateral";1;0;0;0;0;0;0;0;0;1;2;0;0;0;0
"14/08/2022";"15:17:00";"80";"Acidente s";"344";"BR-101/SC";"Sul";"Colisão - Traseira";1;0;0;0;0;0;0;0;0;1;4;0;0;0;0
"14/08/2022";"21:08:00";"131";"Acidente s";"295";"BR-101/SC";"Norte";"Atropelamento de Animal";1;0;0;0;0;0;0;0;0;0;5;0;0;0;0
"14/08/2022";"21:33:00";"135";"Acidente s";"434";"BR-101/SC";"Norte";"Colisão - Transversal";1;0;0;1;0;0;0;0;0;0;2;0;0;0;0
"15/08/2022";"21:59:00";"139";"Atropelame";"311";"BR-101/SC";"Norte";"Atropelamento - Usuário";1;0;0;1;0;0;0;0;0;0;2;0;0;0;0
"16/08/2022";"04:29:00";"7";"Acidente c";"385";"BR-101/SC";"Norte";"Colisão - Traseira";0;0;1;1;0;0;0;0;0;0;1;0;1;0;0
"16/08/2022";"11:02:00";"80";"Acidente s";"397";"BR-101/SC";"Norte";"Choque Barreira";2;0;0;0;0;0;0;0;0;0;4;0;0;0;0
"16/08/2022";"14:44:00";"110";"Acidente s";"306";"BR-101/SC";"Norte";"Saída de pista";1;0;0;0;0;0;0;0;0;0;1;0;0;0;0
"16/08/2022";"14:44:00";"111";"Acidente s";"269";"BR-101/SC";"Norte";"Saída de pista";0;0;0;0;0;0;0;0;0;1;1;0;0;0;0
"16/08/2022";"15:20:00";"119";"Acidente c";"407";"BR-101/SC";"Norte";"Saída de pista";1;0;0;0;0;0;0;0;0;0;1;0;1;0;0
"16/08/2022";"18:24:00";"138";"Acidente s";"443";"BR-101/SC";"Sul";"Saída de pista";1;0;0;0;0;0;0;0;0;0;2;0;0;0;0
"16/08/2022";"23:15:00";"168";"Acidente s";"298";"BR-101/SC";"Sul";"Choque Praça - Submarino";0;0;0;0;0;0;0;0;0;1;2;0;0;0;0
"16/08/2022";"23:21:00";"169";"Acidente s";"349";"BR-101/SC";"Norte";"Saída de pista";1;0;0;0;0;0;0;0;0;0;5;0;0;0;0
"17/08/2022";"00:44:00";"4";"Acidente s";"305";"BR-101/SC";"Norte";"Colisão - Lateral";1;0;0;0;0;0;0;0;0;0;2;0;0;0;0
"17/08/2022";"10:55:00";"86";"Acidente s";"262";"BR-101/SC";"Norte";"Choque Barreira";0;0;0;0;0;0;0;1;0;0;1;0;0;0;0
"17/08/2022";"20:25:00";"158";"Acidente s";"262";"BR-101/SC";"Ambos";"Colisão - Traseira";1;0;0;0;0;0;0;0;0;1;3;0;0;0;0
"17/08/2022";"21:05:00";"163";"Acidente s";"281";"BR-101/SC";"Norte";"Saída de pista";1;0;0;0;0;0;0;0;0;0;1;0;0;0;0
"17/08/2022";"23:08:00";"169";"Acidente s";"384";"BR-101/SC";"Sul";"Saída de pista";1;0;0;0;0;0;0;0;0;0;1;0;0;0;0
"17/08/2022";"23:33:00";"170";"Acidente s";"312";"BR-101/SC";"Sul";"Saída de pista";1;0;0;0;0;0;0;0;0;0;1;0;0;0;0
"18/08/2022";"04:10:00";"10";"Acidente s";"344";"BR-101/SC";"Sul";"Colisão - Lateral";1;0;0;0;0;0;0;1;0;0;3;0;0;0;0
"18/08/2022";"05:45:00";"13";"Acidente s";"270";"BR-101/SC";"Norte";"Saída de pista";1;0;0;0;0;0;0;0;0;0;2;0;0;0;0
"18/08/2022";"06:55:00";"15";"Acidente s";"331";"BR-101/SC";"Sul";"Saída de pista";1;0;0;0;0;0;0;0;0;0;1;0;0;0;0
"18/08/2022";"07:43:00";"27";"Acidente c";"365,5";"BR-101/SC";"Sul";"Saída de pista";1;0;0;0;0;0;0;0;0;0;0;1;0;0;0
"18/08/2022";"07:49:00";"29";"Acidente s";"246";"BR-101/SC";"Sul";"Colisão - Lateral";1;0;0;0;0;0;0;0;0;1;2;0;0;0;0
"19/08/2022";"07:36:00";"35";"Acidente s";"363";"BR-101/SC";"Sul";"Colisão - Traseira";3;0;0;0;0;0;0;0;0;0;3;0;0;0;0
"19/08/2022";"07:47:00";"37";"Acidente c";"327";"BR-101/SC";"Sul";"Colisão - Traseira";3;0;0;0;0;0;0;0;0;0;4;0;1;0;0
"19/08/2022";"12:04:00";"88";"Acidente s";"343";"BR-101/SC";"Sul";"Colisão - Traseira";2;0;0;0;0;0;0;0;0;0;2;0;0;0;0
"19/08/2022";"12:13:00";"91";"Acidente s";"349";"BR-101/SC";"Sul";"Choque Barreira";1;0;0;0;0;0;0;0;0;0;1;0;0;0;0
"19/08/2022";"16:06:00";"121";"Acidente s";"439";"BR-101/SC";"Norte";"Colisão - Traseira";2;0;0;0;0;0;0;0;0;0;4;0;0;0;0
"19/08/2022";"18:02:00";"130";"Acidente s";"272";"BR-101/SC";"Sul";"Colisão - Lateral";1;0;0;1;0;0;0;0;0;0;2;0;0;0;0
"19/08/2022";"19:19:00";"134";"Acidente s";"270";"BR-101/SC";"Norte";"Saída de pista";1;0;0;0;0;0;0;0;0;0;1;0;0;0;0
"20/08/2022";"03:59:00";"11";"Acidente c";"311";"BR-101/SC";"Sul";"Colisão - Frontal";1;0;0;1;0;0;0;0;0;0;2;0;0;0;1
"20/08/2022";"09:05:00";"45";"Acidente s";"368";"BR-101/SC";"Sul";"Saída de pista";1;0;0;0;0;0;0;0;0;0;1;0;0;0;0
"20/08/2022";"11:43:00";"67";"Acidente s";"350";"BR-101/SC";"Norte";"Colisão - Traseira";1;0;0;0;0;0;0;0;0;1;4;0;0;0;0
"20/08/2022";"18:13:00";"105";"Acidente s";"359";"BR-101/SC";"Norte";"Saída de pista";1;0;0;0;0;0;0;0;0;0;1;0;0;0;0
"20/08/2022";"21:46:00";"120";"Acidente s";"360";"BR-101/SC";"Sul";"Saída de pista";1;0;0;0;0;0;0;0;0;0;4;0;0;0;0
"21/08/2022";"01:04:00";"1";"Acidente c";"329";"BR-101/SC";"Sul";"Saída de pista";1;0;0;0;0;0;0;0;0;0;0;1;0;0;0
"21/08/2022";"07:12:00";"18";"Acidente s";"407";"BR-101/SC";"Sul";"Saída de pista";1;0;0;0;0;0;0;0;0;0;3;0;0;0;0
"21/08/2022";"07:12:00";"19";"Acidente s";"361";"BR-101/SC";"Sul";"Choque Barreira";1;0;0;0;0;0;0;0;0;0;5;0;0;0;0
"21/08/2022";"09:52:00";"48";"Acidente c";"376";"BR-101/SC";"Norte";"Queda de moto";1;0;0;0;0;0;0;0;0;0;0;0;2;0;0
"21/08/2022";"10:19:00";"50";"Acidente s";"349,7";"BR-101/SC";"Sul";"Colisão - Lateral";1;0;0;0;0;0;0;1;0;0;6;0;0;0;0
"21/08/2022";"11:54:00";"62";"Acidente c";"441";"BR-101/SC";"Sul";"Colisão - Traseira";1;0;0;1;0;0;0;0;0;0;2;1;0;0;0
"21/08/2022";"13:47:00";"67";"Acidente s";"355";"BR-101/SC";"Sul";"Colisão - Traseira";3;0;0;0;0;0;0;0;0;0;5;0;0;0;0
"21/08/2022";"15:54:00";"86";"Acidente s";"251";"BR-101/SC";"Norte";"Colisão - Traseira";2;0;0;0;0;0;0;0;0;0;6;0;0;0;0
"21/08/2022";"16:17:00";"87";"Acidente c";"307";"BR-101/SC";"Sul";"Capotamento";1;0;0;0;0;0;0;0;0;0;0;0;2;0;0
"21/08/2022";"18:36:00";"100";"Acidente s";"416";"BR-101/SC";"Norte";"Colisão - Frontal";1;0;0;1;0;0;0;0;0;0;3;0;0;0;0
"22/08/2022";"17:48:00";"142";"Acidente s";"271";"BR-101/SC";"Norte";"Choque com objeto sobre a pista";0;0;0;1;0;0;0;0;0;0;2;0;0;0;0
"23/08/2022";"04:15:00";"10";"Acidente s";"404";"BR-101/SC";"Sul";"Colisão - Lateral";1;0;1;0;0;0;0;0;0;0;2;0;0;0;0
"23/08/2022";"06:30:00";"16";"Acidente s";"329";"BR-101/SC";"Norte";"Saída de pista";1;0;0;0;0;0;0;0;0;0;1;0;0;0;0
"23/08/2022";"12:06:00";"97";"Acidente s";"330";"BR-101/SC";"Sul";"Colisão - Lateral";1;0;0;0;0;0;0;0;0;1;3;0;0;0;0
"23/08/2022";"16:00:00";"130";"Acidente s";"277";"BR-101/SC";"Sul";"Queda de moto";0;0;0;1;0;0;0;0;0;0;1;0;0;0;0
"23/08/2022";"16:28:00";"134";"Acidente s";"311";"BR-101/SC";"Norte";"Colisão - Traseira";1;0;0;0;0;0;0;0;0;1;3;0;0;0;0
"23/08/2022";"17:45:00";"136";"Acidente s";"350";"BR-101/SC";"Norte";"Tombamento";0;0;0;0;0;0;0;1;0;0;1;0;0;0;0
"24/08/2022";"12:55:00";"107";"Acidente s";"397";"BR-101/SC";"Sul";"Choque com objeto sobre a pista";1;0;0;0;0;0;0;0;0;0;2;0;0;0;0
"24/08/2022";"19:14:00";"156";"Acidente s";"350";"BR-101/SC";"Sul";"Colisão - Traseira";3;0;0;0;0;0;0;0;0;0;4;0;0;0;0
"25/08/2022";"01:07:00";"5";"Acidente c";"365";"BR-101/SC";"Sul";"Colisão - Traseira";1;0;0;1;0;0;0;0;0;0;1;0;1;1;0
"25/08/2022";"02:34:00";"11";"Acidente s";"329";"BR-101/SC";"Norte";"Saída de pista";0;0;0;0;0;0;0;1;0;0;1;0;0;0;0
"25/08/2022";"07:41:00";"33";"Acidente c";"283";"BR-101/SC";"Sul";"Colisão - Lateral";0;0;0;0;0;0;0;1;0;2;3;0;1;0;0
"25/08/2022";"07:58:00";"38";"Acidente s";"328";"BR-101/SC";"Sul";"Colisão - Traseira";0;0;0;0;0;0;0;1;0;1;2;0;0;0;0
"25/08/2022";"08:51:00";"56";"Acidente c";"329,22";"BR-101/SC";"Norte";"Colisão - Lateral";0;0;0;1;0;0;0;0;0;1;1;1;0;0;0
"25/08/2022";"13:30:00";"106";"Acidente c";"273";"BR-101/SC";"Norte";"Colisão - Traseira";0;0;0;1;0;0;0;1;0;0;1;0;0;1;0
"25/08/2022";"15:53:00";"119";"Acidente s";"318";"BR-101/SC";"Sul";"Saída de pista";0;0;0;0;0;0;0;0;0;1;1;0;0;0;0
"25/08/2022";"20:05:00";"143";"Acidente c";"344";"BR-101/SC";"Norte";"Saída de pista";1;0;0;0;0;0;0;0;0;0;3;1;0;0;0
"26/08/2022";"01:00:00";"2";"Acidente s";"358";"BR-101/SC";"Sul";"Colisão - Traseira";0;0;1;0;0;0;0;1;0;0;2;0;0;0;0
"26/08/2022";"07:16:00";"29";"Acidente c";"426";"BR-101/SC";"Sul";"Colisão - Frontal";1;0;0;1;0;0;0;0;0;0;1;0;1;0;0
"26/08/2022";"07:17:00";"30";"Atropelame";"251";"BR-101/SC";"Norte";"Atropelamento - Funcionário";1;0;0;0;1;0;0;0;0;0;1;0;0;2;0
"26/08/2022";"14:49:00";"119";"Acidente s";"463,4";"BR-101/SC";"Norte";"Colisão - Traseira";2;0;0;0;1;0;0;0;0;0;3;0;0;0;0
"26/08/2022";"18:35:00";"147";"Acidente s";"265";"BR-101/SC";"Norte";"Colisão - Lateral";0;0;0;0;0;0;0;1;0;1;3;0;0;0;0
"26/08/2022";"21:57:00";"170";"Acidente s";"319";"BR-101/SC";"Sul";"Colisão - Lateral";0;0;0;0;0;0;0;1;0;0;2;0;0;0;0
"26/08/2022";"23:06:00";"177";"Acidente s";"350";"BR-101/SC";"Sul";"Colisão - Traseira";1;0;0;0;0;0;0;1;0;0;2;0;0;0;0
"27/08/2022";"02:04:00";"12";"Acidente s";"348";"BR-101/SC";"Sul";"Saída de pista";1;0;0;0;0;0;0;0;0;0;1;0;0;0;0
"27/08/2022";"10:17:00";"49";"Acidente c";"327";"BR-101/SC";"Sul";"Queda de moto";0;0;0;1;0;0;0;0;0;0;0;1;0;0;0
"27/08/2022";"16:36:00";"84";"Acidente s";"286";"BR-101/SC";"Sul";"Queda de moto";1;0;0;0;0;0;0;0;0;0;0;1;0;0;0
"27/08/2022";"19:11:00";"92";"Acidente s";"360";"BR-101/SC";"Sul";"Saída de pista";1;0;0;0;0;0;0;0;0;0;2;0;0;0;0
"27/08/2022";"19:41:00";"95";"Acidente c";"367";"BR-101/SC";"Sul";"Saída de pista";1;0;0;0;0;0;0;0;0;0;0;1;0;0;0
"28/08/2022";"03:11:00";"19";"Acidente s";"372";"BR-101/SC";"Sul";"Saída de pista";1;0;0;0;0;0;0;0;0;0;2;0;0;0;0
"28/08/2022";"04:28:00";"21";"Acidente c";"377";"BR-101/SC";"Sul";"Choque Defensa";1;0;0;0;0;0;0;0;0;0;0;1;0;0;0
"28/08/2022";"08:24:00";"36";"Acidente c";"404";"BR-101/SC";"Norte";"Saída de pista";1;0;0;0;0;0;0;0;0;1;0;0;1;0;0
"28/08/2022";"09:35:00";"46";"Acidente s";"417";"BR-101/SC";"Sul";;1;0;0;0;0;0;0;0;0;0;1;0;0;0;0
"28/08/2022";"15:40:00";"91";"Acidente s";"420";"BR-101/SC";"Norte";"Tombamento";1;0;0;0;0;0;0;0;0;0;1;0;0;0;0
"28/08/2022";"19:24:00";"112";"Acidente c";"400";"BR-101/SC";"Norte";"Colisão - Frontal";1;0;0;1;0;0;0;0;0;0;1;1;0;0;0
"28/08/2022";"20:40:00";"123";"Acidente c";"383";"BR-101/SC";"Sul";"Capotamento";1;0;0;0;0;0;0;0;0;0;0;1;0;0;0
"28/08/2022";"20:40:00";"124";"Acidente s";"404";"BR-101/SC";"Norte";"Saída de pista";1;0;0;0;0;0;0;0;0;0;1;0;0;0;0
"29/08/2022";"10:21:00";"65";"Acidente c";"435";"BR-101/SC";"Sul";"Colisão - Lateral";1;0;0;1;0;0;0;0;0;0;1;1;0;0;0
"29/08/2022";"15:56:00";"98";"Acidente s";"266";"BR-101/SC";"Sul";"Colisão - Traseira";0;0;0;0;0;0;0;1;0;1;2;0;0;0;0
"29/08/2022";"18:03:00";"112";"Acidente s";"275";"BR-101/SC";"Norte";"Saída de pista";1;0;0;0;0;0;0;0;0;0;1;0;0;0;0
"29/08/2022";"19:25:00";"125";"Acidente c";"331";"BR-101/SC";"Sul";"Colisão - Lateral";2;0;0;1;0;0;0;0;0;0;3;1;0;0;0
"29/08/2022";"22:10:00";"145";"Acidente s";"360";"BR-101/SC";"Sul";"Choque Barreira";1;0;0;0;0;0;0;0;0;0;3;0;0;0;0
"30/08/2022";"08:51:00";"56";"Acidente s";"336";"BR-101/SC";"Sul";"Colisão - Traseira";2;0;0;0;0;0;0;0;0;0;1;0;0;0;0
"30/08/2022";"09:19:00";"61";"Acidente s";"334";"BR-101/SC";"Sul";"Colisão - Lateral";1;0;0;0;0;0;0;0;0;1;4;0;0;0;0
"30/08/2022";"10:03:00";"67";"Acidente c";"367";"BR-101/SC";"Norte";"Saída de pista";1;0;0;0;0;0;0;0;0;0;0;1;0;0;0
"30/08/2022";"11:11:00";"79";"Acidente c";"351";"BR-101/SC";"Norte";"Saída de pista";1;0;0;0;0;0;0;0;0;0;2;1;0;0;0
"31/08/2022";"11:37:00";"78";"Acidente s";"459";"BR-101/SC";"Ambos";"Saída de pista";1;0;0;0;0;0;0;0;0;0;3;0;0;0;0
"31/08/2022";"12:05:00";"79";"Acidente s";"331";"BR-101/SC";"Norte";"Colisão - Lateral";2;0;0;0;0;0;0;0;0;0;2;0;0;0;0
"31/08/2022";"18:09:00";"111";"Acidente c";"430";"BR-101/SC";"Sul";"Colisão - Traseira";1;0;0;1;0;0;0;1;0;0;2;0;0;0;1
"31/08/2022";"18:42:00";"112";"Acidente s";"381";"BR-101/SC";"Sul";"Colisão - Lateral";1;0;0;1;0;0;0;0;0;0;1;0;0;0;0
"01/09/2022";"20:07:00";"131";"Acidente c";"344";"BR-101/SC";"Sul";"Saída de pista";0;0;1;0;0;0;0;0;0;0;0;2;0;0;0
"02/09/2022";"11:18:00";"75";"Acidente s";"284,4";"BR-101/SC";"Norte";"Colisão - Lateral";2;0;0;0;0;0;0;0;0;0;6;0;0;0;0
"02/09/2022";"14:14:00";"97";"Acidente s";"329";"BR-101/SC";"Norte";"Saída de pista";0;0;0;0;0;0;0;0;0;1;1;0;0;0;0
"02/09/2022";"17:12:00";"116";"Acidente s";"253,5";"BR-101/SC";"Sul";"Saída de pista";1;0;0;0;0;0;0;0;0;0;1;0;0;0;0
"02/09/2022";"17:25:00";"120";"Acidente s";"331";"BR-101/SC";"Ambos";"Colisão - Lateral";1;0;0;1;0;0;0;0;0;0;3;0;0;0;0
"02/09/2022";"18:18:00";"125";"Acidente s";"424";"BR-101/SC";"Norte";"Colisão - Lateral";2;0;0;0;0;0;0;0;0;0;2;0;0;0;0
"02/09/2022";"20:24:00";"134";"Atropelame";"311";"BR-101/SC";"Sul";"Atropelamento - Usuário";0;0;0;1;0;0;0;0;0;0;1;0;1;0;0
"02/09/2022";"23:05:00";"140";"Acidente s";"400";"BR-101/SC";"Sul";"Colisão - Lateral";2;0;0;0;0;0;0;0;0;0;2;0;0;0;0
"02/09/2022";"23:20:00";"142";"Acidente s";"251";"BR-101/SC";"Sul";"Saída de pista";1;0;0;0;0;0;0;0;0;0;1;0;0;0;0
"03/09/2022";"03:53:00";"6";"Acidente c";"278";"BR-101/SC";"Norte";"Colisão - Traseira";1;0;1;0;0;0;0;0;0;0;0;0;0;0;1
"03/09/2022";"06:28:00";"12";"Acidente s";"385,5";"BR-101/SC";"Sul";"Choque Defensa";1;0;0;0;0;0;0;0;0;0;2;0;0;0;0
"03/09/2022";"07:23:00";"19";"Acidente s";"279";"BR-101/SC";"Sul";"Colisão - Traseira";0;0;0;0;0;0;0;0;0;1;3;0;0;0;0
"03/09/2022";"10:41:00";"47";"Acidente s";"433,5";"BR-101/SC";"Norte";"Colisão - Traseira";1;0;0;0;0;0;0;0;0;1;2;0;0;0;0
"03/09/2022";"16:44:00";"79";"Acidente s";"436";"BR-101/SC";"Sul";"Colisão - Traseira";1;0;0;1;0;0;0;0;0;0;2;0;0;0;0
"03/09/2022";"21:19:00";"102";"Acidente s";"298";"BR-101/SC";"Norte";"Choque Praça - Submarino";1;0;0;0;0;0;0;0;0;0;4;0;0;0;0
"04/09/2022";"02:39:00";"7";"Acidente s";"329";"BR-101/SC";"Sul";"Choque Barreira";1;0;0;0;0;0;0;0;0;0;4;0;0;0;0
"04/09/2022";"06:24:00";"12";"Acidente c";"441";"BR-101/SC";"Sul";"Capotamento";1;0;0;0;0;0;0;1;0;0;1;0;1;0;0
"04/09/2022";"06:37:00";"14";"Acidente s";"367";"BR-101/SC";"Sul";"Capotamento";1;0;0;0;0;0;0;0;0;0;1;0;0;0;0
"04/09/2022";"15:10:00";"59";"Acidente c";"440";"BR-101/SC";"Norte";"Capotamento";2;0;0;0;0;0;0;0;0;0;1;1;0;0;0
"04/09/2022";"20:07:00";"94";"Atropelame";"297";"BR-101/SC";"Norte";"Atropelamento - Usuário";1;0;0;0;0;0;0;0;0;0;3;0;0;0;0
"04/09/2022";"21:56:00";"103";"Acidente s";"434";"BR-101/SC";"Sul";"Colisão - Lateral";1;0;0;1;0;0;0;0;0;0;3;0;0;0;0
"04/09/2022";"22:33:00";"106";"Acidente c";"269";"BR-101/SC";"Sul";"Colisão - Lateral";2;0;0;0;0;0;0;0;0;0;1;2;0;0;0
"05/09/2022";"16:34:00";"103";"Acidente c";"416";"BR-101/SC";"Sul";"Colisão - Frontal";2;0;0;0;0;0;0;0;0;0;1;1;0;0;0
"06/09/2022";"03:01:00";"4";"Acidente c";"277";"BR-101/SC";"Norte";"Colisão - Traseira";0;0;0;0;0;0;0;1;0;1;1;0;1;0;0
"06/09/2022";"11:48:00";"53";"Acidente s";"265";"BR-101/SC";"Sul";"Colisão - Lateral";1;0;0;0;0;0;0;1;0;0;2;0;0;0;0