data;horario;n_da_ocorrencia;tipo_de_ocorrencia;km;trecho;sentido;tipo_de_acidente;automovel;bicicleta;caminhao;moto;onibus;outros;tracao_animal;transporte_de_cargas_especiais;trator_maquinas;utilitarios;ilesos;levemente_feridos;moderadamente_feridos;gravemente_feridos;mortos
"08/10/2022";"21:29:00";"119";"Acidente c";"405";"BR-101/SC";"Norte";"Capotamento";0;0;0;0;0;0;0;0;0;0;3;0;0;1;1
"08/10/2022";"22:50:00";"125";"Acidente s";"343";"BR-101/SC";"Norte";"Saída de pista";0;0;0;0;0;0;0;0;0;0;3;0;0;0;0
"08/10/2022";"23:39:00";"130";"Acidente s";"355";"BR-101/SC";"Sul";"Saída de pista";0;0;0;0;0;0;0;0;0;0;1;0;0;0;0
"09/10/2022";"03:33:00";"8";"Acidente s";"275";"BR-101/SC";"Norte";"Atropelamento de Animal";0;0;0;0;0;0;0;0;0;0;2;0;0;0;0
"09/10/2022";"05:43:00";"9";"Acidente s";"371";"BR-101/SC";"Sul";"Saída de pista";0;0;0;0;0;0;0;0;0;0;1;0;0;0;0
"09/10/2022";"10:44:00";"34";"Acidente s";"252";"BR-101/SC";"Norte";"Colisão - Lateral";0;0;0;0;0;0;0;0;0;0;4;0;0;0;0
"09/10/2022";"16:41:00";"67";"Acidente s";"336";"BR-101/SC";"Sul";"Engavetamento";0;0;0;0;0;0;0;0;0;0;7;0;0;0;0
"09/10/2022";"17:49:00";"69";"Acidente s";"379";"BR-101/SC";"Norte";"Colisão - Lateral";0;0;0;0;0;0;0;0;0;0;2;0;0;0;0
"09/10/2022";"19:13:00";"78";"Acidente s";"404";"BR-101/SC";"Norte";"Saída de pista";0;0;0;0;0;0;0;0;0;0;3;0;0;0;0
"10/10/2022";"05:43:00";"15";"Acidente c";"251";"BR-101/SC";"Norte";"Capotamento";0;0;0;0;0;0;0;0;0;0;1;1;0;0;0
"10/10/2022";"13:18:00";"71";"Acidente s";"282";"BR-101/SC";"Sul";"Tombamento";0;0;0;0;0;0;0;0;0;0;2;0;0;0;0
"10/10/2022";"14:06:00";"80";"Acidente c";"286";"BR-101/SC";"Norte";"Saída de pista";0;0;0;0;0;0;0;0;0;0;0;1;0;0;0
"10/10/2022";"17:16:00";"93";"Acidente s";"424,5";"BR-101/SC";"Sul";"Saída de pista";0;0;0;0;0;0;0;0;0;0;2;0;0;0;0
"10/10/2022";"18:21:00";"99";"Acidente s";"327";"BR-101/SC";"Norte";"Colisão - Lateral";0;0;0;0;0;0;0;0;0;0;3;0;0;0;0
"10/10/2022";"18:51:00";"103";"Acidente s";"436";"BR-101/SC";"Sul";"Colisão - Traseira";0;0;0;0;0;0;0;0;0;0;2;0;0;0;0
"10/10/2022";"21:33:00";"114";"Acidente s";"404";"BR-101/SC";"Sul";"Colisão - Traseira";0;0;0;0;0;0;0;0;0;0;2;0;0;0;0
"11/10/2022";"05:03:00";"13";"Acidente s";"308";"BR-101/SC";"Norte";"Tombamento";0;0;1;0;0;0;0;0;0;0;1;0;0;0;0
"11/10/2022";"12:00:00";"60";"Acidente s";"386";"BR-101/SC";"Sul";"Colisão - Traseira";0;0;1;0;0;0;0;0;0;0;3;0;0;0;0
"11/10/2022";"13:16:00";"69";"Acidente s";"298";"BR-101/SC";"Sul";"Colisão - Traseira";0;0;0;0;0;0;0;0;0;0;5;0;0;0;0
"11/10/2022";"19:11:00";"97";"Acidente s";"358,5";"BR-101/SC";"Sul";"Saída de pista";0;0;0;0;0;0;0;0;0;0;1;0;0;0;0
"12/10/2022";"00:12:00";"5";"Acidente s";"330";"BR-101/SC";"Norte";"Colisão - Lateral";0;0;0;0;0;0;0;0;0;0;5;0;0;0;0
"12/10/2022";"07:20:00";"23";"Acidente c";"338";"BR-101/SC";"Norte";"Choque Defensa";0;0;0;0;0;0;0;0;0;0;0;1;0;0;0
"12/10/2022";"12:57:00";"55";"Atropelame";"381,7";"BR-101/SC";"Norte";"Atropelamento - Usuário";0;0;0;0;0;0;0;0;0;0;1;0;2;0;0
"12/10/2022";"19:23:00";"92";"Acidente s";"298";"BR-101/SC";"Norte";"Colisão - Lateral";0;0;1;0;0;0;0;0;0;0;3;0;0;0;0
"13/10/2022";"12:05:00";"66";"Acidente s";"449";"BR-101/SC";"Sul";"Queda de moto";0;0;0;0;0;0;0;0;0;0;1;0;0;0;0
"13/10/2022";"16:35:00";"92";"Acidente s";"266";"BR-101/SC";"Sul";"Saída de pista";0;0;0;0;0;0;0;0;0;0;1;0;0;0;0
"13/10/2022";"18:53:00";"99";"Acidente s";"392";"BR-101/SC";"Sul";"Colisão - Traseira";0;0;1;0;0;0;0;0;0;0;1;0;0;0;0
"13/10/2022";"20:27:00";"108";"Acidente s";"315";"BR-101/SC";"Sul";"Choque Barreira";0;0;0;0;0;0;0;0;0;0;2;0;0;0;0
"13/10/2022";"21:04:00";"109";"Acidente s";"315";"BR-101/SC";"Sul";"Choque Barreira";0;0;0;0;0;0;0;0;0;0;1;0;0;0;0
"14/10/2022";"02:47:00";"8";"Acidente s";"442,2";"BR-101/SC";"Sul";"Atropelamento de Animal";0;0;1;0;0;0;0;0;0;0;1;0;0;0;0
"14/10/2022";"10:57:00";"54";"Acidente s";"316";"BR-101/SC";"Norte";"Colisão - Traseira";0;0;0;0;0;0;0;0;0;0;4;0;0;0;0
"14/10/2022";"15:35:00";"84";"Acidente s";"306";"BR-101/SC";"Sul";"Colisão - Traseira";0;0;0;0;0;0;0;0;0;0;4;0;0;0;0
"14/10/2022";"19:18:00";"108";"Acidente s";"359";"BR-101/SC";"Sul";"Queda de moto";0;0;0;0;0;0;0;0;0;0;1;0;0;0;0
"14/10/2022";"20:36:00";"112";"Acidente s";"275";"BR-101/SC";"Sul";"Saída de pista";0;0;0;0;0;0;0;0;0;0;1;0;0;0;0
"14/10/2022";"21:41:00";"120";"Acidente s";"360";"BR-101/SC";"Sul";"Saída de pista";0;0;0;0;0;0;0;0;0;0;1;0;0;0;0
"15/10/2022";"01:33:00";"10";"Acidente s";"336";"BR-101/SC";"Sul";"Choque Barreira";0;0;0;0;0;0;0;0;0;0;1;0;0;0;0
"15/10/2022";"02:47:00";"13";"Acidente s";"418";"BR-101/SC";"Norte";"Saída de pista";0;0;0;0;0;0;0;0;0;0;1;0;0;0;0
"15/10/2022";"03:17:00";"14";"Acidente s";"331";"BR-101/SC";"Sul";"Saída de pista";0;0;0;0;0;0;0;0;0;0;1;0;0;0;0
"15/10/2022";"04:37:00";"19";"Acidente s";"313";"BR-101/SC";"Sul";"Capotamento";0;0;0;0;0;0;0;0;0;0;1;0;0;0;0
"15/10/2022";"04:48:00";"20";"Acidente s";"355";"BR-101/SC";"Sul";"Saída de pista";0;0;0;0;0;0;0;0;0;0;2;0;0;0;0
"15/10/2022";"10:33:00";"46";"Acidente s";"250";"BR-101/SC";"Sul";"Saída de pista";0;0;0;0;0;0;0;0;0;0;4;0;0;0;0
"15/10/2022";"19:35:00";"89";"Acidente s";"344";"BR-101/SC";"Norte";"Queda de moto";0;0;0;1;0;0;0;0;0;0;1;0;0;0;0
"15/10/2022";"23:40:00";"101";"Acidente c";"275,5";"BR-101/SC";"Norte";"Colisão - Traseira";0;0;2;0;0;0;0;0;0;0;1;0;0;1;0
"16/10/2022";"02:18:00";"6";"Acidente s";"344";"BR-101/SC";"Sul";"Choque Barreira";0;0;0;0;0;0;0;0;0;0;2;0;0;0;0
"16/10/2022";"07:15:00";"14";"Acidente s";"353";"BR-101/SC";"Norte";"Capotamento";0;0;0;0;0;0;0;0;0;0;1;0;0;0;0
"16/10/2022";"12:50:00";"44";"Acidente c";"280";"BR-101/SC";"Norte";"Choque Defensa";0;0;0;0;0;0;0;0;0;0;0;1;0;0;0
"16/10/2022";"13:04:00";"46";"Acidente c";"344,1";"BR-101/SC";"Norte";"Colisão - Traseira";0;0;0;0;0;0;0;0;0;0;1;1;0;0;0
"16/10/2022";"13:47:00";"48";"Acidente s";"312";"BR-101/SC";"Sul";"Engavetamento";0;0;1;0;0;0;0;0;0;0;39;0;0;0;0
"16/10/2022";"14:06:00";"51";"Acidente s";"310";"BR-101/SC";"Sul";"Colisão - Traseira";0;0;0;0;0;0;0;0;0;0;2;0;0;0;0
"16/10/2022";"15:25:00";"60";"Acidente s";"327";"BR-101/SC";"Sul";"Queda de moto";0;0;0;1;0;0;0;0;0;0;2;0;0;0;0
"16/10/2022";"16:47:00";"71";"Acidente c";"375";"BR-101/SC";"Norte";"Capotamento";0;0;0;0;0;0;0;0;0;0;2;2;0;0;0
"16/10/2022";"17:14:00";"78";"Acidente s";"328,8";"BR-101/SC";"Norte";"Colisão - Transversal";0;0;0;0;0;0;0;0;0;0;5;0;0;0;0
"16/10/2022";"17:51:00";"82";"Atropelame";"421";"BR-101/SC";"Ambos";"Atropelamento - Esportista";0;0;0;1;0;0;0;0;0;0;1;0;1;0;0
"16/10/2022";"19:16:00";"88";"Acidente s";"272,8";"BR-101/SC";"Norte";"Saída de pista";0;0;0;0;0;0;0;0;0;0;1;0;0;0;0
"16/10/2022";"20:22:00";"94";"Acidente s";"253";"BR-101/SC";"Sul";"Colisão - Lateral";0;0;0;0;0;0;0;0;0;0;4;0;0;0;0
"17/10/2022";"07:13:00";"20";"Acidente s";"456";"BR-101/SC";"Sul";"Colisão - Traseira";0;0;1;0;0;0;0;0;0;0;2;0;0;0;0
"17/10/2022";"15:23:00";"101";"Acidente s";"356";"BR-101/SC";"Norte";"Saída de pista";0;0;0;0;0;0;0;0;0;0;1;0;0;0;0
"17/10/2022";"17:25:00";"113";"Acidente s";"339,4";"BR-101/SC";"Norte";"Colisão - Lateral";0;0;0;0;0;0;0;0;0;0;3;0;0;0;0
"17/10/2022";"18:51:00";"117";"Acidente c";"416";"BR-101/SC";"Norte";"Colisão - Frontal";0;0;0;2;0;0;0;0;0;0;0;0;2;0;0
"18/10/2022";"05:19:00";"19";"Acidente s";"376";"BR-101/SC";"Norte";"Saída de pista";0;0;0;0;0;0;0;0;0;0;1;0;0;0;0
"18/10/2022";"06:16:00";"20";"Acidente s";"277";"BR-101/SC";"Norte";"Saída de pista";0;0;0;0;0;0;0;0;0;0;2;0;0;0;0
"18/10/2022";"19:14:00";"119";"Acidente s";"345";"BR-101/SC";"Norte";"Saída de pista";0;0;0;0;0;0;0;0;0;0;2;0;0;0;0
"18/10/2022";"20:07:00";"121";"Acidente s";"349";"BR-101/SC";"Norte";"Choque Defensa";0;0;0;0;0;0;0;0;0;0;1;0;0;0;0
"18/10/2022";"22:40:00";"128";"Acidente s";"300,8";"BR-101/SC";"Sul";"Saída de pista";0;0;1;0;0;0;0;0;0;0;1;0;0;0;0
"19/10/2022";"07:06:00";"19";"Acidente s";"278";"BR-101/SC";"Norte";"Colisão - Traseira";0;0;0;0;0;0;0;0;0;0;4;0;0;0;0
"19/10/2022";"07:09:00";"20";"Acidente c";"363";"BR-101/SC";"Sul";"Choque Barreira";0;0;0;0;0;0;0;0;0;0;2;3;0;0;0
"19/10/2022";"16:06:00";"97";"Acidente s";"314";"BR-101/SC";"Sul";"Colisão - Traseira";0;0;0;1;0;0;0;0;0;0;2;0;0;0;0
"19/10/2022";"21:54:00";"116";"Atropelame";"253";"BR-101/SC";"Sul";"Atropelamento - Morador/Trabalhador/Estudante";0;0;0;1;0;0;0;0;0;0;1;1;0;0;0
"20/10/2022";"18:47:00";"84";"Acidente s";"384";"BR-101/SC";"Sul";"Colisão - Traseira";0;0;1;0;0;0;0;0;0;0;3;0;0;0;0
"21/10/2022";"07:36:00";"25";"Acidente c";"338";"BR-101/SC";"Sul";"Colisão - Traseira";0;0;1;0;0;0;0;0;0;0;3;1;0;0;0
"21/10/2022";"14:23:00";"89";"Acidente c";"459";"BR-101/SC";"Norte";"Colisão - Traseira";0;0;1;0;0;0;0;0;0;0;2;1;3;0;0
"21/10/2022";"14:31:00";"92";"Acidente s";"439";"BR-101/SC";"Norte";"Saída de pista";0;0;0;0;0;0;0;0;0;0;1;0;0;0;0
"21/10/2022";"17:33:00";"104";"Acidente s";"366";"BR-101/SC";"Norte";"Choque Defensa";0;0;0;0;0;0;0;0;0;0;2;0;0;0;0
"22/10/2022";"03:23:00";"4";"Acidente s";"277";"BR-101/SC";"Sul";"Colisão - Lateral";0;0;1;0;0;0;0;0;0;0;1;0;0;0;0
"22/10/2022";"03:34:00";"5";"Acidente s";"294";"BR-101/SC";"Sul";"Colisão - Lateral";0;0;0;0;0;0;0;0;0;0;3;0;0;0;0
"22/10/2022";"05:05:00";"8";"Acidente s";"275,8";"BR-101/SC";"Norte";"Choque Barreira";0;0;0;0;0;0;0;0;0;0;3;0;0;0;0
"22/10/2022";"08:57:00";"39";"Acidente s";"323,3";"BR-101/SC";"Sul";"Colisão - Traseira";0;0;1;0;0;0;0;0;0;0;2;0;0;0;0
"22/10/2022";"11:03:00";"53";"Acidente s";"282";"BR-101/SC";"Sul";"Colisão - Traseira";0;0;0;1;0;0;0;0;0;0;2;0;0;0;0
"22/10/2022";"18:22:00";"102";"Acidente s";"437";"BR-101/SC";"Sul";"Choque Defensa";0;0;0;0;0;0;0;0;0;0;1;0;0;0;0
"22/10/2022";"18:27:00";"103";"Acidente c";"425";"BR-101/SC";"Sul";"Atropelamento - Morador/Trabalhador/Estudante";0;0;0;2;0;0;0;0;0;0;1;0;1;0;0
"22/10/2022";"21:59:00";"113";"Acidente s";"311";"BR-101/SC";"Sul";"Colisão - Lateral";0;0;0;0;0;0;0;0;0;0;3;0;0;0;0
"23/10/2022";"01:28:00";"7";"Acidente c";"327";"BR-101/SC";"Sul";"Saída de pista";0;0;0;0;0;0;0;0;0;0;0;2;1;0;0
"23/10/2022";"03:34:00";"9";"Acidente s";"334";"BR-101/SC";"Norte";"Choque Defensa";0;0;0;0;0;0;0;0;0;0;1;0;0;0;0
"23/10/2022";"07:59:00";"23";"Acidente s";"395";"BR-101/SC";"Sul";"Colisão - Traseira";0;0;0;0;0;0;0;0;0;0;3;0;0;0;0
"23/10/2022";"15:45:00";"72";"Acidente c";"319";"BR-101/SC";"Sul";"Saída de pista";0;0;0;0;0;0;0;0;0;0;0;0;1;0;0
"23/10/2022";"18:01:00";"91";"Acidente s";"345";"BR-101/SC";"Sul";"Colisão - Traseira";0;0;0;0;0;0;0;0;0;0;3;0;0;0;0
"24/10/2022";"00:34:00";"3";"Acidente c";"444";"BR-101/SC";"Norte";"Colisão - Frontal";0;0;0;0;0;0;0;0;0;0;1;0;1;0;0
"24/10/2022";"01:25:00";"6";"Acidente s";"299,2";"BR-101/SC";"Norte";"Atropelamento de Animal";0;0;1;0;0;0;0;0;0;0;1;0;0;0;0
"24/10/2022";"03:09:00";"8";"Acidente s";"368";"BR-101/SC";"Norte";"Saída de pista";0;0;0;0;0;0;0;0;0;0;1;0;0;0;0
"24/10/2022";"11:06:00";"68";"Acidente c";"338";"BR-101/SC";"Sul";"Saída de pista";0;0;0;0;0;0;0;0;0;0;0;1;0;0;0
"24/10/2022";"17:41:00";"116";"Acidente c";"340,7";"BR-101/SC";"Norte";"Colisão - Lateral";0;0;0;1;0;0;0;0;0;0;1;2;0;0;0
"25/10/2022";"07:08:00";"17";"Acidente s";"344";"BR-101/SC";"Norte";"Colisão - Traseira";0;0;1;0;0;0;0;0;0;0;4;0;0;0;0
"25/10/2022";"21:46:00";"133";"Acidente s";"435";"BR-101/SC";"Norte";"Queda de moto";0;0;0;1;0;0;0;0;0;0;2;0;0;0;0
"26/10/2022";"02:05:00";"3";"Acidente c";"282";"BR-101/SC";"Norte";"Queda de moto";0;0;0;1;0;0;0;0;0;0;0;1;0;0;0
"26/10/2022";"03:06:00";"4";"Acidente s";"367,7";"BR-101/SC";"Sul";"Saída de pista";0;0;0;0;0;0;0;0;0;0;4;0;0;0;0
"26/10/2022";"07:19:00";"15";"Acidente c";"256,65";"BR-101/SC";"Sul";"Capotamento";0;0;0;0;0;0;0;0;0;0;0;2;0;0;0
"26/10/2022";"07:48:00";"18";"Acidente c";"327";"BR-101/SC";"Sul";"Queda de moto";0;0;0;1;0;0;0;0;0;0;0;1;0;0;0
"26/10/2022";"11:54:00";"55";"Acidente s";"337";"BR-101/SC";"Norte";"Colisão - Traseira";0;0;1;0;0;0;0;0;0;0;2;0;0;0;0
"26/10/2022";"12:53:00";"58";"Atropelame";"435";"BR-101/SC";"Norte";"Atropelamento - Suicida";0;0;1;0;0;0;0;0;0;0;1;0;0;0;1
"27/10/2022";"05:32:00";"12";"Acidente s";"393";"BR-101/SC";"Sul";"Saída de pista";0;0;1;0;0;0;0;0;0;0;1;0;0;0;0
"27/10/2022";"20:06:00";"108";"Acidente s";"308";"BR-101/SC";"Norte";"Colisão - Traseira";0;0;1;0;0;0;0;0;0;0;5;0;0;0;0
"28/10/2022";"00:13:00";"1";"Acidente s";"254";"BR-101/SC";"Sul";"Saída de pista";0;0;0;0;0;0;0;0;0;0;2;0;0;0;0
"28/10/2022";"01:42:00";"8";"Acidente c";"345,35";"BR-101/SC";"Norte";"Queda de Ponte/Viaduto";0;0;0;0;0;0;0;0;0;0;0;1;0;0;0
"28/10/2022";"14:37:00";"99";"Acidente c";"313";"BR-101/SC";"Sul";"Engavetamento";0;0;1;0;0;0;0;0;0;0;4;0;1;0;0
"28/10/2022";"19:34:00";"131";"Acidente s";"463";"BR-101/SC";"Norte";"Saída de pista";0;0;1;0;0;0;0;0;0;0;2;0;0;0;0
"29/10/2022";"04:38:00";"11";"Acidente s";"269";"BR-101/SC";"Sul";"Saída de pista";0;0;0;0;0;0;0;0;0;0;3;0;0;0;0
"29/10/2022";"09:57:00";"47";"Acidente s";"332";"BR-101/SC";"Norte";"Colisão - Lateral";0;0;0;0;0;0;0;0;0;0;3;0;0;0;0
"29/10/2022";"15:45:00";"89";"Acidente s";"404";"BR-101/SC";"Sul";"Colisão - Traseira";0;0;0;0;0;0;0;0;0;0;2;0;0;0;0
"29/10/2022";"19:46:00";"109";"Acidente s";"435";"BR-101/SC";"Sul";"Saída de pista";0;0;0;0;0;0;0;0;0;0;1;0;0;0;0
"29/10/2022";"22:12:00";"119";"Acidente s";"331";"BR-101/SC";"Sul";"Saída de pista";0;0;0;0;0;0;0;0;0;0;3;0;0;0;0
"30/10/2022";"00:09:00";"3";"Acidente s";"254";"BR-101/SC";"Sul";"Saída de pista";0;0;0;0;0;0;0;0;0;0;1;0;0;0;0
"30/10/2022";"00:31:00";"7";"Acidente s";"317";"BR-101/SC";"Sul";"Saída de pista";0;0;0;0;0;0;0;0;0;0;1;0;0;0;0
"30/10/2022";"10:27:00";"51";"Acidente c";"438";"BR-101/SC";"Norte";"Queda de moto";0;0;0;1;0;0;0;0;0;0;0;1;1;0;0
"30/10/2022";"11:33:00";"59";"Acidente c";"327";"BR-101/SC";"Sul";"Engavetamento";0;0;0;0;0;0;0;0;0;0;4;2;0;0;0
"30/10/2022";"12:24:00";"64";"Acidente c";"305";"BR-101/SC";"Sul";"Colisão - Transversal";0;0;0;0;0;0;0;0;0;0;3;1;4;0;0
"30/10/2022";"18:19:00";"93";"Acidente c";"305";"BR-101/SC";"Norte";"Saída de pista";0;0;0;0;0;0;0;0;0;0;0;0;1;0;0
"30/10/2022";"19:31:00";"96";"Acidente c";"312";"BR-101/SC";"Sul";"Colisão - Frontal";0;0;0;1;0;0;0;0;0;0;1;0;1;0;0
"30/10/2022";"19:33:00";"97";"Acidente s";"274";"BR-101/SC";"Norte";"Choque - Poste";0;0;0;0;0;0;0;0;0;0;1;0;0;0;0
"30/10/2022";"20:01:00";"100";"Acidente s";"336";"BR-101/SC";"Norte";"Choque Barreira";0;0;0;0;0;0;0;0;0;0;1;0;0;0;0
"30/10/2022";"20:02:00";"99";"Acidente c";"303";"BR-101/SC";"Sul";"Colisão - Traseira";0;0;0;1;0;0;0;0;0;0;1;2;0;0;0
"01/11/2022";"15:54:00";"38";"Acidente c";"339";"BR-101/SC";"Norte";"Colisão - Traseira";0;0;0;2;0;0;0;0;0;0;2;1;0;0;0
"01/11/2022";"16:40:00";"41";"Acidente s";"452";"BR-101/SC";"Norte";"Colisão - Traseira";1;0;1;0;0;0;0;0;0;0;2;0;0;0;0
"02/11/2022";"21:44:00";"59";"Acidente s";"262";"BR-101/SC";"Norte";"Choque Defensa";1;0;0;0;0;0;0;0;0;0;1;0;0;0;0
"03/11/2022";"06:45:00";"12";"Acidente c";"441";"BR-101/SC";"Sul";"Colisão - Traseira";0;0;2;0;0;0;0;0;0;0;1;0;0;1;1
"03/11/2022";"12:32:00";"94";"Acidente c";"325";"BR-101/SC";"Sul";"Colisão - Traseira";1;0;0;0;0;0;0;0;0;0;0;2;0;0;0
"03/11/2022";"16:28:00";"130";"Acidente s";"254,1";"BR-101/SC";"Norte";"Choque Defensa";1;0;0;0;0;0;0;0;0;0;3;0;0;0;0
"04/11/2022";"06:24:00";"7";"Acidente s";"393";"BR-101/SC";"Sul";"Colisão - Traseira";1;0;1;0;0;0;0;0;0;0;2;0;0;0;0
"04/11/2022";"20:18:00";"114";"Acidente s";"401";"BR-101/SC";"Norte";"Choque Barreira";1;0;0;0;0;0;0;0;0;0;1;0;0;0;0
"05/11/2022";"01:29:00";"4";"Acidente c";"376";"BR-101/SC";"Norte";"Colisão - Lateral";2;0;1;0;0;0;0;0;0;0;2;3;0;0;0
"05/11/2022";"04:17:00";"10";"Acidente s";"338";"BR-101/SC";"Norte";"Choque Defensa";1;0;0;0;0;0;0;0;0;0;2;0;0;0;0
"05/11/2022";"04:30:00";"12";"Acidente s";"271";"BR-101/SC";"Sul";"Saída de pista";1;0;0;0;0;0;0;0;0;0;3;0;0;0;0
"05/11/2022";"17:21:00";"94";"Acidente c";"433";"BR-101/SC";"Sul";"Colisão - Traseira";1;0;0;1;0;0;0;0;0;0;2;0;1;0;0
"05/11/2022";"21:18:00";"108";"Acidente c";"269";"BR-101/SC";"Ambos";"Capotamento";1;0;0;0;0;0;0;0;0;0;1;2;0;0;0
"05/11/2022";"22:16:00";"115";"Acidente s";"269";"BR-101/SC";"Norte";"Saída de pista";1;0;0;0;0;0;0;0;0;0;1;0;0;0;0
"06/11/2022";"04:07:00";"9";"Acidente c";"281";"BR-101/SC";"Norte";"Queda de moto";1;0;0;1;0;0;0;0;0;0;1;0;2;0;0
"06/11/2022";"06:56:00";"19";"Acidente s";"443";"BR-101/SC";"Sul";"Saída de pista";1;0;0;0;0;0;0;0;0;0;1;0;0;0;0
"06/11/2022";"11:02:00";"38";"Acidente s";"374";"BR-101/SC";"Sul";"Saída de pista";1;0;0;0;0;0;0;0;0;0;3;0;0;0;0
"06/11/2022";"12:14:00";"49";"Acidente s";"336";"BR-101/SC";"Norte";"Choque Barreira";1;0;0;0;0;0;0;0;0;0;1;0;0;0;0
"06/11/2022";"17:06:00";"71";"Acidente s";"298";"BR-101/SC";"Sul";"Colisão - Traseira";0;0;2;0;0;0;0;0;0;0;2;0;0;0;0
"06/11/2022";"23:34:00";"102";"Acidente s";"276";"BR-101/SC";"Norte";"Saída de pista";1;0;0;0;0;0;0;0;0;0;1;0;0;0;0
"06/11/2022";"23:55:00";"103";"Acidente s";"395";"BR-101/SC";"Sul";"Colisão - Traseira";2;0;0;0;0;0;0;0;0;0;2;0;0;0;0
"07/11/2022";"06:51:00";"120";"Acidente s";"344";"BR-101/SC";"Sul";"Colisão - Traseira";1;0;1;0;0;0;0;0;0;0;2;0;0;0;0
"07/11/2022";"07:11:00";"123";"Atropelame";"339";"BR-101/SC";"Sul";"Atropelamento - Morador/Trabalhador/Estudante";1;0;0;1;0;0;0;0;0;0;1;0;1;0;0
"07/11/2022";"08:26:00";"150";"Acidente c";"333";"BR-101/SC";"Sul";"Colisão - Lateral";2;0;0;0;0;0;0;0;0;0;1;0;1;0;0
"07/11/2022";"09:02:00";"161";"Acidente c";"372";"BR-101/SC";"Sul";"Colisão - Traseira";1;0;1;0;0;0;0;0;0;0;2;1;0;0;0
"07/11/2022";"15:59:00";"217";"Acidente s";"311";"BR-101/SC";"Sul";"Colisão - Lateral";0;0;2;0;0;0;0;0;0;0;2;0;0;0;0
"07/11/2022";"19:41:00";"232";"Acidente c";"358,2";"BR-101/SC";"Norte";"Capotamento";1;0;0;0;0;0;0;0;0;0;0;0;1;0;0
"08/11/2022";"07:25:00";"18";"Acidente s";"431";"BR-101/SC";"Sul";"Choque Defensa";1;0;0;0;0;0;0;0;0;0;1;0;0;0;0
"08/11/2022";"20:44:00";"111";"Acidente c";"344";"BR-101/SC";"Ambos";"Colisão - Frontal";1;0;1;0;0;0;0;0;0;0;1;3;0;0;0
"09/11/2022";"13:30:00";"102";"Acidente c";"249";"BR-101/SC";"Sul";"Colisão - Lateral";2;0;0;0;0;0;0;0;0;0;2;2;0;0;0
"09/11/2022";"15:46:00";"123";"Acidente c";"266";"BR-101/SC";"Sul";"Colisão - Lateral";1;0;0;1;0;0;0;0;0;0;2;0;1;0;0
"09/11/2022";"17:08:00";"133";"Acidente s";"333,5";"BR-101/SC";"Norte";"Colisão - Lateral";1;0;1;0;0;0;0;0;0;0;4;0;0;0;0
"09/11/2022";"17:42:00";"136";"Acidente s";"333";"BR-101/SC";"Norte";"Colisão - Traseira";2;0;0;0;0;0;0;0;0;0;2;0;0;0;0
"09/11/2022";"17:57:00";"142";"Acidente c";"390,5";"BR-101/SC";"Norte";"Choque Defensa";1;0;0;0;0;0;0;0;0;0;0;0;1;0;0
"09/11/2022";"20:47:00";"150";"Acidente s";"405";"BR-101/SC";"Norte";"Saída de pista";1;0;0;0;0;0;0;0;0;0;2;0;0;0;0
"10/11/2022";"08:12:00";"43";"Acidente s";"317";"BR-101/SC";"Norte";"Colisão - Traseira";2;0;0;0;0;0;0;0;0;0;3;0;0;0;0
"10/11/2022";"10:51:00";"73";"Acidente s";"328";"BR-101/SC";"Sul";"Saída de pista";1;0;0;0;0;0;0;0;0;0;1;0;0;0;0
"10/11/2022";"16:25:00";"113";"Acidente s";"375";"BR-101/SC";"Norte";"Saída de pista";1;0;0;0;0;0;0;0;0;0;1;0;0;0;0
"10/11/2022";"20:26:00";"130";"Acidente c";"324";"BR-101/SC";"Norte";"Queda de moto";1;0;0;0;0;0;0;0;0;0;0;1;0;0;0
"10/11/2022";"23:50:00";"144";"Acidente s";"284";"BR-101/SC";"Sul";"Colisão - Traseira";0;0;2;0;0;0;0;0;0;0;2;0;0;0;0
"11/11/2022";"01:37:00";"7";"Acidente s";"411";"BR-101/SC";"Sul";"Atropelamento de Animal";0;0;1;0;0;0;0;0;0;0;1;0;0;0;0
"11/11/2022";"03:56:00";"10";"Acidente s";"405";"BR-101/SC";"Sul";"Saída de pista";1;0;1;0;0;0;0;0;0;0;2;0;0;0;0
"11/11/2022";"04:02:00";"12";"Acidente s";"341";"BR-101/SC";"Sul";"Colisão - Lateral";1;0;1;0;0;0;0;0;0;0;2;0;0;0;0
"11/11/2022";"07:51:00";"46";"Acidente c";"311";"BR-101/SC";"Sul";"Colisão - Lateral";0;0;0;2;0;0;0;0;0;0;1;1;0;0;0
"11/11/2022";"12:20:00";"109";"Acidente s";"282";"BR-101/SC";"Norte";"Colisão - Traseira";1;0;1;0;0;0;0;0;0;0;2;0;0;0;0
"11/11/2022";"14:21:00";"120";"Acidente s";"286,5";"BR-101/SC";"Norte";"Saída de pista";1;0;0;0;0;0;0;0;0;0;1;0;0;0;0
"11/11/2022";"15:05:00";"128";"Acidente s";"261";"BR-101/SC";"Sul";"Colisão - Lateral";0;0;2;0;0;0;0;0;0;0;2;0;0;0;0
"11/11/2022";"16:26:00";"131";"Acidente s";"301";"BR-101/SC";"Norte";"Saída de pista";1;0;0;0;0;0;0;0;0;0;2;0;0;0;0
"11/11/2022";"18:40:00";"144";"Acidente s";"332";"BR-101/SC";"Norte";"Engavetamento";3;0;0;0;0;0;0;0;0;0;6;0;0;0;0
"12/11/2022";"01:26:00";"8";"Acidente c";"308";"BR-101/SC";"Norte";"Colisão - Lateral";1;0;1;0;0;0;0;0;0;0;2;0;2;0;0
"12/11/2022";"03:50:00";"14";"Acidente s";"329";"BR-101/SC";"Sul";"Saída de pista";1;0;0;0;0;0;0;0;0;0;1;0;0;0;0
"12/11/2022";"03:51:00";"15";"Acidente s";"317";"BR-101/SC";"Sul";"Saída de pista";1;0;0;0;0;0;0;0;0;0;1;0;0;0;0