data;horario;n_da_ocorrencia;tipo_de_ocorrencia;km;trecho;sentido;tipo_de_acidente;automovel;bicicleta;caminhao;moto;onibus;outros;tracao_animal;transporte_de_cargas_especiais;trator_maquinas;utilitarios;ilesos;levemente_feridos;moderadamente_feridos;gravemente_feridos;mortos
"09/01/2023";"08:56:00";"37";"Acidente s";"367";"BR-101/SC";"Sul";"Choque Barreira";0;0;0;0;0;0;0;0;0;1;1;0;0;0;0
"09/01/2023";"09:35:00";"45";"Acidente s";"368";"BR-101/SC";"Sul";"Colisão - Traseira";2;0;0;0;0;0;0;0;0;0;2;0;0;0;0
"09/01/2023";"11:12:00";"53";"Acidente c";"326";"BR-101/SC";"Sul";"Colisão - Traseira";1;0;0;1;0;0;0;0;0;0;1;1;0;0;0
"09/01/2023";"11:40:00";"55";"Acidente s";"368,12";"BR-101/SC";"Sul";"Colisão - Traseira";2;0;0;0;0;0;0;0;0;0;7;0;0;0;0
"09/01/2023";"15:21:00";"79";"Acidente c";"323";"BR-101/SC";"Norte";"Engavetamento";2;0;0;1;0;0;0;1;0;0;3;1;0;0;0
"09/01/2023";"17:12:00";"95";"Acidente c";"333";"BR-101/SC";"Sul";"Colisão - Lateral";2;0;0;1;0;0;0;0;0;0;3;1;0;0;0
"09/01/2023";"18:18:00";"98";"Acidente s";"382";"BR-101/SC";"Sul";"Colisão - Lateral";1;0;0;0;0;0;0;1;0;0;2;0;0;0;0
"09/01/2023";"18:56:00";"102";"Acidente c";"276";"BR-101/SC";"Sul";"Colisão - Lateral";1;0;0;1;0;0;0;0;0;0;1;1;0;0;0
"09/01/2023";"19:59:00";"110";"Acidente s";"407";"BR-101/SC";"Sul";"Saída de pista";1;0;0;0;0;0;0;0;0;0;1;0;0;0;0
"10/01/2023";"01:08:00";"2";"Acidente s";"270";"BR-101/SC";"Norte";"Choque Barreira";1;0;0;0;0;0;0;0;0;0;1;0;0;0;0
"10/01/2023";"03:49:00";"10";"Acidente c";"347";"BR-101/SC";"Norte";"Tombamento";0;0;0;0;0;0;0;1;0;0;0;1;0;1;0
"10/01/2023";"06:16:00";"15";"Acidente s";"357";"BR-101/SC";"Norte";"Queda de ribanceira";1;0;0;0;0;0;0;0;0;0;1;0;0;0;0
"10/01/2023";"08:21:00";"41";"Acidente s";"299,37";"BR-101/SC";"Norte";"Colisão - Traseira";1;0;0;0;0;0;0;0;0;1;2;0;0;0;0
"10/01/2023";"13:02:00";"80";"Acidente c";"296";"BR-101/SC";"Norte";"Colisão - Traseira";1;0;0;1;0;0;0;0;0;0;1;1;0;0;0
"10/01/2023";"14:33:00";"91";"Acidente s";"263";"BR-101/SC";"Sul";"Colisão - Lateral";1;0;0;0;0;0;0;0;0;1;4;0;0;0;0
"10/01/2023";"19:11:00";"112";"Acidente s";"393";"BR-101/SC";"Sul";"Colisão - Traseira";1;0;0;0;0;0;0;1;0;0;4;0;0;0;0
"10/01/2023";"23:13:00";"134";"Acidente c";"350";"BR-101/SC";"Sul";"Queda de moto";0;0;0;2;0;0;0;0;0;1;2;0;0;0;1
"11/01/2023";"01:15:00";"3";"Acidente s";"344";"BR-101/SC";"Sul";"Saída de pista";1;0;0;0;0;0;0;0;0;0;3;0;0;0;0
"11/01/2023";"06:42:00";"18";"Acidente s";"379";"BR-101/SC";"Sul";"Colisão - Lateral";1;0;0;0;0;0;0;1;0;0;2;0;0;0;0
"11/01/2023";"07:29:00";"32";"Acidente s";"336";"BR-101/SC";"Norte";"Choque - Meio Fio";1;0;0;0;0;0;0;0;0;0;4;0;0;0;0
"11/01/2023";"11:23:00";"73";"Acidente s";"348";"BR-101/SC";"Norte";"Colisão - Traseira";2;0;0;0;0;0;0;0;0;0;3;0;0;0;0
"11/01/2023";"16:19:00";"102";"Acidente s";"245";"BR-101/SC";"Norte";"Saída de pista";1;0;0;0;0;0;0;0;0;0;1;0;0;0;0
"11/01/2023";"18:15:00";"109";"Acidente c";"316";"BR-101/SC";"Norte";"Tombamento";0;0;1;0;0;0;0;0;0;0;0;0;1;0;0
"11/01/2023";"23:49:00";"135";"Acidente s";"424";"BR-101/SC";"Norte";"Saída de pista";1;0;0;0;0;0;0;0;0;0;2;0;0;0;0
"12/01/2023";"00:11:00";"1";"Acidente s";"457";"BR-101/SC";"Sul";"Saída de pista";1;0;0;0;0;0;0;0;0;0;2;0;0;0;0
"12/01/2023";"03:24:00";"7";"Acidente s";"345";"BR-101/SC";"Norte";"Choque Barreira";0;0;0;0;0;0;0;0;0;1;1;0;0;0;0
"12/01/2023";"15:03:00";"111";"Atropelame";"439";"BR-101/SC";"Norte";"Atropelamento - Usuário";2;0;0;0;0;0;0;0;0;0;1;0;0;1;0
"12/01/2023";"16:56:00";"122";"Acidente s";"372";"BR-101/SC";"Sul";"Choque com objeto sobre a pista";0;0;1;0;0;0;0;0;0;0;1;0;0;0;0
"12/01/2023";"19:57:00";"137";"Acidente s";"310";"BR-101/SC";"Norte";"Colisão - Traseira";1;0;0;0;0;0;0;0;0;1;2;0;0;0;0
"13/01/2023";"17:51:00";"168";"Acidente s";"353";"BR-101/SC";"Norte";"Queda de ribanceira";1;0;0;0;0;0;0;0;0;0;1;0;0;0;0
"13/01/2023";"19:33:00";"197";"Acidente s";"310";"BR-101/SC";"Norte";"Choque Defensa";0;0;0;0;0;0;0;0;0;1;1;0;0;0;0
"14/01/2023";"04:51:00";"12";"Acidente c";"370";"BR-101/SC";"Sul";"Capotamento";1;0;0;0;0;0;0;0;0;0;1;0;2;0;0
"14/01/2023";"14:39:00";"71";"Acidente c";"306";"BR-101/SC";"Sul";"Colisão - Lateral";2;0;0;0;0;0;0;0;0;0;2;1;0;0;0
"14/01/2023";"16:11:00";"82";"Acidente s";"443";"BR-101/SC";"Norte";"Colisão - Transversal";2;0;0;0;0;0;0;0;0;0;2;0;0;0;0
"14/01/2023";"18:17:00";"94";"Acidente s";"369";"BR-101/SC";"Sul";"Choque Barreira";1;0;0;0;0;0;0;0;0;0;4;0;0;0;0
"14/01/2023";"19:25:00";"102";"Acidente c";"350";"BR-101/SC";"Sul";"Capotamento";1;0;0;0;0;0;0;0;0;0;0;2;0;0;0
"14/01/2023";"20:05:00";"106";"Acidente s";"351";"BR-101/SC";"Sul";"Colisão - Traseira";2;0;0;0;0;0;0;0;0;0;5;0;0;0;0
"14/01/2023";"20:54:00";"110";"Acidente s";"417";"BR-101/SC";"Sul";"Saída de pista";1;0;0;0;0;0;0;0;0;0;1;0;0;0;0
"14/01/2023";"20:54:00";"111";"Acidente c";"450";"BR-101/SC";"Norte";"Colisão - Traseira";2;0;0;0;0;0;0;0;0;0;3;1;0;0;0
"14/01/2023";"23:51:00";"116";"Acidente s";"358";"BR-101/SC";"Sul";"Saída de pista";1;0;0;0;0;0;0;0;0;0;1;0;0;0;0
"15/01/2023";"01:12:00";"4";"Acidente s";"323";"BR-101/SC";"Norte";"Choque Defensa";1;0;0;0;0;0;0;0;0;0;2;0;0;0;0
"15/01/2023";"09:06:00";"23";"Acidente s";"357";"BR-101/SC";"Sul";"Colisão - Lateral";1;0;0;0;0;0;0;0;0;1;2;0;0;0;0
"15/01/2023";"09:46:00";"24";"Acidente s";"298";"BR-101/SC";"Norte";"Colisão - Traseira";2;0;0;0;0;0;0;0;0;0;4;0;0;0;0
"15/01/2023";"12:11:00";"31";"Acidente s";"335";"BR-101/SC";"Sul";"Engavetamento";2;0;0;0;0;0;0;0;0;0;3;0;0;0;0
"15/01/2023";"12:47:00";"35";"Acidente s";"333";"BR-101/SC";"Norte";"Colisão - Traseira";2;0;0;0;0;0;0;0;0;0;2;0;0;0;0
"15/01/2023";"16:01:00";"51";"Acidente c";"340";"BR-101/SC";"Norte";"Colisão - Traseira";0;0;0;1;0;0;0;0;0;1;1;1;0;0;0
"15/01/2023";"16:29:00";"56";"Acidente c";"363";"BR-101/SC";"Norte";"Queda de moto";0;0;0;1;0;0;0;0;0;0;1;1;0;0;0
"15/01/2023";"18:09:00";"60";"Acidente s";"354";"BR-101/SC";"Sul";"Colisão - Traseira";2;0;0;0;0;0;0;0;0;0;5;0;0;0;0
"15/01/2023";"19:59:00";"70";"Acidente c";"347";"BR-101/SC";"Norte";"Colisão - Lateral";2;0;0;0;0;0;0;0;0;0;4;2;0;0;0
"16/01/2023";"08:29:00";"32";"Acidente s";"321";"BR-101/SC";"Norte";"Colisão - Transversal";1;0;0;0;0;0;0;0;0;0;2;0;0;0;0
"16/01/2023";"08:36:00";"35";"Acidente s";"273";"BR-101/SC";"Norte";"Colisão - Traseira";2;0;0;0;0;0;0;0;0;0;5;0;0;0;0
"16/01/2023";"08:51:00";"39";"Acidente s";"326,49";"BR-101/SC";"Norte";"Colisão - Lateral";1;0;1;0;0;0;0;0;0;0;2;0;0;0;0
"16/01/2023";"17:18:00";"111";"Acidente s";"429";"BR-101/SC";"Norte";"Colisão - Traseira";2;0;0;0;0;0;0;0;0;0;8;0;0;0;0
"16/01/2023";"18:05:00";"115";"Acidente s";"345";"BR-101/SC";"Norte";"Colisão - Traseira";2;0;0;0;0;0;0;0;0;0;3;0;0;0;0
"16/01/2023";"18:39:00";"120";"Acidente c";"274";"BR-101/SC";"Norte";"Colisão - Traseira";0;0;0;0;0;0;0;0;0;2;2;0;0;0;1
"17/01/2023";"07:51:00";"34";"Acidente s";"415";"BR-101/SC";"Norte";"Colisão - Frontal";2;0;0;0;0;0;0;0;0;0;2;0;0;0;0
"17/01/2023";"08:40:00";"44";"Acidente c";"329";"BR-101/SC";"Norte";"Queda de moto";0;0;0;1;0;0;0;0;0;0;0;1;0;0;0
"17/01/2023";"11:00:00";"69";"Acidente s";"458,36";"BR-101/SC";"Norte";"Colisão - Traseira";1;0;0;0;0;0;0;1;0;0;4;0;0;0;0
"17/01/2023";"15:24:00";"101";"Atropelame";"281";"BR-101/SC";"Sul";"Atropelamento - Funcionário";1;0;0;0;0;0;0;0;0;0;1;1;0;0;0
"18/01/2023";"02:20:00";"7";"Acidente s";"286,6";"BR-101/SC";"Sul";"Choque Defensa";1;0;0;0;0;0;0;0;0;0;2;0;0;0;0
"18/01/2023";"06:53:00";"15";"Acidente s";"327";"BR-101/SC";"Sul";"Choque Barreira";1;0;0;0;0;0;0;0;0;0;2;0;0;0;0
"18/01/2023";"09:25:00";"45";"Acidente s";"339";"BR-101/SC";"Norte";"Colisão - Traseira";2;0;0;0;0;0;0;0;0;0;5;0;0;0;0
"18/01/2023";"15:18:00";"83";"Acidente s";"270";"BR-101/SC";"Sul";"Colisão - Lateral";1;0;1;0;0;0;0;0;0;0;2;0;0;0;0
"18/01/2023";"15:23:00";"84";"Acidente s";"400";"BR-101/SC";"Norte";"Colisão - Traseira";3;0;0;0;0;0;0;0;0;0;3;0;0;0;0
"18/01/2023";"15:44:00";"86";"Acidente s";"308";"BR-101/SC";"Sul";"Colisão - Lateral";1;0;0;0;0;0;0;1;0;0;2;0;0;0;0
"18/01/2023";"19:57:00";"111";"Acidente s";"452";"BR-101/SC";"Sul";"Saída de pista";1;0;0;0;0;0;0;0;0;0;0;1;0;0;0
"18/01/2023";"19:59:00";"112";"Acidente s";"337";"BR-101/SC";"Norte";"Colisão - Traseira";2;0;0;0;0;0;0;0;0;0;5;0;0;0;0
"18/01/2023";"23:21:00";"127";"Acidente s";"353";"BR-101/SC";"Norte";"Colisão - Traseira";0;0;0;0;0;0;0;1;0;1;2;0;0;0;0
"19/01/2023";"11:10:00";"62";"Acidente s";"363";"BR-101/SC";"Sul";"Engavetamento";4;0;0;0;0;0;0;0;0;0;14;0;0;0;0
"19/01/2023";"11:32:00";"65";"Acidente s";"363";"BR-101/SC";"Sul";"Colisão - Traseira";2;0;0;0;0;0;0;0;0;0;2;0;0;0;0
"19/01/2023";"22:35:00";"113";"Acidente s";"344";"BR-101/SC";"Sul";"Queda de ribanceira";1;0;0;0;0;0;0;0;0;0;3;0;0;0;0
"20/01/2023";"07:52:00";"36";"Acidente s";"326";"BR-101/SC";"Norte";"Engavetamento";3;0;0;0;0;0;0;0;0;0;6;0;0;0;0
"20/01/2023";"08:24:00";"43";"Acidente s";"336";"BR-101/SC";"Sul";"Engavetamento";3;0;0;0;0;0;0;0;0;1;4;0;0;0;0
"20/01/2023";"10:21:00";"64";"Acidente c";"312";"BR-101/SC";"Sul";"Colisão - Traseira";2;0;0;0;0;0;0;0;0;0;5;0;1;0;0
"20/01/2023";"10:30:00";"108";"Acidente s";"312";"BR-101/SC";"Sul";"Colisão - Traseira";1;0;0;0;0;0;0;0;0;1;3;0;0;0;0
"20/01/2023";"22:16:00";"136";"Acidente c";"252";"BR-101/SC";"Sul";"Colisão - Traseira";1;0;0;1;0;0;0;0;0;0;3;0;1;0;0
"21/01/2023";"02:33:00";"7";"Acidente s";"374";"BR-101/SC";"Sul";"Saída de pista";1;0;0;0;0;0;0;0;0;0;4;0;0;0;0
"21/01/2023";"16:05:00";"95";"Atropelame";"285";"BR-101/SC";"Sul";"Atropelamento - Usuário";1;0;0;0;0;0;0;0;0;0;1;0;1;0;0
"21/01/2023";"17:50:00";"110";"Acidente s";"363";"BR-101/SC";"Norte";"Choque Defensa";0;0;0;0;0;0;0;1;0;0;1;0;0;0;0
"21/01/2023";"18:35:00";"112";"Atropelame";"273";"BR-101/SC";"Norte";"Atropelamento - Esportista";1;0;0;0;0;0;0;0;0;0;2;0;0;0;0
"21/01/2023";"21:30:00";"129";"Acidente s";"357";"BR-101/SC";"Sul";"Saída de pista";1;0;0;0;0;0;0;0;0;0;1;0;0;0;0
"22/01/2023";"00:22:00";"1";"Acidente c";"342";"BR-101/SC";"Sul";"Colisão - Traseira";1;0;0;0;1;0;0;0;0;0;1;1;0;0;0
"22/01/2023";"03:30:00";"14";"Acidente s";"385";"BR-101/SC";"Norte";"Saída de pista";1;0;0;0;0;0;0;0;0;0;1;0;0;0;0
"22/01/2023";"04:07:00";"16";"Acidente s";"377";"BR-101/SC";"Sul";"Saída de pista";1;0;0;0;0;0;0;0;0;0;1;0;0;0;0
"22/01/2023";"17:11:00";"78";"Acidente c";"376";"BR-101/SC";"Norte";"Queda de moto";0;0;0;1;0;0;0;0;0;0;0;2;0;0;0
"22/01/2023";"19:46:00";"102";"Acidente c";"381";"BR-101/SC";"Norte";"Saída de pista";1;0;0;0;0;0;0;0;0;0;0;1;0;0;0
"23/01/2023";"10:41:00";"55";"Acidente s";"344";"BR-101/SC";"Sul";"Colisão - Traseira";2;0;0;0;0;0;0;0;0;0;4;0;0;0;0
"23/01/2023";"11:01:00";"58";"Acidente s";"258";"BR-101/SC";"Sul";"Engavetamento";3;0;0;0;0;0;0;0;0;0;6;0;0;0;0
"23/01/2023";"15:25:00";"92";"Acidente s";"379";"BR-101/SC";"Sul";"Choque - Poste";1;0;0;0;0;0;0;0;0;0;2;0;0;0;0
"23/01/2023";"17:26:00";"107";"Acidente s";"268";"BR-101/SC";"Sul";"Choque Defensa";1;0;0;0;0;0;0;0;0;0;3;0;0;0;0
"23/01/2023";"21:44:00";"122";"Acidente s";"328";"BR-101/SC";"Norte";"Saída de pista";1;0;0;0;0;0;0;0;0;0;2;0;0;0;0
"23/01/2023";"23:00:00";"128";"Acidente s";"277";"BR-101/SC";"Sul";"Colisão - Traseira";1;0;0;0;0;0;0;1;0;0;2;0;0;0;0
"24/01/2023";"07:23:00";"20";"Acidente c";"357,6";"BR-101/SC";"Norte";"Colisão - Traseira";1;0;0;1;0;0;0;0;0;0;1;0;1;0;0
"24/01/2023";"07:56:00";"33";"Acidente s";"405";"BR-101/SC";"Sul";"Colisão - Lateral";1;0;0;1;0;0;0;0;0;0;2;0;0;0;0
"24/01/2023";"08:05:00";"37";"Acidente s";"335";"BR-101/SC";"Sul";"Engavetamento";4;0;0;0;0;0;0;0;0;0;4;0;0;0;0
"24/01/2023";"08:31:00";"41";"Acidente s";"338,04";"BR-101/SC";"Sul";"Colisão - Traseira";2;0;0;0;0;0;0;0;0;0;3;0;0;0;0
"24/01/2023";"09:28:00";"54";"Acidente s";"414";"BR-101/SC";"Norte";"Queda de ribanceira";1;0;0;0;0;0;0;0;0;0;1;0;0;0;0
"24/01/2023";"10:12:00";"61";"Acidente s";"407";"BR-101/SC";"Norte";"Tombamento";1;0;0;0;0;0;0;0;0;0;1;0;0;0;0
"24/01/2023";"11:01:00";"70";"Acidente c";"297";"BR-101/SC";"Sul";"Engavetamento";3;0;0;0;0;0;0;0;0;0;4;0;0;1;0
"24/01/2023";"17:54:00";"114";"Acidente s";"404";"BR-101/SC";"Norte";"Choque Praça - Cabine";0;0;0;0;0;0;0;0;0;1;2;0;0;0;0
"24/01/2023";"18:11:00";"117";"Acidente s";"368";"BR-101/SC";"Sul";"Choque Defensa";1;0;0;0;0;0;0;0;0;0;2;0;0;0;0
"25/01/2023";"06:46:00";"21";"Acidente c";"436";"BR-101/SC";"Norte";"Queda de moto";0;0;0;1;0;0;0;0;0;0;1;1;0;0;0
"25/01/2023";"07:10:00";"26";"Acidente s";"269";"BR-101/SC";"Sul";"Colisão - Traseira";1;0;0;0;0;0;0;1;0;0;3;0;0;0;0
"25/01/2023";"10:39:00";"75";"Acidente s";"406,21";"BR-101/SC";"Norte";"Colisão - Traseira";2;0;0;0;0;0;0;0;0;0;7;0;0;0;0
"25/01/2023";"10:54:00";"77";"Acidente s";"382";"BR-101/SC";"Norte";"Colisão - Traseira";2;0;0;0;0;0;0;0;0;0;4;0;0;0;0
"25/01/2023";"12:14:00";"90";"Acidente s";"382";"BR-101/SC";"Sul";"Saída de pista";1;0;0;0;0;0;0;0;0;0;1;0;0;0;0
"25/01/2023";"12:37:00";"95";"Acidente s";"287";"BR-101/SC";"Norte";"Engavetamento";3;0;0;0;0;0;0;0;0;0;4;0;0;0;0
"25/01/2023";"12:43:00";"96";"Acidente s";"352";"BR-101/SC";"Sul";"Colisão - Lateral";1;0;0;0;0;0;0;1;0;0;2;0;0;0;0
"25/01/2023";"14:08:00";"106";"Acidente s";"405";"BR-101/SC";"Norte";"Colisão - Traseira";2;0;0;0;0;0;0;0;0;0;5;0;0;0;0
"25/01/2023";"18:37:00";"136";"Acidente c";"329";"BR-101/SC";"Norte";"Colisão - Traseira";1;0;0;1;0;0;0;0;0;0;2;1;0;0;0
"26/01/2023";"05:23:00";"16";"Acidente s";"406";"BR-101/SC";"Norte";"Choque Defensa";1;0;0;0;0;0;0;0;0;0;1;0;0;0;0
"26/01/2023";"10:18:00";"73";"Acidente c";"396";"BR-101/SC";"Sul";"Colisão - Traseira";3;0;0;0;0;0;0;0;0;0;2;0;1;0;0
"27/01/2023";"08:19:00";"37";"Acidente s";"304";"BR-101/SC";"Sul";"Choque Barreira";1;0;0;0;0;0;0;0;0;0;1;0;0;0;0
"27/01/2023";"08:44:00";"42";"Acidente s";"404";"BR-101/SC";"Sul";"Colisão - Traseira";5;0;0;0;0;0;0;0;0;0;8;0;0;0;0
"27/01/2023";"14:40:00";"87";"Acidente s";"286";"BR-101/SC";"Sul";"Engavetamento";4;0;0;0;0;0;0;0;0;0;14;0;0;0;0
"27/01/2023";"15:34:00";"93";"Atropelame";"298";"BR-101/SC";"Sul";"Atropelamento - Funcionário";0;0;0;0;0;0;0;0;0;1;2;0;0;0;0
"27/01/2023";"17:29:00";"107";"Acidente c";"278";"BR-101/SC";"Sul";"Colisão - Lateral";1;0;0;1;0;0;0;0;0;0;4;0;1;0;0
"27/01/2023";"17:44:00";"109";"Acidente c";"263";"BR-101/SC";"Norte";"Capotamento";1;0;0;0;0;0;0;0;0;0;0;0;0;1;0
"27/01/2023";"18:50:00";"118";"Acidente s";"336";"BR-101/SC";"Sul";"Colisão - Traseira";2;0;0;0;0;0;0;0;0;0;2;0;0;0;0
"27/01/2023";"22:04:00";"142";"Atropelame";"433";"BR-101/SC";"Sul";"Atropelamento - Esportista";0;0;0;2;0;0;0;0;0;0;0;2;0;0;0
"28/01/2023";"17:12:00";"97";"Acidente s";"436";"BR-101/SC";"Norte";"Colisão - Frontal";2;0;0;0;0;0;0;0;0;0;3;0;0;0;0
"28/01/2023";"18:17:00";"100";"Acidente s";"384";"BR-101/SC";"Sul";"Capotamento";1;0;0;0;0;0;0;0;0;0;2;0;0;0;0
"29/01/2023";"01:51:00";"6";"Acidente s";"344";"BR-101/SC";"Sul";"Choque Praça - Submarino";1;0;0;0;0;0;0;0;0;0;1;0;0;0;0
"29/01/2023";"15:02:00";"56";"Acidente s";"381";"BR-101/SC";"Sul";"Capotamento";1;0;0;0;0;0;0;0;0;0;4;0;0;0;0
"29/01/2023";"15:30:00";"59";"Acidente c";"323";"BR-101/SC";"Norte";"Capotamento";1;0;0;0;0;0;0;0;0;0;1;3;0;0;0
"29/01/2023";"16:44:00";"67";"Acidente s";"334";"BR-101/SC";"Sul";"Colisão - Lateral";2;0;0;0;0;0;0;0;0;0;4;0;0;0;0
"29/01/2023";"16:50:00";"68";"Acidente s";"314";"BR-101/SC";"Sul";"Engavetamento";3;0;0;0;0;0;0;0;0;0;5;0;0;0;0
"29/01/2023";"18:12:00";"72";"Acidente c";"317";"BR-101/SC";"Norte";"Engavetamento";3;0;0;1;0;0;0;0;0;0;3;1;0;0;0
"29/01/2023";"18:30:00";"76";"Acidente c";"408";"BR-101/SC";"Norte";"Choque Barreira";1;0;0;0;0;0;0;0;0;0;2;1;0;0;0
"29/01/2023";"21:43:00";"92";"Acidente s";"335";"BR-101/SC";"Sul";"Colisão - Traseira";2;0;0;0;0;0;0;0;0;0;2;0;0;0;0
"30/01/2023";"03:31:00";"9";"Acidente s";"371";"BR-101/SC";"Norte";"Saída de pista";1;0;0;0;0;0;0;0;0;0;1;0;0;0;0
"30/01/2023";"07:56:00";"30";"Acidente s";"329,11";"BR-101/SC";"Sul";"Colisão - Traseira";1;0;0;1;0;0;0;0;0;0;2;0;0;0;0
"30/01/2023";"08:05:00";"32";"Acidente c";"329,58";"BR-101/SC";"Sul";"Engavetamento";8;0;0;1;0;0;0;0;0;0;0;1;0;0;0
"30/01/2023";"08:12:00";"33";"Acidente s";"331";"BR-101/SC";"Sul";"Colisão - Traseira";2;0;0;0;0;0;0;0;0;0;2;0;0;0;0
"30/01/2023";"10:12:00";"63";"Acidente s";"367";"BR-101/SC";"Sul";"Colisão - Lateral";1;0;1;0;0;0;0;0;0;0;4;0;0;0;0
"30/01/2023";"11:02:00";"71";"Acidente s";"353";"BR-101/SC";"Norte";"Engavetamento";4;0;0;0;0;0;0;0;0;0;5;0;0;0;0
"30/01/2023";"12:54:00";"80";"Acidente s";"407";"BR-101/SC";"Norte";"Queda de ribanceira";1;0;0;0;0;0;0;0;0;0;2;0;0;0;0
"30/01/2023";"13:30:00";"84";"Acidente s";"264";"BR-101/SC";"Norte";"Choque Defensa";0;0;0;0;1;0;0;0;0;0;1;0;0;0;0
"30/01/2023";"14:33:00";"94";"Acidente s";"263";"BR-101/SC";"Norte";"Engavetamento";3;0;0;0;0;0;0;0;0;0;3;0;0;0;0
"30/01/2023";"14:42:00";"96";"Acidente s";"264";"BR-101/SC";"Norte";"Colisão - Traseira";2;0;0;0;0;0;0;0;0;0;2;0;0;0;0
"31/01/2023";"05:28:00";"10";"Acidente s";"257";"BR-101/SC";"Norte";"Tombamento";0;0;0;0;0;0;0;1;0;0;1;0;0;0;0
"31/01/2023";"09:45:00";"54";"Acidente s";"347";"BR-101/SC";"Sul";"Colisão - Traseira";1;0;0;0;0;0;0;1;0;0;1;0;0;0;0
"31/01/2023";"11:54:00";"75";"Acidente s";"264";"BR-101/SC";"Sul";"Colisão - Traseira";2;0;0;0;0;0;0;0;0;0;3;0;0;0;0
"31/01/2023";"12:06:00";"81";"Acidente s";"263,22";"BR-101/SC";"Norte";"Colisão - Traseira";1;0;0;0;0;0;0;1;0;0;3;0;0;0;0
"31/01/2023";"15:59:00";"108";"Acidente s";"384";"BR-101/SC";"Sul";"Choque com veículo no acostamento";1;0;1;0;0;0;0;0;0;0;3;0;0;0;0
"31/01/2023";"17:18:00";"116";"Acidente c";"334";"BR-101/SC";"Norte";"Colisão - Traseira";1;0;0;1;0;0;0;0;0;0;1;1;0;0;0
"31/01/2023";"20:54:00";"136";"Acidente s";"423";"BR-101/SC";"Norte";"Colisão - Lateral";1;0;1;0;0;0;0;0;0;0;7;0;0;0;0
"31/01/2023";"21:12:00";"138";"Acidente s";"298";"BR-101/SC";"Norte";"Colisão - Traseira";1;0;1;0;0;0;0;0;0;0;3;0;0;0;0
"01/02/2023";"04:07:00";"6";"Acidente s";"419";"BR-101/SC";"Norte";"Colisão - Traseira";2;0;0;0;0;0;0;0;0;0;2;0;0;0;0
"01/02/2023";"07:32:00";"25";"Acidente c";"336";"BR-101/SC";"Sul";"Colisão - Lateral";1;0;0;1;0;0;0;0;0;0;1;0;1;0;0
"02/02/2023";"12:11:00";"84";"Acidente s";"442,5";"BR-101/SC";"Norte";"Colisão - Transversal";2;0;0;0;0;0;0;0;0;0;5;0;0;0;0
"02/02/2023";"16:09:00";"115";"Acidente s";"382";"BR-101/SC";"Norte";"Queda de ribanceira";1;0;0;0;0;0;0;0;0;0;2;0;0;0;0
"02/02/2023";"18:36:00";"128";"Acidente s";"357";"BR-101/SC";"Sul";"Saída de pista";1;0;0;0;0;0;0;0;0;0;1;0;0;0;0
"02/02/2023";"23:05:00";"146";"Acidente s";"270";"BR-101/SC";"Norte";"Saída de pista";1;0;0;0;0;0;0;0;0;0;1;0;0;0;0
"02/02/2023";"23:11:00";"147";"Acidente c";"420";"BR-101/SC";"Norte";"Colisão - Traseira";1;0;0;1;0;0;0;0;0;0;4;0;0;1;0
"03/02/2023";"00:51:00";"2";"Acidente c";"389";"BR-101/SC";"Norte";"Colisão - Traseira";0;0;1;0;0;0;0;1;0;0;1;0;1;0;0
"03/02/2023";"04:53:00";"10";"Acidente c";"451";"BR-101/SC";"Sul";"Queda de ribanceira";1;0;0;0;0;0;0;0;0;1;1;0;0;0;1
"03/02/2023";"10:10:00";"56";"Acidente s";"251";"BR-101/SC";"Norte";"Capotamento";1;0;0;0;0;0;0;0;0;0;1;0;0;0;0
"03/02/2023";"14:05:00";"83";"Acidente c";"264";"BR-101/SC";"Norte";"Colisão - Transversal";1;0;0;1;0;0;0;0;0;0;1;0;1;0;0
"03/02/2023";"15:07:00";"87";"Acidente s";"326";"BR-101/SC";"Sul";"Colisão - Traseira";1;0;0;0;0;0;0;0;0;1;2;0;0;0;0
"03/02/2023";"17:34:00";"97";"Acidente s";"337";"BR-101/SC";"Norte";"Saída de pista";0;0;0;0;0;0;0;0;0;1;1;0;0;0;0
"03/02/2023";"18:22:00";"101";"Acidente c";"327";"BR-101/SC";"Norte";"Capotamento";1;0;0;0;0;0;0;0;0;0;0;2;0;0;0
"03/02/2023";"19:32:00";"107";"Acidente s";"406";"BR-101/SC";"Norte";"Capotamento";1;0;0;0;0;0;0;0;0;0;1;0;0;0;0
"04/02/2023";"00:32:00";"2";"Acidente c";"431";"BR-101/SC";"Norte";"Colisão - Traseira";1;0;1;0;0;0;0;0;0;0;2;2;1;0;0
"04/02/2023";"01:15:00";"3";"Acidente s";"367";"BR-101/SC";"Sul";"Saída de pista";1;0;0;0;0;0;0;0;0;0;1;0;0;0;0
"04/02/2023";"03:04:00";"9";"Acidente s";"379";"BR-101/SC";"Norte";"Colisão - Lateral";2;0;0;0;0;0;0;0;0;0;4;0;0;0;0
"04/02/2023";"08:05:00";"32";"Acidente s";"314";"BR-101/SC";"Norte";"Choque Barreira";1;0;0;0;0;0;0;0;0;0;5;0;0;0;0
"04/02/2023";"13:59:00";"68";"Acidente s";"400";"BR-101/SC";"Norte";"Saída de pista";1;0;0;0;0;0;0;0;0;0;1;0;0;0;0
"05/02/2023";"05:05:00";"13";"Acidente s";"344";"BR-101/SC";"Norte";"Choque Defensa";1;0;0;0;0;0;0;0;0;0;3;0;0;0;0
"05/02/2023";"05:14:00";"14";"Acidente s";"306";"BR-101/SC";"Norte";"Choque Defensa";1;0;0;0;0;0;0;0;0;0;1;0;0;0;0
"05/02/2023";"13:21:00";"53";"Acidente s";"458";"BR-101/SC";"Norte";"Choque Praça - Submarino";1;0;0;0;0;0;0;0;0;0;3;0;0;0;0