data;horario;n_da_ocorrencia;tipo_de_ocorrencia;km;trecho;sentido;tipo_de_acidente;automovel;bicicleta;caminhao;moto;onibus;outros;tracao_animal;transporte_de_cargas_especiais;trator_maquinas;utilitarios;ilesos;levemente_feridos;moderadamente_feridos;gravemente_feridos;mortos
"04/03/2023";"20:36:00";"105";"Acidente s";"414";"BR-101/SC";"Norte";"Choque Barreira";1;0;0;0;0;0;0;0;0;0;3;0;0;0;0
"04/03/2023";"21:49:00";"111";"Acidente c";"306";"BR-101/SC";"Sul";"Colisão - Lateral";0;0;0;2;0;0;0;0;0;0;2;2;0;0;0
"04/03/2023";"23:42:00";"122";"Atropelame";"431";"BR-101/SC";"Sul";"Atropelamento de Animal";1;0;0;0;0;0;0;0;0;0;1;0;1;0;0
"05/03/2023";"00:11:00";"2";"Acidente c";"334";"BR-101/SC";"Sul";"Colisão - Transversal";1;0;0;1;0;0;0;0;0;0;2;0;0;0;0
"05/03/2023";"04:31:00";"11";"Acidente c";"360";"BR-101/SC";"Sul";"Colisão - Traseira";1;0;0;1;0;0;0;0;0;0;1;0;1;0;0
"05/03/2023";"16:26:00";"74";"Acidente c";"287";"BR-101/SC";"Sul";"Queda de moto";0;0;0;1;0;0;0;0;0;0;1;1;0;0;0
"05/03/2023";"16:31:00";"75";"Acidente s";"408";"BR-101/SC";"Sul";"Colisão - Traseira";0;0;1;0;0;0;0;0;0;0;3;0;0;0;0
"05/03/2023";"17:46:00";"87";"Acidente s";"333";"BR-101/SC";"Sul";"Tombamento";0;0;1;0;0;0;0;0;0;0;1;0;0;0;0
"05/03/2023";"18:34:00";"91";"Acidente s";"406,31";"BR-101/SC";"Sul";"Choque Praça - Submarino";1;0;0;0;0;0;0;0;0;0;1;0;0;0;0
"05/03/2023";"20:13:00";"104";"Acidente s";"463";"BR-101/SC";"Norte";"Queda de ribanceira";1;0;0;0;0;0;0;0;0;0;2;0;0;0;0
"06/03/2023";"00:37:00";"3";"Acidente s";"365";"BR-101/SC";"Norte";"Colisão - Lateral";2;0;0;0;0;0;0;0;0;0;2;0;0;0;0
"06/03/2023";"00:58:00";"5";"Acidente s";"247,37";"BR-101/SC";"Sul";"Queda de ribanceira";0;0;1;0;0;0;0;0;0;0;1;0;0;0;0
"06/03/2023";"05:57:00";"16";"Acidente s";"360";"BR-101/SC";"Norte";"Choque Defensa";1;0;0;0;0;0;0;0;0;0;2;0;0;0;0
"06/03/2023";"06:45:00";"17";"Acidente s";"307";"BR-101/SC";"Norte";"Choque Defensa";1;0;0;0;0;0;0;0;0;0;1;0;0;0;0
"06/03/2023";"08:06:00";"27";"Acidente s";"331";"BR-101/SC";"Sul";"Colisão - Transversal";2;0;0;0;0;0;0;0;0;0;3;0;0;0;0
"06/03/2023";"10:26:00";"47";"Acidente s";"391";"BR-101/SC";"Norte";"Choque Barreira";1;0;0;0;0;0;0;0;0;0;2;0;0;0;0
"06/03/2023";"17:57:00";"94";"Acidente c";"385";"BR-101/SC";"Sul";"Saída de pista";2;0;0;0;0;0;0;0;0;0;0;1;0;0;0
"07/03/2023";"00:13:00";"1";"Acidente s";"383";"BR-101/SC";"Sul";"Saída de pista";1;0;0;0;0;0;0;0;0;0;1;0;0;0;0
"07/03/2023";"06:53:00";"16";"Acidente s";"327";"BR-101/SC";"Sul";"Colisão - Lateral";2;0;0;0;0;0;0;0;0;0;5;0;0;0;0
"07/03/2023";"11:39:00";"68";"Acidente s";"293";"BR-101/SC";"Sul";"Colisão - Lateral";0;0;2;0;0;0;0;0;0;0;2;0;0;0;0
"07/03/2023";"18:11:00";"112";"Acidente c";"307";"BR-101/SC";"Sul";"Colisão - Traseira";1;0;0;1;0;0;0;0;0;0;3;1;0;0;0
"07/03/2023";"18:21:00";"113";"Acidente c";"285";"BR-101/SC";"Sul";"Queda de moto";0;0;0;1;0;0;0;0;0;0;0;1;0;0;0
"07/03/2023";"20:04:00";"123";"Acidente c";"350";"BR-101/SC";"Sul";"Colisão - Traseira";2;0;0;0;0;0;0;0;0;0;1;1;0;0;0
"07/03/2023";"20:04:00";"122";"Acidente c";"443";"BR-101/SC";"Norte";"Colisão - Lateral";0;0;1;1;0;0;0;0;0;0;2;1;0;0;0
"07/03/2023";"22:33:00";"124";"Acidente c";"341";"BR-101/SC";"Norte";"Colisão - Frontal";0;0;0;2;0;0;0;0;0;0;0;2;0;0;0
"08/03/2023";"04:24:00";"4";"Acidente s";"339";"BR-101/SC";"Norte";"Queda de ribanceira";1;0;0;0;0;0;0;0;0;0;3;0;0;0;0
"08/03/2023";"08:52:00";"50";"Acidente c";"285";"BR-101/SC";"Sul";"Queda de moto";0;0;0;1;0;0;0;0;0;0;0;2;0;0;0
"08/03/2023";"08:57:00";"54";"Acidente s";"248";"BR-101/SC";"Norte";"Saída de pista";1;0;0;0;0;0;0;0;0;0;2;0;0;0;0
"08/03/2023";"13:36:00";"93";"Acidente c";"354";"BR-101/SC";"Norte";"Saída de pista";1;0;0;0;0;0;0;0;0;0;0;1;0;0;0
"09/03/2023";"02:45:00";"7";"Acidente s";"294";"BR-101/SC";"Sul";"Saída de pista";0;0;1;0;0;0;0;0;0;0;1;0;0;0;0
"09/03/2023";"07:07:00";"23";"Acidente c";"327";"BR-101/SC";"Norte";"Colisão - Traseira";1;0;0;1;0;0;0;0;0;0;1;1;0;0;0
"09/03/2023";"09:57:00";"77";"Acidente s";"330";"BR-101/SC";"Norte";"Queda de moto";0;0;0;1;0;0;0;0;0;0;1;0;0;0;0
"09/03/2023";"14:18:00";"103";"Acidente s";"379";"BR-101/SC";"Sul";"Saída de pista";1;0;0;0;0;0;0;0;0;0;1;0;0;0;0
"09/03/2023";"17:51:00";"118";"Acidente s";"329";"BR-101/SC";"Sul";"Capotamento";1;0;0;0;0;0;0;0;0;0;2;0;0;0;0
"10/03/2023";"07:01:00";"19";"Acidente s";"370";"BR-101/SC";"Sul";"Saída de pista";0;0;1;0;0;0;0;0;0;0;1;0;0;0;0
"10/03/2023";"12:40:00";"77";"Acidente s";"404";"BR-101/SC";"Sul";"Colisão - Traseira";2;0;0;0;0;0;0;0;0;0;2;0;0;0;0
"11/03/2023";"04:37:00";"8";"Acidente s";"274";"BR-101/SC";"Sul";"Colisão - Traseira";2;0;0;0;0;0;0;0;0;0;2;0;0;0;0
"11/03/2023";"06:03:00";"10";"Acidente c";"270";"BR-101/SC";"Norte";"Queda de moto";0;0;0;1;0;0;0;0;0;0;0;0;0;0;1
"11/03/2023";"06:41:00";"12";"Acidente c";"377";"BR-101/SC";"Norte";"Queda de moto";0;0;0;1;0;0;0;0;0;0;0;0;0;0;1
"11/03/2023";"08:47:00";"31";"Acidente s";"307";"BR-101/SC";"Sul";"Saída de pista";1;0;0;0;0;0;0;0;0;0;1;0;0;0;0
"11/03/2023";"17:10:00";"81";"Acidente s";"351";"BR-101/SC";"Norte";"Colisão - Traseira";1;0;1;0;0;0;0;0;0;0;4;0;0;0;0
"11/03/2023";"18:07:00";"87";"Acidente c";"247";"BR-101/SC";"Sul";"Capotamento";1;0;0;0;0;0;0;0;0;0;0;4;0;0;0
"11/03/2023";"20:15:00";"100";"Atropelame";"452";"BR-101/SC";"Sul";"Atropelamento - Esportista";0;0;0;2;0;0;0;0;0;0;0;0;0;2;0
"11/03/2023";"23:14:00";"111";"Acidente c";"419";"BR-101/SC";"Norte";"Colisão - Lateral";1;0;0;1;0;0;0;0;0;0;1;0;0;1;0
"12/03/2023";"00:48:00";"3";"Acidente s";"311";"BR-101/SC";"Norte";"Saída de pista";1;0;0;0;0;0;0;0;0;0;1;0;0;0;0
"12/03/2023";"17:53:00";"56";"Acidente c";"336";"BR-101/SC";"Norte";"Queda de moto";0;0;0;1;0;0;0;0;0;0;0;2;0;0;0
"12/03/2023";"19:33:00";"72";"Acidente s";"325";"BR-101/SC";"Sul";"Engavetamento";4;0;0;0;0;0;0;0;0;0;5;0;0;0;0
"13/03/2023";"05:55:00";"7";"Acidente s";"274";"BR-101/SC";"Norte";"Saída de pista";1;0;0;0;0;0;0;0;0;0;1;0;0;0;0
"13/03/2023";"07:55:00";"26";"Acidente s";"280";"BR-101/SC";"Norte";"Capotamento";1;0;0;0;0;0;0;0;0;0;1;0;0;0;0
"13/03/2023";"19:22:00";"104";"Acidente c";"322";"BR-101/SC";"Norte";"Atropelamento de Animal";1;0;0;0;0;0;0;0;0;0;0;1;1;0;0
"14/03/2023";"13:37:00";"76";"Acidente s";"298";"BR-101/SC";"Sul";"Colisão - Traseira";1;0;1;0;0;0;0;0;0;0;3;0;0;0;0
"14/03/2023";"16:10:00";"91";"Acidente c";"420";"BR-101/SC";"Sul";"Queda de moto";0;0;0;1;0;0;0;0;0;0;0;1;0;0;0
"14/03/2023";"18:13:00";"102";"Atropelame";"308";"BR-101/SC";"Norte";"Atropelamento - Usuário";0;0;0;2;0;0;0;0;0;0;0;1;1;0;0
"14/03/2023";"18:58:00";"108";"Acidente c";"254";"BR-101/SC";"Norte";"Choque - Arvore";1;0;0;0;0;0;0;0;0;0;0;0;1;0;0
"14/03/2023";"20:40:00";"112";"Acidente s";"253,59";"BR-101/SC";"Norte";"Colisão - Traseira";1;0;1;0;0;0;0;0;0;0;2;0;0;0;0
"14/03/2023";"23:43:00";"120";"Acidente c";"256";"BR-101/SC";"Norte";"Choque - Arvore";1;0;0;0;0;0;0;0;0;0;0;1;0;0;0
"15/03/2023";"08:58:00";"41";"Acidente s";"378";"BR-101/SC";"Norte";"Saída de pista";1;0;0;0;0;0;0;0;0;0;1;0;0;0;0
"15/03/2023";"17:58:00";"101";"Acidente s";"289";"BR-101/SC";"Norte";"Queda de ribanceira";1;0;0;0;0;0;0;0;0;0;1;0;0;0;0
"15/03/2023";"18:30:00";"104";"Acidente c";"406";"BR-101/SC";"Norte";"Capotamento";1;0;0;0;0;0;0;0;0;0;0;1;0;0;0
"15/03/2023";"18:41:00";"107";"Acidente c";"282";"BR-101/SC";"Sul";"Queda de moto";1;0;0;1;0;0;0;0;0;0;1;1;0;0;0
"16/03/2023";"14:05:00";"86";"Acidente s";"298";"BR-101/SC";"Sul";"Queda de moto";0;0;0;1;0;0;0;0;0;0;1;0;0;0;0
"16/03/2023";"16:08:00";"97";"Acidente c";"262";"BR-101/SC";"Norte";"Saída de pista";1;0;0;0;0;0;0;0;0;0;0;1;0;0;0
"16/03/2023";"17:15:00";"99";"Acidente s";"393";"BR-101/SC";"Sul";"Saída de pista";1;0;0;0;0;0;0;0;0;0;3;0;0;0;0
"16/03/2023";"22:09:00";"122";"Acidente s";"351";"BR-101/SC";"Norte";"Colisão - Traseira";1;0;1;0;0;0;0;0;0;0;3;0;0;0;0
"17/03/2023";"04:27:00";"8";"Acidente s";"346";"BR-101/SC";"Sul";"Atropelamento de Animal";1;0;0;0;0;0;0;0;0;0;1;0;0;0;0
"17/03/2023";"08:37:00";"44";"Acidente s";"344";"BR-101/SC";"Norte";"Colisão - Traseira";0;0;2;0;0;0;0;0;0;0;3;0;0;0;0
"17/03/2023";"11:39:00";"80";"Acidente c";"364";"BR-101/SC";"Sul";"Saída de pista";1;0;0;0;0;0;0;0;0;0;3;0;1;0;0
"17/03/2023";"15:21:00";"107";"Acidente s";"336";"BR-101/SC";"Sul";"Colisão - Traseira";2;0;0;0;0;0;0;0;0;0;3;0;0;0;0
"17/03/2023";"15:38:00";"111";"Acidente s";"350";"BR-101/SC";"Norte";"Colisão - Traseira";2;0;0;0;0;0;0;0;0;0;3;0;0;0;0
"17/03/2023";"18:44:00";"125";"Acidente s";"435";"BR-101/SC";"Sul";"Colisão - Lateral";2;0;0;0;0;0;0;0;0;0;2;0;0;0;0
"18/03/2023";"01:55:00";"4";"Acidente s";"329";"BR-101/SC";"Sul";"Capotamento";1;0;0;0;0;0;0;0;0;0;1;0;0;0;0
"18/03/2023";"14:45:00";"84";"Acidente c";"435";"BR-101/SC";"Norte";"Colisão - Frontal";1;0;0;1;0;0;0;0;0;0;1;0;1;0;0
"18/03/2023";"17:08:00";"95";"Acidente c";"332";"BR-101/SC";"Sul";"Colisão - Lateral";1;0;0;1;0;0;0;0;0;0;5;0;1;0;0
"18/03/2023";"21:44:00";"116";"Acidente c";"248";"BR-101/SC";"Sul";"Saída de pista";1;0;0;0;0;0;0;0;0;0;0;2;0;0;0
"18/03/2023";"22:40:00";"118";"Acidente s";"288";"BR-101/SC";"Sul";"Colisão - Traseira";2;0;0;0;0;0;0;0;0;0;3;0;0;0;0
"19/03/2023";"21:04:00";"106";"Acidente s";"404";"BR-101/SC";"Sul";"Colisão - Lateral";2;0;0;0;0;0;0;0;0;0;5;0;0;0;0
"19/03/2023";"21:20:00";"108";"Acidente s";"360";"BR-101/SC";"Sul";"Atropelamento de Animal";1;0;0;0;0;0;0;0;0;0;4;0;0;0;0
"20/03/2023";"09:48:00";"50";"Acidente c";"384";"BR-101/SC";"Sul";"Capotamento";1;0;0;0;0;0;0;0;0;0;0;0;0;1;0
"20/03/2023";"16:14:00";"80";"Acidente s";"316";"BR-101/SC";"Norte";"Saída de pista";1;0;0;0;0;0;0;0;0;0;3;0;0;0;0
"21/03/2023";"05:10:00";"9";"Acidente s";"367";"BR-101/SC";"Norte";"Saída de pista";1;0;0;0;0;0;0;0;0;0;2;0;0;0;0
"22/03/2023";"00:12:00";"2";"Acidente s";"335";"BR-101/SC";"Norte";"Saída de pista";1;0;0;0;0;0;0;0;0;0;2;0;0;0;0
"22/03/2023";"00:42:00";"3";"Acidente s";"273";"BR-101/SC";"Sul";"Saída de pista";1;0;0;0;0;0;0;0;0;0;1;0;0;0;0
"22/03/2023";"08:48:00";"44";"Acidente s";"322";"BR-101/SC";"Sul";"Colisão - Traseira";1;0;1;0;0;0;0;0;0;0;2;0;0;0;0
"22/03/2023";"21:47:00";"131";"Acidente s";"359";"BR-101/SC";"Sul";"Saída de pista";1;0;0;0;0;0;0;0;0;0;1;0;0;0;0
"23/03/2023";"07:14:00";"13";"Acidente s";"257";"BR-101/SC";"Norte";"Colisão - Lateral";0;0;3;0;0;0;0;0;0;0;3;0;0;0;0
"23/03/2023";"08:10:00";"34";"Acidente s";"258";"BR-101/SC";"Norte";"Colisão - Traseira";1;0;1;0;0;0;0;0;0;0;3;0;0;0;0
"23/03/2023";"11:44:00";"70";"Acidente s";"331";"BR-101/SC";"Norte";"Capotamento";1;0;0;0;0;0;0;0;0;0;1;0;0;0;0
"23/03/2023";"12:20:00";"74";"Acidente c";"439";"BR-101/SC";"Sul";"Capotamento";1;0;0;1;0;0;0;0;0;0;2;0;1;0;0
"23/03/2023";"14:22:00";"86";"Acidente s";"276";"BR-101/SC";"Norte";"Colisão - Lateral";1;0;0;1;0;0;0;0;0;0;3;0;0;0;0
"23/03/2023";"15:54:00";"96";"Acidente c";"337";"BR-101/SC";"Sul";"Colisão - Traseira";0;0;2;0;0;0;0;0;0;0;1;1;0;0;0
"24/03/2023";"19:34:00";"114";"Acidente c";"446";"BR-101/SC";"Sul";"Queda de moto";0;0;0;1;0;0;0;0;0;0;0;0;2;0;0
"25/03/2023";"01:32:00";"5";"Acidente c";"369";"BR-101/SC";"Norte";"Queda de ribanceira";0;0;1;0;0;0;0;0;0;0;1;1;0;0;0
"25/03/2023";"07:29:00";"20";"Acidente s";"273";"BR-101/SC";"Sul";"Saída de pista";1;0;0;0;0;0;0;0;0;0;1;0;0;0;0
"25/03/2023";"08:34:00";"31";"Atropelame";"252";"BR-101/SC";"Norte";"Atropelamento - Esportista";1;0;0;0;0;0;0;0;0;0;1;1;0;0;0
"25/03/2023";"09:14:00";"39";"Atropelame";"336";"BR-101/SC";"Norte";"Atropelamento - Esportista";1;0;0;0;0;0;0;0;0;0;2;0;0;0;0
"25/03/2023";"09:44:00";"41";"Acidente c";"358";"BR-101/SC";"Norte";"Colisão - Lateral";1;0;0;1;0;0;0;0;0;0;4;0;1;0;0
"25/03/2023";"09:57:00";"44";"Acidente c";"374";"BR-101/SC";"Sul";"Saída de pista";1;0;0;0;0;0;0;0;0;0;0;0;0;1;0
"25/03/2023";"15:24:00";"61";"Acidente s";"446";"BR-101/SC";"Sul";"Saída de pista";1;0;0;0;0;0;0;0;0;0;4;0;0;0;0
"25/03/2023";"20:40:00";"77";"Acidente s";"370";"BR-101/SC";"Norte";"Saída de pista";1;0;0;0;0;0;0;0;0;0;1;0;0;0;0
"26/03/2023";"15:13:00";"54";"Acidente s";"344";"BR-101/SC";"Sul";"Colisão - Traseira";2;0;0;0;0;0;0;0;0;0;2;0;0;0;0
"26/03/2023";"15:32:00";"56";"Atropelame";"275";"BR-101/SC";"Norte";"Atropelamento - Esportista";1;0;0;0;0;0;0;0;0;0;1;0;1;0;0
"26/03/2023";"15:37:00";"57";"Acidente c";"374";"BR-101/SC";"Sul";"Colisão - Traseira";2;0;0;0;0;0;0;0;0;0;1;0;1;0;0
"26/03/2023";"23:12:00";"99";"Acidente s";"336";"BR-101/SC";"Norte";"Colisão - Lateral";1;0;1;0;0;0;0;0;0;0;2;0;0;0;0
"27/03/2023";"07:16:00";"14";"Acidente c";"364";"BR-101/SC";"Norte";"Colisão - Traseira";1;0;1;0;0;0;0;0;0;0;1;0;1;0;0
"27/03/2023";"07:31:00";"25";"Acidente c";"370,06";"BR-101/SC";"Norte";"Colisão - Lateral";2;0;0;0;0;0;0;0;0;0;1;2;0;0;0
"27/03/2023";"07:44:00";"29";"Acidente s";"347";"BR-101/SC";"Sul";"Colisão - Lateral";0;0;2;0;0;0;0;0;0;0;3;0;0;0;0
"27/03/2023";"13:34:00";"73";"Acidente s";"350";"BR-101/SC";"Norte";"Colisão - Lateral";1;0;1;0;0;0;0;0;0;0;2;0;0;0;0
"28/03/2023";"17:14:00";"89";"Acidente s";"273";"BR-101/SC";"Norte";"Choque - Sinalização";1;0;0;0;0;0;0;0;0;0;1;0;0;0;0
"28/03/2023";"20:24:00";"106";"Atropelame";"363";"BR-101/SC";"Sul";"Atropelamento - Morador/Trabalhador/Estudante";1;0;0;0;0;0;0;0;0;0;1;0;1;0;0
"29/03/2023";"08:48:00";"47";"Acidente s";"414";"BR-101/SC";"Sul";"Capotamento";1;0;0;0;0;0;0;0;0;0;2;0;0;0;0
"29/03/2023";"10:51:00";"60";"Acidente s";"392";"BR-101/SC";"Norte";"Colisão - Traseira";1;0;1;0;0;0;0;0;0;0;2;0;0;0;0
"29/03/2023";"18:59:00";"102";"Acidente s";"349";"BR-101/SC";"Sul";"Colisão - Lateral";2;0;1;0;0;0;0;0;0;0;2;0;0;0;0
"29/03/2023";"21:32:00";"108";"Acidente s";"352";"BR-101/SC";"Norte";"Colisão - Traseira";0;0;2;0;0;0;0;0;0;0;2;0;0;0;0
"30/03/2023";"11:08:00";"76";"Acidente s";"404";"BR-101/SC";"Norte";"Colisão - Lateral";1;0;1;0;0;0;0;0;0;0;2;0;0;0;0
"30/03/2023";"13:56:00";"95";"Acidente c";"299";"BR-101/SC";"Norte";"Colisão - Lateral";0;0;1;1;0;0;0;0;0;0;1;0;1;0;0
"30/03/2023";"17:49:00";"114";"Acidente c";"426";"BR-101/SC";"Norte";"Queda de moto";0;0;0;1;0;0;0;0;0;0;0;2;0;0;0
"30/03/2023";"18:54:00";"123";"Acidente c";"415";"BR-101/SC";"Sul";"Queda de moto";0;0;0;1;0;0;0;0;0;0;0;1;0;0;0
"01/04/2023";"04:33:00";"12";"Acidente c";"257";"BR-101/SC";"Norte";"Capotamento";1;0;0;0;0;0;0;0;0;0;1;1;0;0;0
"01/04/2023";"07:34:00";"20";"Acidente s";"344";"BR-101/SC";"Sul";"Colisão - Lateral";4;0;0;0;0;0;0;0;0;0;10;0;0;0;0
"01/04/2023";"08:49:00";"31";"Acidente s";"400";"BR-101/SC";"Norte";"Colisão - Lateral";1;0;0;0;0;0;0;0;0;1;5;0;0;0;0
"01/04/2023";"11:02:00";"44";"Acidente c";"331";"BR-101/SC";"Norte";"Colisão - Traseira";2;0;0;1;0;0;0;0;0;0;2;0;1;0;0
"01/04/2023";"19:52:00";"79";"Acidente s";"363";"BR-101/SC";"Sul";"Atropelamento de Animal";1;0;0;0;0;0;0;0;0;0;2;0;0;0;0
"02/04/2023";"01:41:00";"1";"Acidente s";"278";"BR-101/SC";"Norte";"Choque Barreira";1;0;0;0;0;0;0;0;0;0;1;0;0;0;0
"02/04/2023";"07:12:00";"14";"Acidente s";"301";"BR-101/SC";"Sul";"Colisão - Traseira";1;0;0;0;0;0;0;0;0;0;2;0;0;0;0
"02/04/2023";"09:11:00";"28";"Acidente s";"257";"BR-101/SC";"Norte";"Choque Defensa";1;0;0;0;0;0;0;0;0;0;3;0;0;0;0
"02/04/2023";"11:03:00";"40";"Acidente c";"369";"BR-101/SC";"Norte";"Colisão - Lateral";1;0;0;1;0;0;0;0;0;0;1;1;0;0;0
"02/04/2023";"13:19:00";"51";"Acidente s";"451";"BR-101/SC";"Norte";"Saída de pista";1;0;0;0;0;0;0;0;0;0;3;0;0;0;0
"03/04/2023";"01:38:00";"7";"Acidente s";"285";"BR-101/SC";"Norte";"Queda de moto";0;0;0;1;0;0;0;0;0;0;2;0;0;0;0
"03/04/2023";"13:46:00";"79";"Acidente s";"367";"BR-101/SC";"Sul";"Saída de pista";1;0;0;0;0;0;0;0;0;1;2;0;0;0;0
"03/04/2023";"14:46:00";"85";"Acidente c";"369";"BR-101/SC";"Norte";"Queda de moto";0;0;0;1;0;0;0;0;0;0;0;1;0;0;0
"03/04/2023";"23:58:00";"122";"Acidente s";"282";"BR-101/SC";"Norte";"Saída de pista";1;0;0;0;0;0;0;0;0;0;2;0;0;0;0
"04/04/2023";"07:43:00";"21";"Acidente s";"327";"BR-101/SC";"Sul";"Tombamento";1;0;0;0;0;0;0;0;0;0;1;0;0;0;0
"04/04/2023";"11:13:00";"67";"Atropelame";"361";"BR-101/SC";"Norte";"Atropelamento - Usuário";1;0;0;1;0;0;0;0;0;0;1;0;0;1;0
"04/04/2023";"15:41:00";"95";"Acidente c";"282";"BR-101/SC";"Sul";"Choque Defensa";1;0;0;0;0;0;0;0;0;1;1;1;0;0;0
"04/04/2023";"16:48:00";"105";"Acidente s";"357";"BR-101/SC";"Norte";"Saída de pista";1;0;0;0;0;0;0;0;0;0;1;0;0;0;0
"04/04/2023";"17:08:00";"108";"Acidente c";"275";"BR-101/SC";"Sul";"Colisão - Traseira";1;0;0;1;0;0;0;0;0;0;2;1;0;0;0
"04/04/2023";"17:33:00";"112";"Acidente c";"342";"BR-101/SC";"Sul";"Colisão - Traseira";1;0;0;1;0;0;0;0;0;0;3;1;0;0;0
"04/04/2023";"17:52:00";"114";"Acidente s";"365";"BR-101/SC";"Ambos";"Saída de pista";0;0;0;0;0;0;0;0;0;1;1;0;0;0;0
"04/04/2023";"19:24:00";"121";"Acidente s";"385";"BR-101/SC";"Norte";"Saída de pista";0;0;0;0;0;0;0;0;0;1;2;0;0;0;0
"04/04/2023";"21:00:00";"126";"Acidente s";"322";"BR-101/SC";"Sul";"Queda de moto";0;0;0;1;0;0;0;0;0;0;1;0;0;0;0
"04/04/2023";"23:12:00";"130";"Acidente c";"250";"BR-101/SC";"Norte";"Colisão - Traseira";0;0;0;0;0;0;0;1;0;1;1;0;1;0;0
"05/04/2023";"06:58:00";"17";"Acidente c";"278";"BR-101/SC";"Norte";"Queda de moto";0;0;0;1;0;0;0;0;0;0;0;1;1;0;0
"05/04/2023";"14:00:00";"105";"Acidente c";"363";"BR-101/SC";"Norte";"Colisão - Traseira";0;0;1;0;0;0;0;1;0;0;1;0;1;0;0
"05/04/2023";"15:16:00";"112";"Acidente c";"297";"BR-101/SC";"Sul";"Queda de moto";0;0;0;1;0;0;0;0;0;0;0;0;1;0;0
"05/04/2023";"20:36:00";"131";"Acidente c";"291";"BR-101/SC";"Sul";"Colisão - Traseira";0;0;1;1;0;0;0;0;0;0;1;0;0;1;0
"05/04/2023";"23:16:00";"141";"Acidente c";"276";"BR-101/SC";"Norte";"Colisão - Traseira";0;0;0;0;0;0;0;2;0;0;1;0;1;0;0
"06/04/2023";"01:11:00";"1";"Acidente s";"374";"BR-101/SC";"Norte";"Saída de pista";1;0;0;0;0;0;0;0;0;0;2;0;0;0;0
"06/04/2023";"05:47:00";"9";"Acidente c";"374";"BR-101/SC";"Norte";"Capotamento";1;0;0;0;0;0;0;0;0;0;0;2;2;1;0
"06/04/2023";"12:10:00";"77";"Acidente s";"458";"BR-101/SC";"Norte";"Colisão - Lateral";1;0;0;0;0;0;0;0;0;1;2;0;0;0;0
"06/04/2023";"13:11:00";"85";"Acidente s";"411";"BR-101/SC";"Norte";"Atropelamento de Animal";1;0;0;0;0;0;0;0;0;0;4;0;0;0;0
"06/04/2023";"17:43:00";"113";"Acidente s";"257";"BR-101/SC";"Norte";"Saída de pista";1;0;0;0;0;0;0;0;0;0;2;0;0;0;0
"06/04/2023";"18:32:00";"117";"Acidente s";"323";"BR-101/SC";"Sul";"Colisão - Traseira";2;0;0;0;0;0;0;0;0;1;4;0;0;0;0
"06/04/2023";"18:46:00";"120";"Acidente c";"331";"BR-101/SC";"Sul";"Colisão - Transversal";1;0;0;1;0;0;0;0;0;0;1;1;0;0;0
"06/04/2023";"21:30:00";"134";"Acidente s";"367";"BR-101/SC";"Norte";"Saída de pista";1;0;0;0;0;0;0;0;0;0;2;0;0;0;0
"06/04/2023";"23:41:00";"148";"Acidente c";"308";"BR-101/SC";"Norte";"Saída de pista";1;0;0;0;0;0;0;0;0;0;3;1;0;0;0
"07/04/2023";"00:05:00";"1";"Acidente c";"272";"BR-101/SC";"Sul";"Engavetamento";3;0;0;0;0;0;0;1;0;0;6;0;0;2;0
"07/04/2023";"02:10:00";"9";"Acidente s";"371";"BR-101/SC";"Norte";"Colisão - Traseira";1;0;0;0;0;0;0;0;0;1;3;0;0;0;0
"07/04/2023";"02:25:00";"10";"Acidente s";"356,56";"BR-101/SC";"Norte";"Saída de pista";1;0;0;0;0;0;0;0;0;0;1;0;0;0;0
"07/04/2023";"02:50:00";"11";"Acidente s";"404";"BR-101/SC";"Norte";"Capotamento";1;0;0;0;0;0;0;0;0;0;1;0;0;0;0
"07/04/2023";"03:45:00";"13";"Acidente s";"331";"BR-101/SC";"Norte";"Capotamento";1;0;0;0;0;0;0;0;0;0;1;0;0;0;0
"07/04/2023";"04:29:00";"15";"Acidente s";"429";"BR-101/SC";"Sul";"Saída de pista";1;0;0;0;0;0;0;0;0;0;2;0;0;0;0
"07/04/2023";"04:34:00";"16";"Acidente s";"268";"BR-101/SC";"Sul";"Saída de pista";1;0;0;0;0;0;0;0;0;0;0;1;0;0;0
"07/04/2023";"08:32:00";"28";"Acidente s";"453";"BR-101/SC";"Sul";"Saída de pista";1;0;0;0;0;0;0;0;0;0;1;0;0;0;0
"07/04/2023";"11:39:00";"49";"Acidente c";"384";"BR-101/SC";"Norte";"Colisão - Lateral";1;0;0;1;0;0;0;0;0;0;1;0;1;0;0
"07/04/2023";"12:19:00";"56";"Acidente s";"257";"BR-101/SC";"Norte";"Saída de pista";1;0;0;0;0;0;0;0;0;0;2;0;0;0;0
"07/04/2023";"13:30:00";"59";"Acidente c";"415";"BR-101/SC";"Norte";"Colisão - Traseira";1;0;0;1;0;0;0;0;0;0;1;0;1;0;0
"07/04/2023";"19:03:00";"77";"Acidente s";"349";"BR-101/SC";"Sul";"Saída de pista";1;0;0;0;0;0;0;0;0;0;2;0;0;0;0
"07/04/2023";"23:11:00";"88";"Acidente s";"336";"BR-101/SC";"Norte";"Saída de pista";1;0;0;0;0;0;0;0;0;0;1;0;0;0;0
"08/04/2023";"04:49:00";"10";"Acidente s";"336";"BR-101/SC";"Sul";"Colisão - Traseira";1;0;0;1;0;0;0;0;0;0;2;0;0;0;0
"08/04/2023";"14:27:00";"50";"Acidente s";"259";"BR-101/SC";"Sul";"Saída de pista";1;0;0;0;0;0;0;0;0;0;1;0;0;0;0
"08/04/2023";"21:14:00";"82";"Acidente s";"361";"BR-101/SC";"Norte";"Choque Defensa";1;0;0;0;0;0;0;0;0;0;5;0;0;0;0
"08/04/2023";"22:59:00";"84";"Acidente s";"275";"BR-101/SC";"Norte";"Saída de pista";1;0;0;0;0;0;0;0;0;0;1;0;0;0;0