data;horario;n_da_ocorrencia;tipo_de_ocorrencia;km;trecho;sentido;tipo_de_acidente;automovel;bicicleta;caminhao;moto;onibus;outros;tracao_animal;transporte_de_cargas_especiais;trator_maquinas;utilitarios;ilesos;levemente_feridos;moderadamente_feridos;gravemente_feridos;mortos
"12/05/2023";"12:24:00";"97";"Acidente s";"403";"BR-101/SC";"Norte";"Colisão - Lateral";2;0;0;0;0;0;0;0;0;0;2;0;0;0;0
"12/05/2023";"16:51:00";"129";"Acidente s";"352";"BR-101/SC";"Norte";"Choque Defensa";1;0;0;0;0;0;0;0;0;0;2;0;0;0;0
"12/05/2023";"18:10:00";"135";"Acidente s";"314";"BR-101/SC";"Sul";"Colisão - Lateral";1;0;1;0;0;0;0;0;0;0;5;0;0;0;0
"12/05/2023";"19:28:00";"140";"Acidente s";"309";"BR-101/SC";"Norte";"Saída de pista";1;0;0;0;0;0;0;0;0;0;2;0;0;0;0
"13/05/2023";"04:03:00";"8";"Acidente s";"346";"BR-101/SC";"Norte";"Saída de pista";1;0;0;0;0;0;0;0;0;0;1;0;0;0;0
"13/05/2023";"05:15:00";"11";"Acidente s";"324";"BR-101/SC";"Norte";"Colisão - Traseira";1;0;0;0;0;0;0;0;0;1;4;0;0;0;0
"13/05/2023";"06:18:00";"17";"Acidente s";"338";"BR-101/SC";"Sul";"Saída de pista";1;0;0;0;0;0;0;0;0;0;3;0;0;0;0
"13/05/2023";"10:45:00";"62";"Acidente s";"461";"BR-101/SC";"Norte";"Saída de pista";1;0;0;0;0;0;0;0;0;0;3;0;0;0;0
"13/05/2023";"15:31:00";"96";"Acidente c";"329";"BR-101/SC";"Norte";"Colisão - Traseira";1;0;0;0;0;0;0;1;0;0;1;1;0;0;0
"13/05/2023";"18:12:00";"107";"Acidente s";"397";"BR-101/SC";"Sul";"Choque Defensa";1;0;0;0;0;0;0;0;0;0;4;0;0;0;0
"13/05/2023";"19:03:00";"114";"Acidente s";"397";"BR-101/SC";"Sul";"Colisão - Traseira";1;0;0;1;0;0;0;0;0;0;2;0;0;0;0
"13/05/2023";"20:11:00";"123";"Acidente s";"291";"BR-101/SC";"Sul";"Atropelamento de Animal";1;0;0;0;0;0;0;0;0;0;4;0;0;0;0
"13/05/2023";"20:33:00";"126";"Acidente s";"380";"BR-101/SC";"Sul";"Colisão - Traseira";2;0;0;0;0;0;0;0;0;0;3;0;0;0;0
"13/05/2023";"21:47:00";"128";"Acidente c";"439";"BR-101/SC";"Norte";"Queda de moto";0;0;0;1;0;0;0;0;0;0;0;0;1;1;0
"14/05/2023";"07:00:00";"19";"Acidente s";"357";"BR-101/SC";"Sul";"Queda de ribanceira";1;0;0;0;0;0;0;0;0;0;1;0;0;0;0
"14/05/2023";"17:17:00";"62";"Acidente s";"333";"BR-101/SC";"Norte";"Colisão - Traseira";2;0;0;0;0;0;0;0;0;0;5;0;0;0;0
"14/05/2023";"18:38:00";"73";"Acidente s";"289";"BR-101/SC";"Norte";"Atropelamento de Animal";1;0;0;0;0;0;0;0;0;0;2;0;0;0;0
"14/05/2023";"18:58:00";"74";"Acidente s";"298";"BR-101/SC";"Sul";"Colisão - Traseira";2;0;0;0;0;0;0;0;0;0;7;0;0;0;0
"14/05/2023";"19:57:00";"78";"Acidente c";"343";"BR-101/SC";"Norte";"Colisão - Lateral";1;0;0;1;0;0;0;0;0;0;2;0;1;0;0
"14/05/2023";"22:41:00";"85";"Acidente s";"353";"BR-101/SC";"Sul";"Saída de pista";1;0;0;0;0;0;0;0;0;0;1;0;0;0;0
"15/05/2023";"00:01:00";"1";"Acidente c";"276";"BR-101/SC";"Norte";"Capotamento";1;0;0;0;0;0;0;0;0;0;0;0;2;0;0
"15/05/2023";"01:35:00";"6";"Acidente s";"457";"BR-101/SC";"Norte";"Colisão - Traseira";2;0;0;0;0;0;0;0;0;0;4;0;0;0;0
"15/05/2023";"07:29:00";"31";"Acidente c";"341";"BR-101/SC";"Norte";"Colisão - Traseira";2;0;0;0;0;0;0;0;0;0;1;1;0;0;0
"15/05/2023";"07:38:00";"33";"Acidente c";"331";"BR-101/SC";"Sul";"Queda de moto";0;0;0;1;0;0;0;0;0;0;0;2;0;0;0
"15/05/2023";"08:38:00";"52";"Acidente s";"387";"BR-101/SC";"Sul";"Colisão - Traseira";1;0;1;0;0;0;0;0;0;0;2;0;0;0;0
"15/05/2023";"16:59:00";"113";"Acidente s";"317";"BR-101/SC";"Sul";"Choque com veículo no acostamento";0;0;0;0;0;0;0;0;0;2;2;0;0;0;0
"15/05/2023";"18:27:00";"118";"Atropelame";"417";"BR-101/SC";"Norte";"Atropelamento - Esportista";0;0;0;1;0;0;0;0;0;0;1;0;0;1;0
"16/05/2023";"06:29:00";"10";"Acidente c";"261";"BR-101/SC";"Sul";"Tombamento";0;0;0;0;0;0;0;1;0;0;0;1;0;0;0
"16/05/2023";"12:34:00";"71";"Acidente s";"404";"BR-101/SC";"Sul";"Colisão - Traseira";2;0;0;0;0;0;0;0;0;0;3;0;0;0;0
"16/05/2023";"18:23:00";"104";"Acidente c";"277";"BR-101/SC";"Norte";"Colisão - Frontal";0;0;0;2;0;0;0;0;0;0;0;0;1;1;0
"16/05/2023";"20:40:00";"115";"Acidente s";"338";"BR-101/SC";"Norte";"Colisão - Traseira";1;0;0;0;0;0;0;0;0;1;2;0;0;0;0
"17/05/2023";"07:47:00";"28";"Acidente s";"330";"BR-101/SC";"Sul";"Colisão - Lateral";1;0;0;0;0;0;0;1;0;0;4;0;0;0;0
"17/05/2023";"08:27:00";"54";"Acidente c";"317";"BR-101/SC";"Norte";"Saída de pista";1;0;0;0;0;0;0;0;0;0;0;4;0;0;0
"17/05/2023";"11:14:00";"77";"Acidente c";"335,6";"BR-101/SC";"Sul";"Colisão - Lateral";0;0;0;1;0;0;0;0;0;1;1;1;0;0;0
"17/05/2023";"12:52:00";"86";"Acidente s";"356,45";"BR-101/SC";"Sul";"Queda de ribanceira";1;0;0;0;0;0;0;0;0;0;1;0;0;0;0
"17/05/2023";"19:03:00";"116";"Acidente c";"328";"BR-101/SC";"Norte";"Queda de moto";0;0;0;1;0;0;0;0;0;1;1;0;1;0;0
"18/05/2023";"05:35:00";"10";"Acidente c";"318";"BR-101/SC";"Sul";"Queda de ribanceira";1;0;0;0;0;0;0;0;0;0;0;1;0;0;0
"18/05/2023";"07:45:00";"33";"Acidente s";"438";"BR-101/SC";"Sul";"Choque Barreira";0;0;0;0;1;0;0;0;0;0;1;0;0;0;0
"18/05/2023";"12:04:00";"83";"Acidente s";"344";"BR-101/SC";"Sul";"Colisão - Traseira";1;0;0;0;0;0;0;1;0;0;4;0;0;0;0
"18/05/2023";"12:54:00";"91";"Acidente s";"435";"BR-101/SC";"Sul";"Colisão - Lateral";1;0;0;0;0;0;0;1;0;0;2;0;0;0;0
"18/05/2023";"14:17:00";"101";"Acidente s";"271,2";"BR-101/SC";"Norte";"Choque Barreira";1;0;0;0;0;0;0;0;0;0;1;0;0;0;0
"18/05/2023";"14:54:00";"104";"Acidente s";"334";"BR-101/SC";"Sul";"Colisão - Traseira";2;0;0;0;0;0;0;0;0;0;2;0;0;0;0
"18/05/2023";"20:00:00";"130";"Acidente s";"426";"BR-101/SC";"Norte";"Colisão - Lateral";1;0;0;0;0;0;0;1;0;0;3;0;0;0;0
"19/05/2023";"02:32:00";"3";"Acidente c";"383";"BR-101/SC";"Norte";"Choque Defensa";1;0;0;0;0;0;0;0;0;0;1;1;0;0;0
"19/05/2023";"03:09:00";"4";"Acidente s";"330";"BR-101/SC";"Norte";"Saída de pista";1;0;0;0;0;0;0;0;0;0;1;0;0;0;0
"19/05/2023";"06:11:00";"10";"Acidente s";"298";"BR-101/SC";"Norte";"Colisão - Traseira";1;0;0;0;0;0;0;0;0;1;6;0;0;0;0
"19/05/2023";"08:50:00";"61";"Acidente s";"404";"BR-101/SC";"Norte";"Colisão - Traseira";1;0;0;0;0;0;0;0;0;1;4;0;0;0;0
"19/05/2023";"20:33:00";"136";"Acidente s";"281";"BR-101/SC";"Norte";"Atropelamento de Animal";0;0;0;0;0;0;0;0;0;1;2;0;0;0;0
"20/05/2023";"00:48:00";"2";"Acidente c";"257";"BR-101/SC";"Sul";"Queda de moto";0;0;0;1;0;0;0;0;0;0;0;0;1;0;0
"20/05/2023";"04:45:00";"6";"Acidente c";"317";"BR-101/SC";"Norte";"Colisão - Traseira";2;0;0;1;0;0;0;0;0;0;5;0;2;0;0
"20/05/2023";"17:39:00";"100";"Acidente c";"322";"BR-101/SC";"Norte";"Colisão - Lateral";0;0;0;2;0;0;0;0;0;0;2;0;1;0;0
"20/05/2023";"18:16:00";"104";"Acidente c";"307";"BR-101/SC";"Norte";"Colisão - Lateral";1;0;0;1;0;0;0;0;0;0;4;1;0;0;0
"21/05/2023";"01:08:00";"1";"Acidente s";"269";"BR-101/SC";"Norte";"Saída de pista";1;0;0;0;0;0;0;0;0;0;1;0;0;0;0
"21/05/2023";"02:04:00";"4";"Acidente c";"377";"BR-101/SC";"Sul";"Colisão - Frontal";2;0;0;0;0;0;0;0;0;1;3;1;0;0;0
"21/05/2023";"03:01:00";"6";"Acidente c";"270";"BR-101/SC";"Norte";"Queda de moto";1;0;0;1;0;0;0;0;0;0;1;0;0;1;0
"21/05/2023";"04:40:00";"7";"Acidente s";"302";"BR-101/SC";"Norte";"Queda em Ribanceira";1;0;0;0;0;0;0;0;0;0;2;0;0;0;0
"21/05/2023";"11:58:00";"48";"Acidente c";"458";"BR-101/SC";"Norte";"Colisão - Lateral";1;0;0;0;0;0;0;0;0;1;20;1;0;0;0
"21/05/2023";"12:54:00";"52";"Acidente c";"387";"BR-101/SC";"Norte";"Choque Defensa";1;0;0;0;0;0;0;0;0;0;0;2;0;0;0
"21/05/2023";"13:51:00";"55";"Acidente s";"322";"BR-101/SC";"Sul";"Colisão - Traseira";2;0;0;0;0;0;0;0;0;0;6;0;0;0;0
"21/05/2023";"17:10:00";"78";"Acidente c";"450";"BR-101/SC";"Norte";"Colisão - Lateral";1;0;0;1;0;0;0;0;0;0;2;0;1;1;0
"22/05/2023";"11:16:00";"81";"Acidente c";"276";"BR-101/SC";"Norte";"Colisão - Traseira";0;0;0;1;0;0;0;0;0;1;3;0;0;0;1
"22/05/2023";"18:43:00";"118";"Acidente s";"424";"BR-101/SC";"Norte";"Saída de pista";1;0;0;0;0;0;0;0;0;0;1;0;0;0;0
"23/05/2023";"07:04:00";"25";"Acidente s";"405";"BR-101/SC";"Norte";"Saída de pista";1;0;0;0;0;0;0;0;0;0;1;0;0;0;0
"23/05/2023";"10:20:00";"82";"Acidente s";"345";"BR-101/SC";"Norte";"Engavetamento";4;0;0;0;0;0;0;0;0;0;4;0;0;0;0
"23/05/2023";"13:29:00";"105";"Acidente s";"444";"BR-101/SC";"Norte";"Colisão - Transversal";2;0;0;0;0;0;0;0;0;0;3;0;0;0;0
"23/05/2023";"18:26:00";"129";"Acidente c";"321";"BR-101/SC";"Norte";"Colisão - Traseira";0;0;0;1;0;0;0;0;0;0;1;0;1;0;0
"23/05/2023";"23:41:00";"153";"Acidente s";"311";"BR-101/SC";"Norte";"Colisão - Traseira";1;0;0;1;0;0;0;0;0;0;2;0;0;0;0
"24/05/2023";"01:40:00";"3";"Acidente s";"284";"BR-101/SC";"Sul";"Capotamento";1;0;0;0;0;0;0;0;0;0;4;0;0;0;0
"24/05/2023";"07:58:00";"42";"Acidente s";"379";"BR-101/SC";"Sul";"Saída de pista";1;0;0;0;0;0;0;1;0;0;2;0;0;0;0
"24/05/2023";"08:43:00";"53";"Acidente s";"364";"BR-101/SC";"Sul";"Saída de pista";1;0;0;0;0;0;0;0;0;0;3;0;0;0;0
"24/05/2023";"12:18:00";"88";"Acidente s";"295";"BR-101/SC";"Norte";"Colisão - Traseira";1;0;0;1;0;0;0;0;0;0;2;0;0;0;0
"24/05/2023";"15:42:00";"109";"Acidente c";"360";"BR-101/SC";"Norte";"Queda de moto";0;0;0;1;0;0;0;0;0;0;0;1;0;0;0
"24/05/2023";"16:48:00";"118";"Acidente s";"276";"BR-101/SC";"Sul";"Colisão - Lateral";1;0;0;0;0;0;0;1;0;0;2;0;0;0;0
"25/05/2023";"05:32:00";"7";"Acidente c";"354";"BR-101/SC";"Norte";"Saída de pista";0;0;1;0;0;0;0;0;0;0;0;0;1;0;0
"26/05/2023";"02:49:00";"7";"Atropelame";"334";"BR-101/SC";"Sul";"Atropelamento - Ambulante";1;0;0;0;0;0;0;0;0;0;2;0;0;0;1
"26/05/2023";"06:39:00";"16";"Acidente c";"336";"BR-101/SC";"Sul";"Choque Barreira";1;0;0;0;0;0;0;0;0;0;0;1;0;0;0
"26/05/2023";"17:24:00";"114";"Acidente s";"358";"BR-101/SC";"Sul";"Tombamento";1;0;0;0;0;0;0;0;0;0;1;0;0;0;0
"26/05/2023";"18:02:00";"118";"Acidente c";"332";"BR-101/SC";"Sul";"Colisão - Traseira";1;0;0;1;0;0;0;0;0;0;1;1;0;0;0
"27/05/2023";"06:30:00";"10";"Acidente s";"363";"BR-101/SC";"Norte";"Saída de pista";1;0;0;0;0;0;0;0;0;0;1;0;0;0;0
"27/05/2023";"07:33:00";"25";"Acidente s";"375";"BR-101/SC";"Sul";"Saída de pista";1;0;0;0;0;0;0;0;0;0;1;0;0;0;0
"27/05/2023";"10:10:00";"48";"Acidente s";"337";"BR-101/SC";"Sul";"Choque Barreira";1;0;0;0;0;0;0;0;0;0;2;0;0;0;0
"27/05/2023";"10:39:00";"52";"Acidente c";"349";"BR-101/SC";"Norte";"Choque Barreira";1;0;0;0;0;0;0;0;0;0;1;0;1;0;0
"27/05/2023";"11:05:00";"55";"Acidente c";"349";"BR-101/SC";"Norte";"Colisão - Traseira";2;0;0;0;0;0;0;0;0;0;3;0;1;0;0
"28/05/2023";"00:32:00";"1";"Acidente s";"324";"BR-101/SC";"Norte";"Capotamento";1;0;0;0;0;0;0;0;0;0;1;0;0;0;0
"28/05/2023";"03:08:00";"5";"Acidente s";"264";"BR-101/SC";"Sul";"Saída de pista";1;0;0;0;0;0;0;0;0;0;2;0;0;0;0
"28/05/2023";"04:18:00";"8";"Acidente s";"400";"BR-101/SC";"Sul";"Saída de pista";1;0;0;0;0;0;0;0;0;0;4;0;0;0;0
"28/05/2023";"05:34:00";"11";"Acidente s";"333";"BR-101/SC";"Norte";"Capotamento";1;0;0;0;0;0;0;0;0;0;4;0;0;0;0
"28/05/2023";"06:16:00";"15";"Acidente s";"328";"BR-101/SC";"Norte";"Queda de ribanceira";1;0;0;0;0;0;0;0;0;0;1;0;0;0;0
"28/05/2023";"06:39:00";"18";"Acidente s";"444";"BR-101/SC";"Sul";"Choque - Poste";1;0;0;0;0;0;0;0;0;0;1;0;0;0;0
"28/05/2023";"13:05:00";"41";"Acidente s";"350";"BR-101/SC";"Sul";"Saída de pista";1;0;0;0;0;0;0;0;0;0;1;0;0;0;0
"28/05/2023";"14:20:00";"48";"Acidente s";"289";"BR-101/SC";"Sul";"Choque Defensa";1;0;0;0;0;0;0;0;0;0;1;0;0;0;0
"28/05/2023";"17:43:00";"61";"Acidente s";"405";"BR-101/SC";"Sul";"Colisão - Traseira";2;0;0;0;0;0;0;0;0;0;3;0;0;0;0
"29/05/2023";"02:22:00";"4";"Acidente s";"247";"BR-101/SC";"Sul";"Saída de pista";1;0;0;0;0;0;0;0;0;0;5;0;0;0;0
"29/05/2023";"07:23:00";"20";"Acidente c";"417";"BR-101/SC";"Sul";"Atropelamento - Usuário";0;0;0;1;0;0;0;0;0;0;0;1;1;0;0
"29/05/2023";"19:11:00";"106";"Acidente s";"356";"BR-101/SC";"Sul";"Choque com objeto sobre a pista";1;0;0;0;0;0;0;0;0;1;2;0;0;0;0
"30/05/2023";"07:24:00";"25";"Acidente s";"356";"BR-101/SC";"Norte";"Saída de pista";1;0;0;0;0;0;0;0;0;0;1;0;0;0;0
"30/05/2023";"08:52:00";"65";"Acidente s";"404";"BR-101/SC";"Norte";"Colisão - Traseira";0;0;2;0;0;0;0;0;0;0;2;0;0;0;0
"30/05/2023";"09:12:00";"70";"Acidente c";"335";"BR-101/SC";"Norte";"Colisão - Lateral";2;0;0;1;0;0;0;0;0;0;2;1;0;0;0
"30/05/2023";"12:08:00";"86";"Acidente c";"346";"BR-101/SC";"Norte";"Saída de pista";0;0;0;0;0;0;0;0;0;1;0;1;0;0;0
"30/05/2023";"17:58:00";"108";"Atropelame";"420";"BR-101/SC";"Sul";"Atropelamento - Usuário";0;0;0;2;0;0;0;0;0;0;0;1;1;0;0
"30/05/2023";"18:32:00";"112";"Acidente c";"434";"BR-101/SC";"Sul";"Colisão - Frontal";1;0;0;1;0;0;0;0;0;0;2;1;0;0;0
"30/05/2023";"18:36:00";"113";"Acidente s";"404";"BR-101/SC";"Ambos";"Saída de pista";1;0;0;0;0;0;0;0;0;0;2;0;0;0;0
"31/05/2023";"18:51:00";"103";"Acidente s";"352";"BR-101/SC";"Norte";"Colisão - Lateral";1;0;0;0;0;0;0;1;0;0;2;0;0;0;0
"31/05/2023";"18:58:00";"107";"Acidente s";"350";"BR-101/SC";"Sul";"Colisão - Lateral";1;0;0;0;0;0;0;0;0;1;3;0;0;0;0
"31/05/2023";"20:35:00";"118";"Acidente s";"368";"BR-101/SC";"Sul";"Choque Talude";0;0;0;0;0;0;0;1;0;0;1;0;0;0;0
"01/06/2023";"17:30:00";"103";"Acidente s";"300";"BR-101/SC";"Sul";"Colisão - Lateral";1;0;0;0;0;0;0;0;0;1;4;0;0;0;0
"01/06/2023";"21:12:00";"120";"Acidente c";"309";"BR-101/SC";"Norte";"Colisão - Lateral";0;0;0;2;0;0;0;0;0;0;1;0;1;0;0
"02/06/2023";"10:36:00";"75";"Acidente s";"321";"BR-101/SC";"Sul";"Colisão - Traseira";2;0;0;0;0;0;0;0;0;0;2;0;0;0;0
"02/06/2023";"15:54:00";"110";"Acidente c";"323";"BR-101/SC";"Norte";"Saída de pista";1;0;0;0;0;0;0;0;0;0;0;0;1;0;0
"02/06/2023";"17:01:00";"121";"Acidente c";"322";"BR-101/SC";"Norte";"Colisão - Traseira";2;0;0;1;0;0;0;0;0;0;2;1;0;0;0
"02/06/2023";"18:49:00";"129";"Acidente c";"334";"BR-101/SC";"Norte";"Colisão - Traseira";1;0;0;1;0;0;0;0;0;0;1;1;0;0;0
"02/06/2023";"23:44:00";"154";"Acidente s";"286";"BR-101/SC";"Sul";"Tombamento";1;0;0;0;0;0;0;0;0;0;5;0;0;0;0
"03/06/2023";"00:37:00";"3";"Acidente c";"374";"BR-101/SC";"Norte";"Queda de ribanceira";1;0;0;0;0;0;0;0;0;0;1;1;0;0;0
"03/06/2023";"06:47:00";"12";"Acidente s";"436";"BR-101/SC";"Sul";"Saída de pista";1;0;0;0;0;0;0;0;0;0;2;0;0;0;0
"03/06/2023";"17:38:00";"86";"Acidente s";"344";"BR-101/SC";"Norte";"Colisão - Lateral";2;0;0;0;0;0;0;0;0;0;3;0;0;0;0
"03/06/2023";"19:51:00";"101";"Acidente s";"335";"BR-101/SC";"Ambos";"Colisão - Traseira";2;0;0;0;0;0;0;0;0;0;4;0;0;0;0
"04/06/2023";"00:02:00";"1";"Acidente c";"437";"BR-101/SC";"Norte";"Colisão - Traseira";2;0;0;0;0;0;0;0;0;0;1;2;1;0;0
"04/06/2023";"04:12:00";"7";"Acidente s";"269,5";"BR-101/SC";"Norte";"Capotamento";1;0;0;0;0;0;0;0;0;0;1;0;0;0;0
"04/06/2023";"05:12:00";"12";"Acidente s";"416";"BR-101/SC";"Sul";"Queda de ribanceira";1;0;0;0;0;0;0;0;0;0;1;0;0;0;0
"04/06/2023";"08:23:00";"29";"Acidente c";"357";"BR-101/SC";"Sul";"Saída de pista";1;0;0;0;0;0;0;0;0;0;0;0;2;0;1
"04/06/2023";"12:07:00";"47";"Acidente c";"308";"BR-101/SC";"Sul";"Queda de moto";0;0;0;1;0;0;0;0;0;0;0;0;1;0;0
"04/06/2023";"13:01:00";"51";"Acidente c";"290";"BR-101/SC";"Sul";"Colisão - Transversal";2;0;0;0;0;0;0;0;0;0;2;2;0;0;0
"05/06/2023";"15:51:00";"121";"Atropelame";"277";"BR-101/SC";"Norte";"Atropelamento - Esportista";0;0;0;0;0;0;0;1;0;0;0;0;1;0;0
"05/06/2023";"18:27:00";"130";"Acidente c";"267";"BR-101/SC";"Norte";"Queda de moto";1;0;0;1;0;0;0;0;0;0;0;2;0;0;0
"05/06/2023";"19:32:00";"135";"Acidente c";"323";"BR-101/SC";"Norte";"Queda de moto";0;0;0;1;0;0;0;0;0;0;0;1;0;0;0
"05/06/2023";"22:42:00";"150";"Acidente s";"354";"BR-101/SC";"Norte";"Colisão - Traseira";1;0;0;0;0;0;0;1;0;0;2;0;0;0;0
"06/06/2023";"01:18:00";"2";"Acidente s";"422";"BR-101/SC";"Sul";"Choque Barreira";1;0;0;0;0;0;0;0;0;0;1;0;0;0;0
"06/06/2023";"01:37:00";"3";"Acidente s";"296";"BR-101/SC";"Norte";"Atropelamento de Animal";0;0;0;0;1;0;0;0;0;0;1;0;0;0;0
"06/06/2023";"16:02:00";"101";"Acidente c";"337";"BR-101/SC";"Norte";"Queda de moto";0;0;0;1;0;0;0;0;0;0;1;1;0;0;0
"06/06/2023";"18:28:00";"119";"Acidente s";"314";"BR-101/SC";"Sul";"Choque com objeto sobre a pista";3;0;0;0;0;0;0;0;0;0;4;0;0;0;0
"06/06/2023";"19:07:00";"126";"Acidente s";"453";"BR-101/SC";"Norte";"Colisão - Lateral";1;0;1;0;0;0;0;0;0;0;6;0;0;0;0
"06/06/2023";"20:31:00";"135";"Acidente s";"264";"BR-101/SC";"Norte";"Saída de pista";1;0;0;0;0;0;0;0;0;0;1;0;0;0;0
"07/06/2023";"04:48:00";"16";"Acidente c";"340";"BR-101/SC";"Norte";"Colisão - Frontal";0;0;0;2;0;0;0;0;0;0;1;1;0;0;0
"07/06/2023";"07:37:00";"43";"Acidente s";"353";"BR-101/SC";"Norte";"Colisão - Traseira";1;0;0;0;0;0;0;0;0;1;2;0;0;0;0
"07/06/2023";"08:11:00";"52";"Acidente c";"333";"BR-101/SC";"Sul";"Colisão - Traseira";0;0;0;1;0;0;0;0;0;0;0;1;0;0;0
"07/06/2023";"09:24:00";"73";"Acidente c";"448";"BR-101/SC";"Sul";"Choque Barreira";0;0;1;0;0;0;0;0;0;0;0;1;0;0;0
"07/06/2023";"16:36:00";"132";"Acidente s";"343";"BR-101/SC";"Sul";"Colisão - Traseira";2;0;0;0;0;0;0;0;0;0;4;0;0;0;0
"07/06/2023";"20:42:00";"149";"Acidente c";"282";"BR-101/SC";"Sul";"Colisão - Traseira";1;0;0;1;0;0;0;0;0;0;1;1;0;0;0
"08/06/2023";"02:51:00";"7";"Acidente c";"280";"BR-101/SC";"Sul";"Capotamento";1;0;0;0;0;0;0;0;0;0;0;2;0;0;0
"08/06/2023";"08:17:00";"34";"Acidente s";"354";"BR-101/SC";"Norte";"Colisão - Traseira";1;0;0;0;0;0;0;1;0;0;3;0;0;0;0
"08/06/2023";"09:40:00";"49";"Acidente s";"354";"BR-101/SC";"Norte";"Engavetamento";3;0;0;0;0;0;0;0;0;1;7;0;0;0;0
"08/06/2023";"11:08:00";"57";"Acidente s";"361";"BR-101/SC";"Norte";"Choque Barreira";1;0;0;0;0;0;0;0;0;0;1;0;0;0;0
"08/06/2023";"12:36:00";"66";"Acidente s";"360";"BR-101/SC";"Norte";"Colisão - Traseira";1;0;0;0;0;0;0;0;0;0;1;0;0;0;0
"08/06/2023";"14:01:00";"72";"Acidente s";"262";"BR-101/SC";"Norte";"Saída de pista";1;0;0;0;0;0;0;0;0;0;2;0;0;0;0
"08/06/2023";"14:16:00";"73";"Acidente s";"329";"BR-101/SC";"Norte";"Colisão - Lateral";2;0;0;0;0;0;0;0;0;0;2;0;0;0;0
"08/06/2023";"19:08:00";"92";"Acidente s";"329";"BR-101/SC";"Norte";"Queda de ribanceira";1;0;0;0;0;0;0;0;0;0;2;0;0;0;0
"08/06/2023";"20:36:00";"104";"Acidente c";"403";"BR-101/SC";"Norte";"Colisão - Traseira";2;0;0;0;0;0;0;0;0;0;1;2;1;0;0
"09/06/2023";"12:17:00";"60";"Acidente s";"334";"BR-101/SC";"Sul";"Colisão - Traseira";2;0;0;0;0;0;0;0;0;0;2;0;0;0;0
"09/06/2023";"13:40:00";"67";"Acidente s";"396";"BR-101/SC";"Sul";"Colisão - Traseira";1;0;0;0;0;0;0;0;0;1;4;0;0;0;0
"09/06/2023";"19:55:00";"107";"Acidente s";"444";"BR-101/SC";"Norte";"Colisão - Traseira";2;0;1;0;0;0;0;0;0;0;5;0;0;0;0
"09/06/2023";"20:25:00";"113";"Acidente s";"405";"BR-101/SC";"Norte";"Choque com objeto sobre a pista";2;0;0;0;0;0;0;0;0;0;5;0;0;0;0
"10/06/2023";"02:16:00";"8";"Acidente s";"362";"BR-101/SC";"Norte";"Choque Barreira";1;0;0;0;0;0;0;0;0;0;4;0;0;0;0
"10/06/2023";"05:21:00";"18";"Acidente c";"329";"BR-101/SC";"Sul";"Capotamento";1;0;0;0;0;0;0;0;0;0;0;0;1;0;0
"10/06/2023";"11:24:00";"47";"Acidente s";"296";"BR-101/SC";"Norte";"Choque com veículo na faixa de rolamento";1;0;0;0;0;0;0;0;0;0;3;0;0;0;0
"10/06/2023";"21:15:00";"98";"Acidente s";"270";"BR-101/SC";"Norte";"Saída de pista";1;0;0;0;0;0;0;0;0;0;3;0;0;0;0
"11/06/2023";"03:57:00";"9";"Acidente s";"342";"BR-101/SC";"Sul";"Choque - Meio Fio";1;0;0;0;0;0;0;0;0;0;1;0;0;0;0
"11/06/2023";"07:42:00";"17";"Acidente s";"384";"BR-101/SC";"Norte";"Capotamento";1;0;0;0;0;0;0;0;0;0;1;0;0;0;0
"11/06/2023";"14:05:00";"60";"Acidente s";"464";"BR-101/SC";"Norte";"Saída de pista";1;0;0;0;0;0;0;0;0;0;4;0;0;0;0
"11/06/2023";"17:06:00";"80";"Acidente c";"339";"BR-101/SC";"Norte";"Saída de pista";1;0;0;0;0;0;0;0;0;0;2;0;1;0;0
"11/06/2023";"17:45:00";"83";"Acidente s";"291";"BR-101/SC";"Norte";"Colisão - Traseira";2;0;0;0;0;0;0;0;0;0;2;0;0;0;0
"11/06/2023";"18:11:00";"84";"Acidente s";"273";"BR-101/SC";"Norte";"Colisão - Lateral";3;0;0;0;0;0;0;0;0;0;7;0;0;0;0
"12/06/2023";"08:34:00";"53";"Acidente c";"407";"BR-101/SC";"Norte";"Queda de ribanceira";0;0;0;1;0;0;0;0;0;0;0;1;1;0;0
"12/06/2023";"09:12:00";"59";"Acidente s";"334";"BR-101/SC";"Norte";"Colisão - Traseira";2;0;0;0;0;0;0;0;0;0;2;0;0;0;0
"13/06/2023";"07:07:00";"28";"Acidente s";"373";"BR-101/SC";"Sul";"Colisão - Lateral";1;0;1;0;0;0;0;0;0;0;2;0;0;0;0
"13/06/2023";"18:37:00";"121";"Acidente c";"326";"BR-101/SC";"Norte";"Queda de moto";0;0;0;1;0;0;0;0;0;0;0;0;1;0;0
"13/06/2023";"22:04:00";"133";"Acidente s";"273";"BR-101/SC";"Norte";"Choque - Poste";1;0;0;0;0;0;0;0;0;0;1;0;0;0;0
"14/06/2023";"12:20:00";"85";"Acidente s";"270";"BR-101/SC";"Norte";"Saída de pista";1;0;0;0;0;0;0;0;0;0;1;0;0;0;0
"14/06/2023";"16:43:00";"107";"Acidente s";"458";"BR-101/SC";"Norte";"Colisão - Transversal";0;0;0;0;0;0;0;1;0;1;2;0;0;0;0
"14/06/2023";"17:32:00";"113";"Acidente s";"267";"BR-101/SC";"Sul";"Saída de pista";1;0;0;0;0;0;0;0;0;0;3;0;0;0;0
"14/06/2023";"17:38:00";"114";"Acidente s";"350";"BR-101/SC";"Norte";"Saída de pista";1;0;0;0;0;0;0;0;0;0;4;0;0;0;0
"14/06/2023";"18:24:00";"118";"Acidente c";"253";"BR-101/SC";"Norte";"Colisão - Traseira";1;0;0;0;0;0;0;1;0;0;2;1;0;0;0