data;horario;n_da_ocorrencia;tipo_de_ocorrencia;km;trecho;sentido;tipo_de_acidente;automovel;bicicleta;caminhao;moto;onibus;outros;tracao_animal;transporte_de_cargas_especiais;trator_maquinas;utilitarios;ilesos;levemente_feridos;moderadamente_feridos;gravemente_feridos;mortos
"02/10/2023";"12:16:00";"98";"Acidente s";"251";"BR-101/SC";"Norte";"Saída de pista";1;0;0;0;0;0;0;0;0;0;1;0;0;0;0
"02/10/2023";"16:49:00";"132";"Acidente c";"256,9";"BR-101/SC";"Sul";"Colisão - Traseira";1;0;0;1;0;0;0;0;0;0;1;1;0;0;0
"02/10/2023";"18:48:00";"138";"Acidente c";"274,2";"BR-101/SC";"Norte";"Saída de pista";1;0;0;0;0;0;0;0;0;0;0;0;1;0;0
"03/10/2023";"01:57:00";"7";"Acidente c";"387,5";"BR-101/SC";"Sul";"Capotamento";1;0;0;0;0;0;0;0;0;0;0;3;0;0;0
"03/10/2023";"07:48:00";"39";"Acidente c";"344";"BR-101/SC";"Sul";"Colisão - Traseira";1;0;1;0;0;0;0;0;0;0;2;1;0;0;0
"03/10/2023";"07:53:00";"41";"Acidente s";"283";"BR-101/SC";"Sul";"Colisão - Lateral";0;0;0;2;0;0;0;0;0;0;2;0;0;0;0
"03/10/2023";"13:31:00";"96";"Acidente c";"329";"BR-101/SC";"Sul";"Saída de pista";1;0;0;0;0;0;0;0;0;0;0;1;0;0;0
"03/10/2023";"13:54:00";"101";"Acidente s";"401,1";"BR-101/SC";"Sul";"Colisão - Lateral";2;0;0;0;0;0;0;0;0;0;2;0;0;0;0
"03/10/2023";"17:56:00";"123";"Acidente c";"435";"BR-101/SC";"Sul";"Colisão - Traseira";1;0;0;1;0;0;0;0;0;0;1;0;1;0;0
"03/10/2023";"19:57:00";"130";"Acidente s";"291";"BR-101/SC";"Norte";"Colisão - Lateral";1;0;1;0;0;0;0;0;0;0;3;0;0;0;0
"04/10/2023";"01:27:00";"5";"Acidente c";"368";"BR-101/SC";"Sul";"Choque Defensa";1;0;0;0;0;0;0;0;0;0;3;1;0;0;0
"04/10/2023";"01:34:00";"6";"Acidente s";"368";"BR-101/SC";"Sul";"Choque com objeto sobre a pista";1;0;0;0;0;0;0;0;0;0;2;0;0;0;0
"04/10/2023";"11:05:00";"16";"Acidente s";"274,3";"BR-101/SC";"Norte";"Saída de pista";1;0;0;0;0;0;0;0;0;0;1;0;0;0;0
"04/10/2023";"19:14:00";"78";"Acidente s";"363,6";"BR-101/SC";"Norte";"Saída de pista";0;0;0;0;0;0;0;0;0;0;4;0;0;0;0
"05/10/2023";"03:26:00";"9";"Atropelame";"390,23";"BR-101/SC";"Norte";"Atropelamento - Usuário";1;0;0;0;0;0;0;0;0;0;0;0;0;1;0
"05/10/2023";"08:49:00";"79";"Acidente s";"377,8";"BR-101/SC";"Sul";"Capotamento";1;0;0;0;0;0;0;0;0;0;3;0;0;0;0
"05/10/2023";"10:26:00";"90";"Acidente s";"396";"BR-101/SC";"Norte";"Colisão - Lateral";1;0;1;0;0;0;0;0;0;0;3;0;0;0;0
"05/10/2023";"12:55:00";"111";"Acidente c";"325";"BR-101/SC";"Norte";"Colisão - Lateral";1;0;0;1;0;0;0;0;0;0;1;1;0;0;0
"05/10/2023";"15:47:00";"129";"Acidente s";"282";"BR-101/SC";"Sul";"Colisão - Lateral";2;0;0;0;0;0;0;0;0;0;4;0;0;0;0
"05/10/2023";"15:56:00";"130";"Acidente c";"274";"BR-101/SC";"Sul";"Choque Defensa";0;0;1;0;0;0;0;0;0;0;0;1;0;0;0
"05/10/2023";"16:10:00";"131";"Acidente s";"351";"BR-101/SC";"Sul";"Queda de moto";0;0;0;1;0;0;0;0;0;0;1;0;0;0;0
"06/10/2023";"01:41:00";"6";"Acidente s";"382,23";"BR-101/SC";"Norte";"Colisão - Traseira";1;0;1;0;0;0;0;0;0;0;1;0;0;0;0
"06/10/2023";"05:28:00";"13";"Acidente s";"440";"BR-101/SC";"Sul";"Saída de pista";1;0;0;0;0;0;0;0;0;0;2;0;0;0;0
"06/10/2023";"07:00:00";"22";"Acidente s";"378";"BR-101/SC";"Norte";"Saída de pista";1;0;0;0;0;0;0;0;0;0;2;0;0;0;0
"06/10/2023";"07:31:00";"25";"Acidente s";"340";"BR-101/SC";"Norte";"Colisão - Traseira";1;0;0;0;0;0;0;0;0;0;2;0;0;0;0
"06/10/2023";"12:47:00";"80";"Acidente c";"320";"BR-101/SC";"Sul";"Capotamento";1;0;0;0;0;0;0;0;0;0;0;0;1;0;0
"06/10/2023";"14:37:00";"92";"Acidente s";"327";"BR-101/SC";"Sul";"Capotamento";1;0;0;0;0;0;0;0;0;0;1;0;0;0;0
"06/10/2023";"19:56:00";"119";"Acidente s";"416";"BR-101/SC";"Norte";"Colisão - Transversal";2;0;0;0;0;0;0;0;0;0;2;0;0;0;0
"06/10/2023";"20:47:00";"125";"Acidente s";"396";"BR-101/SC";"Norte";"Saída de pista";1;0;0;0;0;0;0;0;0;0;1;0;0;0;0
"07/10/2023";"00:20:00";"5";"Acidente s";"276,3";"BR-101/SC";"Sul";"Saída de pista";1;0;0;0;0;0;0;0;0;0;1;0;0;0;0
"07/10/2023";"00:37:00";"6";"Acidente s";"281,6";"BR-101/SC";"Sul";"Saída de pista";1;0;0;0;0;0;0;0;0;0;2;0;0;0;0
"07/10/2023";"01:13:00";"7";"Acidente c";"372";"BR-101/SC";"Norte";"Saída de pista";1;0;0;0;0;0;0;0;0;0;0;1;1;0;0
"07/10/2023";"01:38:00";"9";"Acidente s";"258";"BR-101/SC";"Norte";"Saída de pista";1;0;0;0;0;0;0;0;0;0;1;0;0;0;0
"07/10/2023";"03:31:00";"13";"Acidente s";"335,303";"BR-101/SC";"Sul";"Queda de ribanceira";1;0;0;0;0;0;0;0;0;0;1;0;0;0;0
"07/10/2023";"04:04:00";"16";"Acidente s";"382,23";"BR-101/SC";"Norte";"Queda de ribanceira";1;0;0;0;0;0;0;0;0;0;1;0;0;0;0
"07/10/2023";"04:50:00";"17";"Acidente s";"337";"BR-101/SC";"Sul";"Capotamento";1;0;0;0;0;0;0;0;0;0;2;0;0;0;0
"07/10/2023";"06:03:00";"24";"Acidente s";"416";"BR-101/SC";"Sul";"Tombamento";0;0;1;0;0;0;0;0;0;0;1;0;0;0;0
"07/10/2023";"09:57:00";"41";"Acidente c";"421";"BR-101/SC";"Sul";"Colisão - Traseira";2;0;0;0;0;0;0;0;0;0;5;1;0;0;0
"07/10/2023";"10:30:00";"44";"Acidente c";"298";"BR-101/SC";"Sul";"Colisão - Traseira";2;0;0;0;0;0;0;0;0;0;5;1;0;0;0
"07/10/2023";"12:13:00";"50";"Acidente s";"276";"BR-101/SC";"Norte";"Colisão - Lateral";1;0;1;0;0;0;0;0;0;0;2;0;0;0;0
"07/10/2023";"12:39:00";"52";"Acidente s";"334";"BR-101/SC";"Norte";"Colisão - Lateral";2;0;0;0;0;0;0;0;0;0;2;0;0;0;0
"08/10/2023";"02:45:00";"9";"Acidente s";"316";"BR-101/SC";"Norte";"Choque Barreira";1;0;0;0;0;0;0;0;0;0;1;0;0;0;0
"08/10/2023";"03:26:00";"11";"Acidente s";"389";"BR-101/SC";"Sul";"Atropelamento de Animal";1;0;0;0;0;0;0;0;0;0;3;0;0;0;0
"08/10/2023";"05:37:00";"19";"Acidente s";"388,02";"BR-101/SC";"Norte";"Colisão - Frontal";1;0;1;0;0;0;0;0;0;0;2;0;0;0;0
"08/10/2023";"10:09:00";"29";"Acidente s";"330";"BR-101/SC";"Norte";"Saída de pista";1;0;0;0;0;0;0;0;0;0;2;0;0;0;0
"08/10/2023";"11:12:00";"32";"Acidente s";"311";"BR-101/SC";"Norte";"Colisão - Traseira";1;0;1;0;0;0;0;0;0;0;4;0;0;0;0
"08/10/2023";"15:28:00";"42";"Acidente s";"391";"BR-101/SC";"Norte";"Saída de pista";1;0;0;0;0;0;0;0;0;0;2;0;0;0;0
"08/10/2023";"17:56:00";"49";"Acidente s";"348";"BR-101/SC";"Norte";"Colisão - Lateral";1;0;1;0;0;0;0;0;0;0;1;0;0;0;0
"08/10/2023";"19:54:00";"58";"Acidente s";"251";"BR-101/SC";"Norte";"Saída de pista";1;0;0;0;0;0;0;0;0;0;1;0;0;0;0
"08/10/2023";"22:17:00";"67";"Acidente s";"396";"BR-101/SC";"Sul";"Saída de pista";1;0;0;0;0;0;0;0;0;0;1;0;0;0;0
"09/10/2023";"08:09:00";"32";"Acidente s";"266";"BR-101/SC";"Sul";"Choque - Arvore";1;0;0;0;0;0;0;0;0;0;1;0;0;0;0
"09/10/2023";"20:31:00";"132";"Acidente s";"404";"BR-101/SC";"Norte";"Saída de pista";1;0;0;0;0;0;0;0;0;0;1;0;0;0;0
"09/10/2023";"23:51:00";"143";"Acidente s";"404";"BR-101/SC";"Norte";"Outros";0;0;1;0;0;0;0;0;0;0;1;0;0;0;0
"10/10/2023";"06:40:00";"23";"Acidente s";"327";"BR-101/SC";"Sul";"Colisão - Lateral";2;0;0;0;0;0;0;0;0;0;3;0;0;0;0
"10/10/2023";"07:22:00";"30";"Acidente c";"415";"BR-101/SC";"Norte";"Capotamento";1;0;0;0;0;0;0;0;0;0;0;0;1;0;0
"10/10/2023";"13:17:00";"116";"Acidente s";"386,23";"BR-101/SC";"Norte";"Colisão - Traseira";0;0;2;0;0;0;0;0;0;0;3;0;0;0;0
"10/10/2023";"19:24:00";"156";"Acidente s";"356";"BR-101/SC";"Sul";"Saída de pista";1;0;0;0;0;0;0;0;0;0;1;0;0;0;0
"10/10/2023";"19:28:00";"157";"Acidente s";"306";"BR-101/SC";"Norte";"Outros";1;0;0;0;0;0;0;0;0;0;1;0;0;0;0
"10/10/2023";"21:26:00";"162";"Acidente s";"433,2";"BR-101/SC";"Norte";"Saída de pista";1;0;0;0;0;0;0;0;0;0;1;0;0;0;0
"11/10/2023";"04:09:00";"9";"Acidente c";"380";"BR-101/SC";"Sul";"Queda de ribanceira";0;0;2;0;0;0;0;0;0;0;1;0;1;0;0
"11/10/2023";"08:29:00";"54";"Acidente s";"403,62";"BR-101/SC";"Norte";"Colisão - Traseira";2;0;0;0;0;0;0;0;0;0;2;0;0;0;0
"11/10/2023";"12:35:00";"91";"Acidente c";"455,1";"BR-101/SC";"Sul";"Saída de pista";1;0;0;0;0;0;0;0;0;0;0;0;1;0;0
"11/10/2023";"13:21:00";"95";"Acidente s";"257";"BR-101/SC";"Norte/Sul";"Colisão - Lateral";1;0;1;0;0;0;0;0;0;0;2;0;0;0;0
"11/10/2023";"13:54:00";"99";"Acidente c";"383,1";"BR-101/SC";"Norte";"Colisão - Traseira";2;0;0;0;0;0;0;0;0;0;0;0;1;0;0
"11/10/2023";"16:21:00";"107";"Acidente c";"436";"BR-101/SC";"Sul";"Colisão - Traseira";1;0;0;1;0;0;0;0;0;0;4;1;0;0;0
"11/10/2023";"17:27:00";"112";"Acidente s";"337";"BR-101/SC";"Sul";"Colisão - Lateral";1;0;1;0;0;0;0;0;0;0;1;0;0;0;0
"11/10/2023";"17:56:00";"114";"Acidente s";"367";"BR-101/SC";"Norte";"Saída de pista";1;0;0;0;0;0;0;0;0;0;1;0;0;0;0
"11/10/2023";"18:54:00";"123";"Acidente c";"328,7";"BR-101/SC";"Norte";"Engavetamento";2;0;1;1;0;0;0;0;0;0;3;1;0;0;0
"11/10/2023";"19:17:00";"127";"Acidente s";"336";"BR-101/SC";"Norte";"Colisão - Traseira";2;0;0;0;0;0;0;0;0;0;2;0;0;0;0
"11/10/2023";"20:28:00";"134";"Acidente s";"309";"BR-101/SC";"Norte";"Queda de ribanceira";1;0;0;0;0;0;0;0;0;0;5;0;0;0;0
"11/10/2023";"21:42:00";"141";"Acidente s";"349";"BR-101/SC";"Norte";"Choque Defensa";1;0;0;0;0;0;0;0;0;0;1;0;0;0;0
"11/10/2023";"22:25:00";"144";"Acidente s";"417";"BR-101/SC";"Norte";"Colisão - Lateral";1;0;0;1;0;0;0;0;0;0;2;0;0;0;0
"12/10/2023";"01:43:00";"8";"Acidente s";"259";"BR-101/SC";"Sul";"Choque Barreira";1;0;0;0;0;0;0;0;0;0;2;0;0;0;0
"12/10/2023";"02:19:00";"11";"Acidente s";"399";"BR-101/SC";"Sul";"Saída de pista";1;0;0;0;0;0;0;0;0;0;1;0;0;0;0
"12/10/2023";"04:21:00";"17";"Acidente s";"363";"BR-101/SC";"Norte";"Queda de ribanceira";1;0;0;0;0;0;0;0;0;0;1;0;0;0;0
"12/10/2023";"05:09:00";"21";"Acidente s";"308,75";"BR-101/SC";"Norte";"Tombamento";0;0;1;0;0;0;0;0;0;0;1;0;0;0;0
"12/10/2023";"12:05:00";"50";"Acidente s";"383";"BR-101/SC";"Norte";"Saída de pista";1;0;0;0;0;0;0;0;0;0;2;0;0;0;0
"12/10/2023";"18:13:00";"73";"Acidente s";"355";"BR-101/SC";"Sul";"Choque Defensa";1;0;0;0;0;0;0;0;0;0;2;0;0;0;0
"12/10/2023";"18:32:00";"78";"Acidente s";"260";"BR-101/SC";"Sul";"Choque Barreira";1;0;0;0;0;0;0;0;0;0;2;0;0;0;0
"12/10/2023";"20:41:00";"94";"Acidente s";"248";"BR-101/SC";"Sul";"Queda de ribanceira";1;0;0;0;0;0;0;0;0;0;1;0;0;0;0
"12/10/2023";"21:32:00";"96";"Acidente c";"456";"BR-101/SC";"Sul";"Colisão - Traseira";1;0;1;0;0;0;0;0;0;0;2;0;1;0;0
"13/10/2023";"00:42:00";"5";"Acidente s";"388";"BR-101/SC";"Sul";"Saída de pista";0;0;1;0;0;0;0;0;0;0;1;0;0;0;0
"13/10/2023";"05:36:00";"20";"Acidente s";"334";"BR-101/SC";"Sul";"Colisão - Lateral";1;0;1;0;0;0;0;0;0;0;2;0;0;0;0
"13/10/2023";"07:37:00";"37";"Acidente s";"257";"BR-101/SC";"Norte";"Choque Defensa";1;0;0;0;0;0;0;0;0;0;1;0;0;0;0
"13/10/2023";"18:21:00";"128";"Acidente s";"401";"BR-101/SC";"Sul";"Colisão - Traseira";1;0;1;0;0;0;0;0;0;0;2;0;0;0;0
"13/10/2023";"18:49:00";"131";"Acidente c";"306,903";"BR-101/SC";"Sul";"Colisão - Lateral";0;0;1;1;0;0;0;0;0;0;1;0;1;0;0
"13/10/2023";"20:48:00";"140";"Acidente c";"443";"BR-101/SC";"Norte";"Colisão - Lateral";0;0;0;1;0;0;0;0;0;0;0;2;0;0;0
"14/10/2023";"00:26:00";"3";"Acidente s";"333";"BR-101/SC";"Norte";"Saída de pista";1;0;0;0;0;0;0;0;0;0;1;0;0;0;0
"14/10/2023";"03:34:00";"15";"Acidente s";"358";"BR-101/SC";"Sul";"Saída de pista";1;0;0;0;0;0;0;0;0;0;4;0;0;0;0
"15/10/2023";"02:49:00";"9";"Acidente s";"457,5";"BR-101/SC";"Sul";"Saída de pista";1;0;0;0;0;0;0;0;0;0;5;0;0;0;0
"15/10/2023";"04:48:00";"14";"Acidente s";"283";"BR-101/SC";"Norte";"Saída de pista";1;0;0;0;0;0;0;0;0;0;1;0;0;0;0
"15/10/2023";"06:06:00";"17";"Acidente s";"276,95";"BR-101/SC";"Norte";"Choque - Poste";1;0;0;0;0;0;0;0;0;0;1;0;0;0;0
"15/10/2023";"12:37:00";"45";"Acidente s";"389,15";"BR-101/SC";"Sul";"Choque - Pilar";1;0;0;0;0;0;0;0;0;0;1;0;0;0;0
"15/10/2023";"19:54:00";"88";"Acidente s";"271";"BR-101/SC";"Sul";"Capotamento";1;0;0;0;0;0;0;0;0;0;1;0;0;0;0
"16/10/2023";"01:01:00";"2";"Acidente s";"294";"BR-101/SC";"Norte";"Saída de pista";1;0;0;0;0;0;0;0;0;0;1;0;0;0;0
"16/10/2023";"11:06:00";"68";"Acidente s";"373";"BR-101/SC";"Sul";"Saída de pista";1;0;0;0;0;0;0;0;0;0;1;0;0;0;0
"16/10/2023";"12:17:00";"74";"Acidente c";"327";"BR-101/SC";"Norte";"Colisão - Lateral";2;0;0;0;0;0;0;0;0;0;1;1;0;0;0
"16/10/2023";"16:21:00";"84";"Acidente s";"381";"BR-101/SC";"Sul";"Capotamento";1;0;0;0;0;0;0;0;0;0;1;0;0;0;0
"16/10/2023";"18:03:00";"92";"Acidente s";"381,1";"BR-101/SC";"Sul";"Capotamento";1;0;0;0;0;0;0;0;0;0;1;0;0;0;0
"16/10/2023";"21:36:00";"119";"Acidente s";"402";"BR-101/SC";"Norte";"Saída de pista";1;0;0;0;0;0;0;0;0;0;1;0;0;0;0
"16/10/2023";"22:53:00";"124";"Acidente s";"355";"BR-101/SC";"Norte";"Choque com veículo no acostamento";1;0;1;0;0;0;0;0;0;0;2;0;0;0;0
"17/10/2023";"22:08:00";"155";"Acidente s";"331";"BR-101/SC";"Norte";"Colisão - Transversal";1;0;0;1;0;0;0;0;0;0;2;0;0;0;0
"18/10/2023";"00:55:00";"5";"Acidente s";"269";"BR-101/SC";"Sul";"Tombamento";0;0;1;0;0;0;0;0;0;0;2;0;0;0;0
"18/10/2023";"13:41:00";"116";"Acidente s";"269";"BR-101/SC";"Sul";"Engavetamento";2;0;1;0;0;0;0;0;0;0;4;0;0;0;0
"18/10/2023";"18:53:00";"143";"Acidente c";"434";"BR-101/SC";"Norte";"Colisão - Transversal";2;0;0;1;0;0;0;0;0;0;3;0;1;0;0
"18/10/2023";"23:20:00";"166";"Acidente s";"330";"BR-101/SC";"Norte";"Saída de pista";1;0;0;0;0;0;0;0;0;0;1;0;0;0;0
"19/10/2023";"20:08:00";"154";"Acidente c";"386";"BR-101/SC";"Sul";"Colisão - Traseira";2;0;0;0;0;0;0;0;0;0;4;1;0;0;0
"20/10/2023";"11:08:00";"86";"Acidente c";"446";"BR-101/SC";"Norte";"Atropelamento - Ambulante";1;0;0;0;0;0;0;0;0;0;1;0;0;1;0
"20/10/2023";"14:34:00";"107";"Acidente s";"332,1";"BR-101/SC";"Norte";"Colisão - Lateral";1;0;1;0;0;0;0;0;0;0;2;0;0;0;0
"20/10/2023";"22:42:00";"146";"Acidente s";"333,1";"BR-101/SC";"Norte";"Colisão - Traseira";2;0;0;0;0;0;0;0;0;0;5;0;0;0;0
"21/10/2023";"01:53:00";"5";"Acidente s";"366";"BR-101/SC";"Sul";"Atropelamento de Animal";1;0;0;0;0;0;0;0;0;0;1;0;0;0;0
"21/10/2023";"02:21:00";"8";"Acidente c";"281";"BR-101/SC";"Sul";"Queda de ribanceira";1;0;0;0;0;0;0;0;0;0;0;0;0;1;0
"21/10/2023";"10:30:00";"64";"Acidente s";"404";"BR-101/SC";"Norte";"Colisão - Traseira";2;0;0;0;0;0;0;0;0;0;4;0;0;0;0
"21/10/2023";"13:06:00";"83";"Acidente s";"344";"BR-101/SC";"Norte";"Colisão - Traseira";1;0;0;1;0;0;0;0;0;0;2;0;0;0;0
"21/10/2023";"18:17:00";"106";"Acidente c";"340";"BR-101/SC";"Norte";"Saída de pista";1;0;0;0;0;0;0;0;0;0;0;1;0;0;0
"21/10/2023";"19:35:00";"112";"Acidente s";"328";"BR-101/SC";"Sul";"Colisão - Lateral";1;0;1;0;0;0;0;0;0;0;2;0;0;0;0
"22/10/2023";"04:15:00";"16";"Acidente s";"373,05";"BR-101/SC";"Sul";"Saída de pista";1;0;0;0;0;0;0;0;0;0;2;0;0;0;0
"22/10/2023";"10:47:00";"55";"Acidente c";"327";"BR-101/SC";"Sul";"Colisão - Traseira";2;0;0;0;0;0;0;0;0;0;3;1;0;0;0
"22/10/2023";"11:02:00";"58";"Acidente s";"326";"BR-101/SC";"Sul";"Colisão - Traseira";2;0;0;0;0;0;0;0;0;0;4;0;0;0;0
"22/10/2023";"14:31:00";"73";"Acidente s";"344";"BR-101/SC";"Sul";"Colisão - Traseira";1;0;1;0;0;0;0;0;0;0;5;0;0;0;0
"22/10/2023";"19:24:00";"99";"Acidente s";"331,6";"BR-101/SC";"Sul";"Engavetamento";3;0;0;0;0;0;0;0;0;0;9;0;0;0;0
"22/10/2023";"20:04:00";"101";"Acidente s";"330,5";"BR-101/SC";"Sul";"Saída de pista";1;0;0;0;0;0;0;0;0;0;3;0;0;0;0
"23/10/2023";"12:21:00";"110";"Acidente c";"440,7";"BR-101/SC";"Norte";"Queda de moto";0;0;0;1;0;0;0;0;0;0;0;0;1;0;0
"23/10/2023";"16:37:00";"143";"Acidente c";"320";"BR-101/SC";"Sul";"Queda de moto";0;0;0;1;0;0;0;0;0;0;0;0;1;0;0
"23/10/2023";"20:10:00";"159";"Acidente c";"358";"BR-101/SC";"Sul";"Colisão - Traseira";1;0;1;0;0;0;0;0;0;0;2;2;0;0;0
"23/10/2023";"21:04:00";"161";"Acidente s";"420";"BR-101/SC";"Norte";"Saída de pista";1;0;0;0;0;0;0;0;0;0;1;0;0;0;0
"23/10/2023";"22:02:00";"164";"Acidente s";"384";"BR-101/SC";"Norte";"Atropelamento de Animal";1;0;0;0;0;0;0;0;0;0;2;0;0;0;0
"23/10/2023";"22:52:00";"167";"Acidente c";"325";"BR-101/SC";"Sul";"Colisão - Traseira";1;0;1;0;0;0;0;0;0;0;1;0;1;0;0
"24/10/2023";"00:32:00";"2";"Acidente s";"249,8";"BR-101/SC";"Sul";"Choque Defensa";1;0;0;0;0;0;0;0;0;0;1;0;0;0;0
"24/10/2023";"10:05:00";"88";"Acidente c";"426,05";"BR-101/SC";"Norte";"Saída de pista";1;0;0;0;0;0;0;0;0;0;0;1;0;0;0
"24/10/2023";"19:26:00";"157";"Acidente s";"325";"BR-101/SC";"Norte";"Atropelamento de Animal";1;0;0;0;0;0;0;0;0;0;1;0;0;0;0
"24/10/2023";"19:44:00";"158";"Acidente c";"323";"BR-101/SC";"Norte";"Queda de moto";0;0;0;1;0;0;0;0;0;0;0;0;1;0;0
"25/10/2023";"08:10:00";"55";"Acidente c";"331";"BR-101/SC";"Sul";"Queda de moto";0;0;0;1;0;0;0;0;0;0;0;1;0;0;0
"25/10/2023";"08:23:00";"57";"Acidente c";"266";"BR-101/SC";"Sul";"Colisão - Frontal";1;0;0;1;0;0;0;0;0;0;0;1;0;1;0
"25/10/2023";"19:30:00";"129";"Acidente s";"298";"BR-101/SC";"Norte";"Colisão - Lateral";1;0;1;0;0;0;0;0;0;0;3;0;0;0;0
"25/10/2023";"22:11:00";"138";"Acidente s";"385";"BR-101/SC";"Sul";"Colisão - Traseira";1;0;0;1;0;0;0;0;0;0;4;0;0;0;0
"26/10/2023";"13:06:00";"103";"Atropelame";"334";"BR-101/SC";"Sul";"Atropelamento - Esportista";1;0;0;0;0;0;0;0;0;0;1;2;0;0;0
"26/10/2023";"20:51:00";"146";"Acidente c";"336,1";"BR-101/SC";"Sul";"Capotamento";1;0;0;0;0;0;0;0;0;0;0;1;1;1;0
"27/10/2023";"01:59:00";"4";"Acidente c";"327,4";"BR-101/SC";"Sul";"Choque Barreira";0;0;1;0;0;0;0;0;0;0;0;0;1;0;0
"27/10/2023";"05:45:00";"7";"Acidente c";"288";"BR-101/SC";"Sul";"Queda de moto";0;0;0;1;0;0;0;0;0;0;0;1;0;0;0
"27/10/2023";"07:42:00";"34";"Acidente c";"326,6";"BR-101/SC";"Sul";"Colisão - Traseira";2;0;0;0;0;0;0;0;0;0;1;0;1;0;0
"27/10/2023";"08:15:00";"46";"Acidente s";"325,9";"BR-101/SC";"Sul";"Colisão - Traseira";2;0;0;0;0;0;0;0;0;0;3;0;0;0;0
"27/10/2023";"12:07:00";"91";"Acidente c";"404,95";"BR-101/SC";"Norte";"Queda de moto";0;0;0;1;0;0;0;0;0;0;1;1;0;0;0
"27/10/2023";"13:13:00";"97";"Acidente c";"405,2";"BR-101/SC";"Norte";"Capotamento";1;0;0;0;0;0;0;0;0;0;0;1;1;0;0
"27/10/2023";"15:58:00";"114";"Acidente s";"344";"BR-101/SC";"Norte";"Choque Praça - Submarino";0;0;1;0;0;0;0;0;0;0;1;0;0;0;0
"27/10/2023";"18:31:00";"128";"Acidente s";"327";"BR-101/SC";"Sul";"Colisão - Traseira";1;0;1;0;0;0;0;0;0;0;2;0;0;0;0
"27/10/2023";"19:18:00";"129";"Acidente c";"460";"BR-101/SC";"Sul";"Capotamento";1;0;0;0;0;0;0;0;0;0;0;1;0;0;0
"27/10/2023";"22:36:00";"144";"Acidente s";"390";"BR-101/SC";"Norte";"Choque Defensa";1;0;0;0;0;0;0;0;0;0;1;0;0;0;0
"28/10/2023";"04:01:00";"13";"Acidente s";"275";"BR-101/SC";"Norte";"Capotamento";1;0;0;0;0;0;0;0;0;0;2;0;0;0;0
"28/10/2023";"08:10:00";"29";"Acidente s";"451";"BR-101/SC";"Sul";"Colisão - Lateral";1;0;1;0;0;0;0;0;0;0;2;0;0;0;0
"28/10/2023";"11:27:00";"53";"Acidente c";"368";"BR-101/SC";"Sul";"Choque Barreira";1;0;0;0;0;0;0;0;0;0;0;1;0;0;0
"28/10/2023";"13:25:00";"59";"Acidente s";"335,3";"BR-101/SC";"Norte";"Choque Barreira";1;0;0;0;0;0;0;0;0;0;2;0;0;0;0
"28/10/2023";"15:51:00";"71";"Atropelame";"438";"BR-101/SC";"Sul";"Atropelamento de pedestre";0;0;1;0;0;0;0;0;0;0;1;0;0;0;1
"28/10/2023";"16:43:00";"75";"Acidente s";"246";"BR-101/SC";"Sul";"Saída de pista";1;0;0;0;0;0;0;0;0;0;5;0;0;0;0
"28/10/2023";"17:14:00";"79";"Acidente s";"334";"BR-101/SC";"Sul";"Colisão - Traseira";2;0;0;0;0;0;0;0;0;0;3;0;0;0;0
"29/10/2023";"03:43:00";"9";"Acidente s";"314";"BR-101/SC";"Sul";"Colisão - Traseira";2;0;0;0;0;0;0;0;0;0;2;0;0;0;0
"29/10/2023";"04:51:00";"12";"Acidente s";"349,9";"BR-101/SC";"Norte";"Saída de pista";1;0;0;0;0;0;0;0;0;0;1;0;0;0;0
"29/10/2023";"06:49:00";"20";"Acidente c";"322,4";"BR-101/SC";"Norte";"Capotamento";1;0;0;0;0;0;0;0;0;0;0;0;0;1;0
"29/10/2023";"06:51:00";"21";"Acidente s";"328,09";"BR-101/SC";"Norte";"Colisão - Traseira";1;0;1;0;0;0;0;0;0;0;24;0;0;0;0
"29/10/2023";"17:35:00";"100";"Acidente s";"404";"BR-101/SC";"Sul";"Colisão - Traseira";2;0;0;0;0;0;0;0;0;0;5;0;0;0;0
"29/10/2023";"18:14:00";"103";"Acidente s";"344";"BR-101/SC";"Norte";"Colisão - Traseira";2;0;0;0;0;0;0;0;0;0;5;0;0;0;0
"30/10/2023";"08:23:00";"58";"Acidente c";"332";"BR-101/SC";"Sul";"Queda de moto";0;0;0;1;0;0;0;0;0;0;0;1;0;0;0
"30/10/2023";"11:06:00";"91";"Acidente s";"272";"BR-101/SC";"Sul";"Engavetamento";3;0;0;0;0;0;0;0;0;0;5;0;0;0;0
"30/10/2023";"13:47:00";"104";"Acidente s";"404";"BR-101/SC";"Norte";"Colisão - Traseira";2;0;0;0;0;0;0;0;0;0;7;0;0;0;0
"30/10/2023";"16:32:00";"115";"Acidente s";"307";"BR-101/SC";"Norte";"Saída de pista";1;0;0;0;0;0;0;0;0;0;2;0;0;0;0
"31/10/2023";"02:26:00";"3";"Acidente s";"296,9";"BR-101/SC";"Sul";"Choque Barreira";0;0;1;0;0;0;0;0;0;0;1;0;0;0;0
"31/10/2023";"04:25:00";"7";"Acidente c";"296,9";"BR-101/SC";"Sul";"Colisão - Traseira";1;0;1;0;0;0;0;0;0;0;1;1;0;0;0
"31/10/2023";"08:42:00";"36";"Acidente s";"345";"BR-101/SC";"Norte";"Colisão - Traseira";1;0;1;0;0;0;0;0;0;0;2;0;0;0;0
"31/10/2023";"11:55:00";"55";"Acidente s";"331";"BR-101/SC";"Norte";"Colisão - Traseira";1;0;1;0;0;0;0;0;0;0;1;0;0;0;0
"31/10/2023";"14:32:00";"70";"Acidente c";"335,6";"BR-101/SC";"Norte";"Choque Barreira";1;0;0;0;0;0;0;0;0;0;0;0;1;0;0
"31/10/2023";"17:19:00";"94";"Acidente c";"311";"BR-101/SC";"Sul";"Queda de moto";0;0;0;1;0;0;0;0;0;0;0;1;0;0;0
"01/11/2023";"00:55:00";"3";"Acidente s";"315";"BR-101/SC";"Sul";"Saída de pista";1;0;0;0;0;0;0;0;0;0;1;0;0;0;0