data;horario;n_da_ocorrencia;tipo_de_ocorrencia;km;trecho;sentido;tipo_de_acidente;automovel;bicicleta;caminhao;moto;onibus;outros;tracao_animal;transporte_de_cargas_especiais;trator_maquinas;utilitarios;ilesos;levemente_feridos;moderadamente_feridos;gravemente_feridos;mortos
"01/11/2023";"08:11:00";"45";"Acidente s";"349";"BR-101/SC";"Norte";"Colisão - Lateral";1;0;0;1;0;0;0;0;0;0;5;0;0;0;0
"01/11/2023";"12:19:00";"80";"Acidente s";"436";"BR-101/SC";"Sul";"Choque Barreira";1;0;0;0;0;0;0;0;0;0;1;0;0;0;0
"01/11/2023";"12:28:00";"81";"Acidente s";"436";"BR-101/SC";"Sul";"Choque com veículo na faixa de rolamento";1;0;0;0;0;0;0;0;0;0;1;0;0;0;0
"01/11/2023";"13:43:00";"85";"Acidente s";"265";"BR-101/SC";"Sul";"Saída de pista";1;0;0;0;0;0;0;0;0;0;1;0;0;0;0
"01/11/2023";"21:27:00";"122";"Acidente c";"404";"BR-101/SC";"Norte";"Saída de pista";1;0;0;0;0;0;0;0;0;0;1;1;0;0;0
"02/11/2023";"03:55:00";"10";"Acidente s";"421,5";"BR-101/SC";"Norte";"Choque com veículo na faixa de rolamento";2;0;0;0;0;0;0;0;0;0;15;0;0;0;0
"02/11/2023";"08:24:00";"24";"Acidente s";"271";"BR-101/SC";"Norte";"Saída de pista";1;0;0;0;0;0;0;0;0;0;1;0;0;0;0
"02/11/2023";"09:08:00";"31";"Acidente s";"408";"BR-101/SC";"Norte";"Colisão - Lateral";1;0;1;0;0;0;0;0;0;0;3;0;0;0;0
"02/11/2023";"12:02:00";"46";"Acidente c";"277";"BR-101/SC";"Norte";"Colisão - Lateral";1;0;1;0;0;0;0;0;0;0;2;0;1;0;0
"02/11/2023";"13:20:00";"50";"Acidente s";"277";"BR-101/SC";"Norte";"Queda de moto";0;0;0;1;0;0;0;0;0;0;1;0;0;0;0
"02/11/2023";"14:57:00";"52";"Acidente s";"269";"BR-101/SC";"Norte";"Choque Barreira";1;0;0;0;0;0;0;0;0;0;1;0;0;0;0
"02/11/2023";"16:37:00";"57";"Acidente c";"262";"BR-101/SC";"Norte";"Saída de pista";1;0;0;0;0;0;0;0;0;0;1;1;0;0;0
"02/11/2023";"19:16:00";"65";"Acidente s";"290";"BR-101/SC";"Sul";"Colisão - Traseira";2;0;1;0;0;0;0;0;0;0;2;0;0;0;0
"03/11/2023";"00:44:00";"1";"Acidente s";"306";"BR-101/SC";"Sul";"Choque Barreira";1;0;0;0;0;0;0;0;0;0;3;0;0;0;0
"03/11/2023";"04:20:00";"10";"Acidente s";"376";"BR-101/SC";"Sul";"Saída de pista";1;0;0;0;0;0;0;0;0;0;1;0;0;0;0
"03/11/2023";"09:51:00";"63";"Acidente c";"340";"BR-101/SC";"Norte";"Saída de pista";1;0;0;0;0;0;0;0;0;0;0;1;0;0;0
"03/11/2023";"10:50:00";"66";"Acidente s";"296";"BR-101/SC";"Norte";"Saída de pista";1;0;0;0;0;0;0;0;0;0;1;0;0;0;0
"03/11/2023";"15:27:00";"87";"Acidente s";"395,8";"BR-101/SC";"Sul";"Saída de pista";0;0;1;0;0;0;0;0;0;0;1;0;0;0;0
"03/11/2023";"19:27:00";"107";"Acidente c";"268";"BR-101/SC";"Sul";"Capotamento";1;0;0;0;0;0;0;0;0;0;0;0;1;0;0
"04/11/2023";"08:43:00";"49";"Acidente s";"362";"BR-101/SC";"Norte";"Saída de pista";1;0;0;0;0;0;0;0;0;0;1;0;0;0;0
"04/11/2023";"23:05:00";"120";"Acidente c";"330,9";"BR-101/SC";"Sul";"Queda de moto";0;0;0;1;0;0;0;0;0;0;0;1;0;0;0
"05/11/2023";"00:54:00";"4";"Acidente c";"331,4";"BR-101/SC";"Sul";"Queda de moto";0;0;0;1;0;0;0;0;0;0;0;2;0;0;0
"05/11/2023";"10:02:00";"28";"Acidente c";"333";"BR-101/SC";"Sul";"Queda de moto";0;0;0;1;0;0;0;0;0;0;0;1;0;0;0
"05/11/2023";"14:03:00";"53";"Acidente c";"329";"BR-101/SC";"Norte";"Capotamento";2;0;0;0;0;0;0;0;0;0;2;1;0;0;0
"05/11/2023";"15:59:00";"62";"Acidente s";"354";"BR-101/SC";"Sul";"Engavetamento";3;0;0;0;0;0;0;0;0;0;12;0;0;0;0
"05/11/2023";"17:19:00";"76";"Acidente s";"314";"BR-101/SC";"Norte";"Colisão - Traseira";2;0;0;0;0;0;0;0;0;0;10;0;0;0;0
"05/11/2023";"17:59:00";"82";"Acidente s";"326";"BR-101/SC";"Sul";"Colisão - Traseira";2;0;0;0;0;0;0;0;0;0;4;0;0;0;0
"05/11/2023";"18:11:00";"84";"Acidente s";"309";"BR-101/SC";"Sul";"Engavetamento";4;0;0;0;0;0;0;0;0;0;13;0;0;0;0
"05/11/2023";"18:34:00";"88";"Acidente s";"252,8";"BR-101/SC";"Norte";"Colisão - Traseira";2;0;0;0;0;0;0;0;0;0;4;0;0;0;0
"05/11/2023";"19:58:00";"98";"Acidente s";"326";"BR-101/SC";"Sul";"Colisão - Traseira";2;0;0;0;0;0;0;0;0;0;3;0;0;0;0
"05/11/2023";"21:19:00";"109";"Acidente s";"277";"BR-101/SC";"Sul";"Saída de pista";1;0;0;0;0;0;0;0;0;0;2;0;0;0;0
"06/11/2023";"07:58:00";"38";"Acidente s";"330";"BR-101/SC";"Sul";"Colisão - Traseira";2;0;0;0;0;0;0;0;0;0;2;0;0;0;0
"06/11/2023";"08:14:00";"50";"Acidente s";"330";"BR-101/SC";"Sul";"Colisão - Traseira";2;0;0;0;0;0;0;0;0;0;3;0;0;0;0
"06/11/2023";"08:30:00";"58";"Acidente s";"328";"BR-101/SC";"Sul";"Engavetamento";2;0;0;0;0;0;0;0;0;0;5;0;0;0;0
"06/11/2023";"08:54:00";"64";"Acidente s";"328";"BR-101/SC";"Sul";"Colisão - Traseira";2;0;0;0;0;0;0;0;0;0;3;0;0;0;0
"06/11/2023";"10:57:00";"89";"Acidente s";"272";"BR-101/SC";"Norte";"Saída de pista";1;0;0;0;0;0;0;0;0;0;1;0;0;0;0
"07/11/2023";"18:35:00";"133";"Acidente c";"282,7";"BR-101/SC";"Sul";"Queda de moto";0;0;0;1;0;0;0;0;0;0;0;0;0;0;1
"07/11/2023";"19:55:00";"141";"Acidente c";"416";"BR-101/SC";"Norte";"Colisão - Lateral";0;0;0;2;0;0;0;0;0;0;1;1;0;0;0
"08/11/2023";"08:16:00";"67";"Acidente c";"376,873";"BR-101/SC";"Sul";"Colisão - Transversal";1;0;1;0;0;0;0;0;0;0;2;1;0;0;0
"08/11/2023";"14:21:00";"121";"Acidente s";"353";"BR-101/SC";"Norte";"Saída de pista";1;0;0;0;0;0;0;0;0;0;1;0;0;0;0
"08/11/2023";"15:53:00";"132";"Acidente c";"278,9";"BR-101/SC";"Sul";"Capotamento";1;0;0;0;0;0;0;0;0;0;1;0;1;0;0
"08/11/2023";"19:24:00";"148";"Acidente c";"337,3";"BR-101/SC";"Norte";"Choque Barreira";1;0;0;0;0;0;0;0;0;0;2;1;0;0;0
"09/11/2023";"02:17:00";"10";"Acidente c";"271";"BR-101/SC";"Norte";"Colisão - Lateral";1;0;2;0;0;0;0;0;0;0;3;0;1;0;0
"09/11/2023";"03:15:00";"13";"Acidente s";"345";"BR-101/SC";"Sul";"Saída de pista";1;0;0;0;0;0;0;0;0;0;1;0;0;0;0
"09/11/2023";"06:46:00";"32";"Acidente s";"256";"BR-101/SC";"Sul";"Saída de pista";1;0;0;0;0;0;0;0;0;0;2;0;0;0;0
"09/11/2023";"13:05:00";"127";"Acidente c";"312";"BR-101/SC";"Norte";"Engavetamento";4;0;0;0;0;0;0;0;0;0;3;1;1;0;0
"09/11/2023";"17:33:00";"153";"Acidente c";"337";"BR-101/SC";"Norte";"Colisão - Traseira";0;0;1;1;0;0;0;0;0;0;1;0;1;0;0
"10/11/2023";"04:51:00";"13";"Acidente c";"422";"BR-101/SC";"Norte";"Colisão - Transversal";1;0;0;0;0;0;0;0;0;0;0;1;0;0;0
"10/11/2023";"13:46:00";"116";"Acidente c";"326";"BR-101/SC";"Norte";"Colisão - Traseira";0;0;1;1;0;0;0;0;0;0;1;1;0;0;0
"10/11/2023";"19:38:00";"143";"Acidente c";"325";"BR-101/SC";"Sul";"Colisão - Traseira";1;0;0;1;0;0;0;0;0;0;2;1;0;0;0
"11/11/2023";"09:26:00";"69";"Acidente c";"356";"BR-101/SC";"Sul";"Queda de moto";0;0;1;1;0;0;0;0;0;0;1;1;0;0;0
"11/11/2023";"12:05:00";"91";"Acidente s";"432";"BR-101/SC";"Norte";"Colisão - Lateral";2;0;1;0;0;0;0;0;0;0;3;0;0;0;0
"11/11/2023";"16:28:00";"123";"Acidente s";"338,1";"BR-101/SC";"Sul";"Saída de pista";1;0;1;0;0;0;0;0;0;0;2;0;0;0;0
"11/11/2023";"16:40:00";"129";"Acidente s";"383";"BR-101/SC";"Norte";"Choque Defensa";1;0;0;0;0;0;0;0;0;0;2;0;0;0;0
"11/11/2023";"18:52:00";"142";"Acidente s";"293";"BR-101/SC";"Norte";"Saída de pista";1;0;0;0;0;0;0;0;0;0;1;0;0;0;0
"11/11/2023";"19:59:00";"144";"Acidente c";"416";"BR-101/SC";"Norte";"Colisão - Lateral";2;0;0;0;0;0;0;0;0;0;4;1;0;0;0
"11/11/2023";"20:31:00";"147";"Acidente s";"360";"BR-101/SC";"Sul";"Saída de pista";1;0;0;0;0;0;0;0;0;0;2;0;0;0;0
"11/11/2023";"22:29:00";"155";"Acidente s";"290";"BR-101/SC";"Norte";"Saída de pista";1;0;0;0;0;0;0;0;0;0;1;0;0;0;0
"11/11/2023";"22:31:00";"156";"Acidente s";"369,9";"BR-101/SC";"Sul";"Tombamento";0;0;1;0;0;0;0;0;0;0;1;0;0;0;0
"12/11/2023";"07:24:00";"25";"Acidente s";"375";"BR-101/SC";"Sul";"Saída de pista";1;0;0;0;0;0;0;0;0;0;1;0;0;0;0
"12/11/2023";"13:52:00";"71";"Acidente c";"387";"BR-101/SC";"Sul";"Colisão - Traseira";1;0;1;0;0;0;0;0;0;0;1;1;0;0;0
"12/11/2023";"20:46:00";"108";"Acidente s";"280";"BR-101/SC";"Norte";"Choque Defensa";1;0;0;0;0;0;0;0;0;0;1;0;0;0;0
"12/11/2023";"21:43:00";"113";"Acidente s";"359";"BR-101/SC";"Sul";"Saída de pista";1;0;0;0;0;0;0;0;0;0;5;0;0;0;0
"13/11/2023";"01:58:00";"5";"Acidente s";"415";"BR-101/SC";"Norte";"Capotamento";1;0;0;0;0;0;0;0;0;0;1;0;0;0;0
"13/11/2023";"08:53:00";"68";"Acidente s";"458";"BR-101/SC";"Norte";"Outros";0;0;1;0;0;0;0;0;0;0;1;0;0;0;0
"13/11/2023";"08:57:00";"69";"Acidente s";"425";"BR-101/SC";"Sul";"Atropelamento de Animal";1;0;0;0;0;0;0;0;0;0;2;0;0;0;0
"13/11/2023";"14:37:00";"123";"Acidente s";"367";"BR-101/SC";"Sul";"Engavetamento";3;0;2;0;0;0;0;0;0;0;7;0;0;0;0
"13/11/2023";"16:57:00";"134";"Acidente s";"390";"BR-101/SC";"Sul";"Colisão - Lateral";2;0;0;0;0;0;0;0;0;0;14;0;0;0;0
"13/11/2023";"18:06:00";"137";"Acidente c";"281,4";"BR-101/SC";"Sul";"Colisão - Lateral";1;0;0;1;0;0;0;0;0;0;1;1;0;0;0
"14/11/2023";"03:50:00";"8";"Acidente s";"413";"BR-101/SC";"Sul";"Queda de ribanceira";0;0;1;0;0;0;0;0;0;0;1;0;0;0;0
"14/11/2023";"17:09:00";"99";"Acidente s";"368";"BR-101/SC";"Sul";"Colisão - Frontal";2;0;0;0;0;0;0;0;0;0;3;0;0;0;0
"14/11/2023";"20:01:00";"115";"Acidente s";"257,5";"BR-101/SC";"Norte";"Queda de ribanceira";1;0;0;0;0;0;0;0;0;0;3;0;0;0;0
"14/11/2023";"20:39:00";"120";"Acidente c";"344";"BR-101/SC";"Sul";"Saída de pista";1;0;0;0;0;0;0;0;0;0;0;2;0;0;0
"14/11/2023";"22:11:00";"123";"Acidente s";"419";"BR-101/SC";"Sul";"Saída de pista";1;0;0;0;0;0;0;0;0;0;1;0;0;0;0
"15/11/2023";"03:07:00";"7";"Acidente s";"417";"BR-101/SC";"Norte";"Saída de pista";1;0;0;0;0;0;0;0;0;0;1;0;0;0;0
"15/11/2023";"04:49:00";"12";"Acidente s";"277,8";"BR-101/SC";"Norte";"Capotamento";1;0;0;0;0;0;0;0;0;0;2;0;0;0;0
"15/11/2023";"08:17:00";"54";"Acidente s";"320,15";"BR-101/SC";"Sul";"Capotamento";1;0;0;0;0;0;0;0;0;0;2;0;0;0;0
"15/11/2023";"15:43:00";"86";"Acidente s";"256";"BR-101/SC";"Norte";"Colisão - Traseira";1;0;0;0;0;0;0;0;0;0;1;0;0;0;0
"16/11/2023";"03:53:00";"7";"Acidente s";"269,5";"BR-101/SC";"Norte";"Colisão - Traseira";0;0;2;0;0;0;0;0;0;0;2;0;0;0;0
"16/11/2023";"11:58:00";"60";"Acidente s";"322";"BR-101/SC";"Norte";"Colisão - Lateral";1;0;1;0;0;0;0;0;0;0;2;0;0;0;0
"16/11/2023";"15:15:00";"76";"Acidente s";"373";"BR-101/SC";"Norte";"Saída de pista";1;0;0;0;0;0;0;0;0;0;2;0;0;0;0
"16/11/2023";"15:33:00";"77";"Acidente s";"372,9";"BR-101/SC";"Sul";"Saída de pista";0;0;1;0;0;0;0;0;0;0;1;0;0;0;0
"16/11/2023";"19:08:00";"97";"Acidente c";"280";"BR-101/SC";"Sul";"Capotamento";1;0;0;0;0;0;0;0;0;0;0;1;0;0;0
"16/11/2023";"19:09:00";"98";"Acidente s";"429";"BR-101/SC";"Norte";"Choque Barreira";1;0;0;0;0;0;0;0;0;0;1;0;0;0;0
"16/11/2023";"22:21:00";"110";"Acidente s";"311";"BR-101/SC";"Norte";"Colisão - Traseira";1;0;0;0;0;0;0;0;0;0;1;0;0;0;0
"17/11/2023";"01:22:00";"4";"Acidente s";"303";"BR-101/SC";"Sul";"Colisão - Traseira";2;0;0;0;0;0;0;0;0;0;2;0;0;0;0
"17/11/2023";"08:12:00";"32";"Acidente s";"333";"BR-101/SC";"Sul";"Engavetamento";3;0;0;0;0;0;0;0;0;0;3;0;0;0;0
"17/11/2023";"08:48:00";"42";"Acidente c";"335";"BR-101/SC";"Norte/Sul";"Colisão - Lateral";1;0;0;1;0;0;0;0;0;0;1;1;0;0;0
"17/11/2023";"16:17:00";"91";"Acidente s";"258";"BR-101/SC";"Norte";"Capotamento";2;0;0;0;0;0;0;0;0;0;6;0;0;0;0
"17/11/2023";"19:23:00";"113";"Acidente c";"261,3";"BR-101/SC";"Sul";"Capotamento";1;0;0;0;0;0;0;0;0;0;0;1;0;0;0
"17/11/2023";"19:35:00";"115";"Acidente s";"336";"BR-101/SC";"Norte";"Colisão - Traseira";1;0;1;0;0;0;0;0;0;0;2;0;0;0;0
"17/11/2023";"23:20:00";"124";"Acidente s";"254,1";"BR-101/SC";"Norte";"Saída de pista";0;0;1;0;0;0;0;0;0;0;1;0;0;0;0
"18/11/2023";"01:25:00";"9";"Acidente s";"396,22";"BR-101/SC";"Sul";"Saída de pista";1;0;0;0;0;0;0;0;0;0;1;0;0;0;0
"18/11/2023";"03:54:00";"23";"Acidente s";"435";"BR-101/SC";"Sul";"Saída de pista";1;0;0;0;0;0;0;0;0;0;1;0;0;0;0
"18/11/2023";"03:56:00";"24";"Acidente s";"435";"BR-101/SC";"Sul";"Saída de pista";1;0;0;0;0;0;0;0;0;0;1;0;0;0;0
"18/11/2023";"05:22:00";"37";"Acidente s";"412";"BR-101/SC";"Sul";"Saída de pista";0;0;1;0;0;0;0;0;0;0;2;0;0;0;0
"18/11/2023";"11:05:00";"87";"Acidente s";"282";"BR-101/SC";"Norte";"Choque Defensa";1;0;0;0;0;0;0;0;0;0;1;0;0;0;0
"18/11/2023";"11:31:00";"90";"Acidente s";"367";"BR-101/SC";"Sul";"Choque Defensa";1;0;0;0;0;0;0;0;0;0;3;0;0;0;0
"18/11/2023";"18:04:00";"127";"Acidente c";"340";"BR-101/SC";"Sul";"Queda de moto";0;0;0;1;0;0;0;0;0;0;0;0;1;0;0
"18/11/2023";"20:20:00";"138";"Acidente s";"429";"BR-101/SC";"Norte";"Colisão - Traseira";2;0;0;0;0;0;0;0;0;0;1;0;0;0;0
"18/11/2023";"20:58:00";"141";"Acidente s";"291";"BR-101/SC";"Norte";"Colisão - Frontal";2;0;0;0;0;0;0;0;0;0;5;0;0;0;0
"18/11/2023";"21:16:00";"144";"Acidente c";"254";"BR-101/SC";"Sul";"Queda de moto";0;0;0;1;0;0;0;0;0;0;0;2;0;0;0
"18/11/2023";"22:35:00";"151";"Acidente s";"247";"BR-101/SC";"Norte";"Choque Defensa";1;0;0;0;0;0;0;0;0;0;1;0;0;0;0
"19/11/2023";"02:44:00";"7";"Acidente s";"364";"BR-101/SC";"Sul";"Saída de pista";1;0;0;0;0;0;0;0;0;0;3;0;0;0;0
"19/11/2023";"03:12:00";"9";"Acidente s";"404";"BR-101/SC";"Norte";"Saída de pista";1;0;0;0;0;0;0;0;0;0;2;0;0;0;0
"19/11/2023";"07:06:00";"27";"Acidente c";"414,8";"BR-101/SC";"Sul";"Saída de pista";1;0;0;0;0;0;0;0;0;0;0;1;0;0;0
"19/11/2023";"18:06:00";"116";"Acidente s";"456";"BR-101/SC";"Sul";"Choque - Poste";1;0;0;0;0;0;0;0;0;0;1;0;0;0;0
"19/11/2023";"20:43:00";"132";"Acidente s";"381,23";"BR-101/SC";"Norte";"Colisão - Lateral";1;0;1;0;0;0;0;0;0;0;2;0;0;0;0
"19/11/2023";"22:52:00";"144";"Atropelame";"315";"BR-101/SC";"Sul";"Atropelamento - Ambulante";1;0;0;0;0;0;0;0;0;0;1;0;1;0;0
"20/11/2023";"00:44:00";"4";"Acidente s";"445";"BR-101/SC";"Sul";"Choque Barreira";1;0;0;0;0;0;0;0;0;0;1;0;0;0;0
"20/11/2023";"07:33:00";"27";"Acidente s";"247";"BR-101/SC";"Sul";"Saída de pista";0;0;1;0;0;0;0;0;0;0;1;0;0;0;0
"20/11/2023";"12:31:00";"89";"Acidente s";"317";"BR-101/SC";"Norte";"Colisão - Traseira";2;0;0;0;0;0;0;0;0;0;2;0;0;0;0
"20/11/2023";"14:03:00";"107";"Acidente s";"311,9";"BR-101/SC";"Sul";"Colisão - Lateral";1;0;1;0;0;0;0;0;0;0;2;0;0;0;0
"20/11/2023";"19:15:00";"130";"Acidente c";"385";"BR-101/SC";"Sul";"Colisão - Transversal";2;0;0;0;0;0;0;0;0;0;2;3;0;1;0
"20/11/2023";"20:37:00";"141";"Acidente s";"269,9";"BR-101/SC";"Norte";"Saída de pista";1;0;0;0;0;0;0;0;0;0;2;0;0;0;0
"21/11/2023";"07:48:00";"44";"Acidente c";"326";"BR-101/SC";"Sul";"Queda de moto";0;0;0;1;0;0;0;0;0;0;0;2;0;0;0
"21/11/2023";"10:42:00";"91";"Acidente s";"412";"BR-101/SC";"Norte";"Saída de pista";0;0;0;0;0;0;0;0;0;0;1;0;0;0;0
"21/11/2023";"11:32:00";"96";"Acidente s";"341,23";"BR-101/SC";"Sul";"Colisão - Lateral";2;0;0;0;0;0;0;0;0;0;2;0;0;0;0
"21/11/2023";"21:47:00";"157";"Acidente s";"417";"BR-101/SC";"Norte";"Saída de pista";1;0;0;0;0;0;0;0;0;0;1;0;0;0;0
"22/11/2023";"09:02:00";"69";"Acidente s";"331";"BR-101/SC";"Sul";"Saída de pista";0;0;1;0;0;0;0;0;0;0;1;0;0;0;0
"22/11/2023";"12:26:00";"108";"Acidente s";"416";"BR-101/SC";"Sul";"Engavetamento";3;0;0;0;0;0;0;0;0;0;3;0;0;0;0
"22/11/2023";"15:21:00";"130";"Acidente c";"390";"BR-101/SC";"Norte";"Saída de pista";1;0;0;0;0;0;0;0;0;0;1;1;0;0;0
"22/11/2023";"19:56:00";"151";"Acidente s";"323";"BR-101/SC";"Norte";"Colisão - Traseira";0;0;2;0;0;0;0;0;0;0;2;0;0;0;0
"22/11/2023";"21:00:00";"153";"Acidente s";"404";"BR-101/SC";"Norte";"Colisão - Traseira";2;0;0;0;0;0;0;0;0;0;6;0;0;0;0
"23/11/2023";"05:18:00";"8";"Acidente c";"327";"BR-101/SC";"Norte";"Colisão - Lateral";1;0;0;1;0;0;0;0;0;0;2;1;0;0;0
"23/11/2023";"05:19:00";"9";"Acidente s";"264";"BR-101/SC";"Sul";"Choque Defensa";1;0;0;0;0;0;0;0;0;0;1;0;0;0;0
"23/11/2023";"08:36:00";"44";"Acidente s";"384";"BR-101/SC";"Sul";"Saída de pista";1;0;0;0;0;0;0;0;0;0;1;0;0;0;0
"23/11/2023";"09:25:00";"54";"Acidente s";"313";"BR-101/SC";"Sul";"Choque Barreira";1;0;0;0;0;0;0;0;0;0;1;0;0;0;0
"23/11/2023";"18:15:00";"121";"Acidente c";"415";"BR-101/SC";"Norte";"Queda de moto";1;0;0;1;0;0;0;0;0;0;1;0;1;0;0
"23/11/2023";"23:21:00";"145";"Acidente s";"250";"BR-101/SC";"Sul";"Colisão - Traseira";1;0;1;0;0;0;0;0;0;0;4;0;0;0;0
"24/11/2023";"03:58:00";"4";"Acidente c";"414";"BR-101/SC";"Sul";"Capotamento";1;0;0;0;0;0;0;0;0;0;0;1;0;0;0
"24/11/2023";"06:22:00";"9";"Acidente c";"343";"BR-101/SC";"Norte";"Queda de moto";0;0;0;1;0;0;0;0;0;0;0;2;0;0;0
"24/11/2023";"06:24:00";"11";"Acidente c";"445";"BR-101/SC";"Norte";"Queda de moto";0;0;0;1;0;0;0;0;0;0;0;1;0;0;0
"24/11/2023";"07:15:00";"30";"Acidente c";"350";"BR-101/SC";"Norte";"Colisão - Traseira";0;0;2;0;0;0;0;0;0;0;2;1;0;0;0
"24/11/2023";"07:37:00";"42";"Acidente s";"250";"BR-101/SC";"Sul";"Saída de pista";0;0;1;0;0;0;0;0;0;0;2;0;0;0;0
"24/11/2023";"17:04:00";"149";"Acidente s";"337";"BR-101/SC";"Norte";"Engavetamento";3;0;0;0;0;0;0;0;0;0;6;0;0;0;0
"24/11/2023";"17:37:00";"156";"Acidente s";"326";"BR-101/SC";"Sul";"Saída de pista";1;0;0;0;0;0;0;0;0;0;1;0;0;0;0
"24/11/2023";"18:34:00";"159";"Acidente c";"441";"BR-101/SC";"Sul";"Colisão - Traseira";1;0;0;2;0;0;0;0;0;0;2;1;0;0;0
"24/11/2023";"19:13:00";"166";"Acidente s";"441";"BR-101/SC";"Sul";"Colisão - Traseira";3;0;0;0;0;0;0;0;0;0;3;0;0;0;0
"24/11/2023";"21:01:00";"179";"Acidente s";"247";"BR-101/SC";"Norte";"Colisão - Lateral";1;0;1;0;0;0;0;0;0;0;3;0;0;0;0
"25/11/2023";"09:03:00";"55";"Acidente s";"353";"BR-101/SC";"Sul";"Choque - Meio Fio";1;0;0;0;0;0;0;0;0;0;1;0;0;0;0
"25/11/2023";"11:02:00";"72";"Acidente s";"464";"BR-101/SC";"Sul";"Saída de pista";1;0;0;0;0;0;0;0;0;0;1;0;0;0;0
"25/11/2023";"11:15:00";"73";"Acidente s";"370";"BR-101/SC";"Sul";"Saída de pista";1;0;0;0;0;0;0;0;0;0;2;0;0;0;0
"25/11/2023";"12:49:00";"83";"Acidente s";"288";"BR-101/SC";"Norte";"Colisão - Lateral";1;0;1;0;0;0;0;0;0;0;2;0;0;0;0
"25/11/2023";"14:30:00";"89";"Acidente s";"338";"BR-101/SC";"Norte";"Colisão - Lateral";2;0;0;0;0;0;0;0;0;0;6;0;0;0;0
"25/11/2023";"15:26:00";"92";"Acidente s";"282";"BR-101/SC";"Norte";"Colisão - Lateral";1;0;1;0;0;0;0;0;0;0;2;0;0;0;0
"25/11/2023";"18:51:00";"116";"Acidente c";"454,1";"BR-101/SC";"Sul";"Queda de moto";0;0;0;1;0;0;0;0;0;0;0;1;1;0;0
"25/11/2023";"23:41:00";"137";"Acidente s";"308";"BR-101/SC";"Norte";"Saída de pista";1;0;0;0;0;0;0;0;0;0;1;0;0;0;0
"26/11/2023";"03:39:00";"6";"Acidente s";"372";"BR-101/SC";"Sul";"Saída de pista";1;0;0;0;0;0;0;0;0;0;1;0;0;0;0
"26/11/2023";"15:42:00";"80";"Acidente s";"382";"BR-101/SC";"Norte";"Colisão - Traseira";0;0;0;2;0;0;0;0;0;0;4;0;0;0;0
"26/11/2023";"19:30:00";"109";"Acidente s";"432";"BR-101/SC";"Sul";"Colisão - Traseira";2;0;1;0;0;0;0;0;0;0;4;0;0;0;0
"26/11/2023";"20:12:00";"113";"Acidente s";"374";"BR-101/SC";"Norte";"Choque - Arvore";1;0;0;0;0;0;0;0;0;0;2;0;0;0;0
"26/11/2023";"21:59:00";"123";"Acidente s";"459";"BR-101/SC";"Norte";"Atropelamento de Animal";1;0;0;0;0;0;0;0;0;0;1;0;0;0;0
"27/11/2023";"09:14:00";"81";"Acidente c";"446";"BR-101/SC";"Sul";"Queda de moto";0;0;0;1;0;0;0;0;0;0;0;2;0;0;0
"27/11/2023";"14:19:00";"128";"Acidente c";"354";"BR-101/SC";"Sul";"Colisão - Traseira";2;0;0;0;0;0;0;0;0;0;3;1;0;0;0
"28/11/2023";"11:14:00";"81";"Acidente s";"328";"BR-101/SC";"Norte";"Saída de pista";1;0;0;0;0;0;0;0;0;0;1;0;0;0;0
"28/11/2023";"12:46:00";"93";"Acidente c";"281,9";"BR-101/SC";"Sul";"Colisão - Traseira";3;0;0;0;0;0;0;0;0;0;3;1;0;0;0
"28/11/2023";"12:53:00";"94";"Acidente s";"338,5";"BR-101/SC";"Norte";"Choque Barreira";1;0;0;0;0;0;0;0;0;0;1;0;0;0;0
"28/11/2023";"14:38:00";"100";"Acidente s";"383";"BR-101/SC";"Norte/Sul";"Saída de pista";0;0;2;0;0;0;0;0;0;0;1;0;0;0;0
"28/11/2023";"16:02:00";"106";"Acidente s";"256,2";"BR-101/SC";"Sul";"Saída de pista";1;0;0;0;0;0;0;0;0;0;1;0;0;0;0
"28/11/2023";"18:54:00";"119";"Acidente s";"287,8";"BR-101/SC";"Sul";"Colisão - Lateral";2;0;0;0;0;0;0;0;0;0;2;0;0;0;0
"28/11/2023";"21:10:00";"129";"Acidente c";"337";"BR-101/SC";"Sul";"Choque Barreira";1;0;0;0;0;0;0;0;0;0;0;1;0;0;0
"28/11/2023";"22:47:00";"133";"Acidente c";"257";"BR-101/SC";"Sul";"Colisão - Traseira";0;0;2;0;0;0;0;0;0;0;1;0;1;0;0
"28/11/2023";"23:12:00";"135";"Acidente s";"298";"BR-101/SC";"Norte";"Colisão - Traseira";1;0;0;0;0;0;0;0;0;0;1;0;0;0;0
"29/11/2023";"08:03:00";"31";"Acidente c";"333";"BR-101/SC";"Norte";"Colisão - Lateral";1;0;1;0;0;0;0;0;0;0;1;2;0;0;0
"29/11/2023";"16:44:00";"109";"Acidente s";"383";"BR-101/SC";"Norte";"Colisão - Traseira";0;0;2;0;0;0;0;0;0;0;2;0;0;0;0
"29/11/2023";"18:33:00";"115";"Acidente s";"284";"BR-101/SC";"Sul";"Colisão - Traseira";2;0;0;0;0;0;0;0;0;0;3;0;0;0;0
"29/11/2023";"20:11:00";"121";"Acidente s";"257";"BR-101/SC";"Sul";"Saída de pista";1;0;0;0;0;0;0;0;0;0;1;0;0;0;0
"30/11/2023";"00:22:00";"3";"Acidente s";"363";"BR-101/SC";"Norte";"Colisão - Traseira";0;0;2;0;0;0;0;0;0;0;2;0;0;0;0
"30/11/2023";"03:08:00";"8";"Acidente s";"304";"BR-101/SC";"Sul";"Choque Barreira";0;0;1;0;0;0;0;0;0;0;1;0;0;0;0
"01/12/2023";"03:30:00";"12";"Acidente c";"446";"BR-101/SC";"Sul";"Tombamento";0;0;0;0;0;0;0;1;0;0;0;0;1;0;0
"01/12/2023";"03:56:00";"13";"Acidente s";"280";"BR-101/SC";"Norte";"Saída de pista";1;0;0;0;0;0;0;0;0;0;3;0;0;0;0