data;horario;n_da_ocorrencia;tipo_de_ocorrencia;km;trecho;sentido;tipo_de_acidente;automovel;bicicleta;caminhao;moto;onibus;outros;tracao_animal;transporte_de_cargas_especiais;trator_maquinas;utilitarios;ilesos;levemente_feridos;moderadamente_feridos;gravemente_feridos;mortos
"28/12/2023";"10:52:00";"74";"Acidente c";"278";"BR-101/SC";"Sul";"Queda de moto";0;0;0;1;0;0;0;0;0;0;0;2;0;0;0
"28/12/2023";"14:33:00";"103";"Acidente c";"462";"BR-101/SC";"Norte";"Capotamento";1;0;0;0;0;0;0;0;0;0;2;0;2;0;0
"29/12/2023";"13:35:00";"88";"Acidente s";"404";"BR-101/SC";"Norte";"Colisão - Lateral";2;0;0;0;0;0;0;0;0;0;2;0;0;0;0
"29/12/2023";"17:34:00";"123";"Acidente s";"317";"BR-101/SC";"Norte";"Choque Defensa";1;0;0;0;0;0;0;0;0;0;1;0;0;0;0
"30/12/2023";"00:03:00";"2";"Acidente c";"345";"BR-101/SC";"Norte";"Saída de pista";1;0;0;0;0;0;0;0;0;0;0;1;1;0;0
"30/12/2023";"09:18:00";"44";"Acidente c";"249,95";"BR-101/SC";"Norte";"Capotamento";1;0;0;0;0;0;0;0;0;0;2;0;0;2;1
"30/12/2023";"10:23:00";"55";"Acidente s";"414";"BR-101/SC";"Norte";"Colisão - Traseira";2;0;0;0;0;0;0;0;0;0;2;0;0;0;0
"30/12/2023";"18:48:00";"113";"Acidente s";"404";"BR-101/SC";"Norte";"Colisão - Traseira";1;0;0;0;0;0;0;0;0;1;2;0;0;0;0
"30/12/2023";"19:47:00";"118";"Acidente s";"298";"BR-101/SC";"Sul";"Colisão - Traseira";1;0;0;0;0;0;0;0;0;1;3;0;0;0;0
"30/12/2023";"20:34:00";"123";"Acidente c";"293";"BR-101/SC";"Norte";"Colisão - Frontal";2;0;0;0;0;0;0;0;0;0;3;0;2;0;0
"30/12/2023";"21:41:00";"130";"Acidente s";"344";"BR-101/SC";"Norte";"Queda de moto";0;0;0;1;0;0;0;0;0;0;1;0;0;0;0
"30/12/2023";"21:55:00";"131";"Atropelame";"457";"BR-101/SC";"Norte";"Atropelamento - Funcionário";1;0;0;0;0;0;0;0;0;0;1;0;0;0;0
"30/12/2023";"23:44:00";"137";"Acidente s";"385";"BR-101/SC";"Norte";"Saída de pista";1;0;0;0;0;0;0;0;0;0;5;0;0;0;0
"31/12/2023";"04:44:00";"10";"Acidente s";"344";"BR-101/SC";"Sul";"Choque Barreira";1;0;0;0;0;0;0;0;0;0;1;0;0;0;0
"31/12/2023";"08:34:00";"28";"Acidente c";"297";"BR-101/SC";"Norte/Sul";"Colisão - Frontal";2;0;0;0;0;0;0;0;0;0;1;2;0;0;0
"31/12/2023";"12:15:00";"50";"Acidente c";"324";"BR-101/SC";"Norte";"Colisão - Traseira";1;0;0;1;0;0;0;0;0;0;2;0;1;0;0
"31/12/2023";"19:41:00";"87";"Acidente s";"341";"BR-101/SC";"Sul";"Saída de pista";1;0;0;0;0;0;0;0;0;0;1;0;0;0;0
"01/01/2024";"15:44:04";"92";"Sem vítima";"278,000";"BR-101/SC";"Crescente";"Acidentes de outra natureza";1;0;0;0;0;0;0;0;0;0;3;0;0;0;0
"01/01/2024";"15:56:48";"97";"Com vítima";"342,900";"BR-101/SC";"Decrescente";"Queda de moto";0;0;0;1;0;0;0;0;0;0;1;0;1;0;0
"01/01/2024";"17:41:10";"124";"Sem vítima";"321,660";"BR-101/SC";"Crescente";"Engavetamento";3;0;0;0;0;0;0;0;0;0;9;0;0;0;0
"01/01/2024";"18:49:48";"138";"Sem vítima";"320,000";"BR-101/SC";"Crescente";"Colisão traseira";2;0;0;0;0;0;0;0;0;0;4;0;0;0;0
"01/01/2024";"21:04:10";"155";"Com vítima";"303,000";"BR-101/SC";"Decrescente";"Atropelamento de animal";1;0;0;0;0;0;0;0;0;0;2;0;0;0;0
"02/01/2024";"12:06:07";"74";"Sem vítima";"457,000";"BR-101/SC";"Crescente";"Colisão lateral no mesmo sentido";1;0;1;0;0;0;0;0;0;0;2;0;0;0;0
"02/01/2024";"13:38:23";"85";"Sem vítima";"327,000";"BR-101/SC";"Crescente";"Colisão traseira";3;0;0;0;0;0;0;0;0;0;9;0;0;0;0
"02/01/2024";"15:24:29";"100";"Sem vítima";"453,000";"BR-101/SC";"Crescente";"Colisão traseira";3;0;0;0;0;0;0;0;0;0;10;0;0;0;0
"02/01/2024";"15:27:54";"101";"Com vítima";"307,000";"BR-101/SC";"Crescente";"Acidentes de outra natureza";0;0;1;0;0;0;0;0;0;0;0;0;1;0;0
"02/01/2024";"16:25:28";"110";"Sem vítima";"298,000";"BR-101/SC";"Crescente";"Colisão lateral no mesmo sentido";1;0;1;0;0;0;0;0;0;0;3;0;0;0;0
"03/01/2024";"00:04:00";"1";"Com vítima";"308,000";"BR-101/SC";"Decrescente";"Colisão lateral no mesmo sentido";1;0;0;1;0;0;0;0;0;0;1;0;0;1;0
"03/01/2024";"09:08:00";"44";"Com vítima";"257,000";"BR-101/SC";"Decrescente";"Capotamento";1;0;0;0;0;0;0;0;0;0;0;2;0;0;0
"03/01/2024";"10:55:02";"61";"Sem vítima";"297,000";"BR-101/SC";"Crescente";"Engavetamento";3;0;0;0;0;0;0;0;0;0;7;0;0;0;0
"03/01/2024";"11:45:52";"70";"Sem vítima";"297,000";"BR-101/SC";"Crescente";"Colisão traseira";2;0;0;0;0;0;0;0;0;0;4;0;0;0;0
"03/01/2024";"13:14:45";"76";"Sem vítima";"333,000";"BR-101/SC";"Crescente";"Colisão lateral no mesmo sentido";2;0;0;0;0;0;0;0;0;0;5;0;0;0;0
"03/01/2024";"16:53:58";"99";"Sem vítima";"395,000";"BR-101/SC";"Crescente";"Colisão traseira";3;0;0;0;0;0;0;0;0;0;9;0;0;0;0
"03/01/2024";"17:27:00";"105";"Sem vítima";"433,000";"BR-101/SC";"Crescente";"Colisão traseira";2;0;0;0;0;0;0;0;0;0;5;0;0;0;0
"03/01/2024";"22:17:00";"131";"Sem vítima";"260,000";"BR-101/SC";"Crescente";"Choque";1;0;0;0;0;0;0;0;0;0;2;0;0;0;0
"04/01/2024";"01:05:56";"3";"Sem vítima";"343,000";"BR-101/SC";"Crescente";"Acidentes de outra natureza";1;0;0;0;0;0;0;0;0;0;3;0;0;0;0
"04/01/2024";"06:35:00";"16";"Sem vítima";"384,000";"BR-101/SC";"Crescente";"Colisão lateral no mesmo sentido";1;0;1;0;0;0;0;0;0;0;2;0;0;0;0
"04/01/2024";"07:49:22";"41";"Sem vítima";"334,000";"BR-101/SC";"Decrescente";"Colisão lateral no mesmo sentido";2;0;0;0;0;0;0;0;0;0;3;0;0;0;0
"04/01/2024";"10:48:33";"63";"Sem vítima";"421,000";"BR-101/SC";"Decrescente";"Engavetamento";3;0;0;0;0;0;0;0;0;0;5;0;0;0;0
"04/01/2024";"12:41:10";"78";"Com vítima";"344,000";"BR-101/SC";"Crescente";"Capotamento";1;0;0;0;0;0;0;0;0;0;2;2;0;0;0
"04/01/2024";"15:49:00";"94";"Sem vítima";"397,000";"BR-101/SC";"Decrescente";"Capotamento";1;0;0;0;0;0;0;0;0;0;1;0;0;0;0
"05/01/2024";"08:23:00";"30";"Com vítima";"260,100";"BR-101/SC";"Crescente";"Acidentes de outra natureza";1;0;0;0;0;0;0;0;0;0;0;0;0;1;0
"05/01/2024";"09:06:20";"42";"Sem vítima";"362,800";"BR-101/SC";"Crescente";"Choque";1;0;0;0;0;0;0;0;0;0;1;0;0;0;0
"05/01/2024";"10:16:57";"55";"Sem vítima";"394,200";"BR-101/SC";"Crescente";"Acidentes de outra natureza";1;0;0;0;0;0;0;0;0;0;1;0;0;0;0
"05/01/2024";"10:43:22";"70";"Com vítima";"391,000";"BR-101/SC";"Decrescente";"Choque";0;0;0;0;0;0;0;0;0;0;0;0;0;0;0
"05/01/2024";"10:50:47";"72";"Com vítima";"361,100";"BR-101/SC";"Decrescente";"Colisão traseira";1;0;0;1;0;0;0;0;0;0;2;1;0;0;0
"05/01/2024";"13:42:38";"87";"Sem vítima";"256,000";"BR-101/SC";"Decrescente";"Acidentes de outra natureza";1;0;0;0;0;0;0;0;0;0;1;0;0;0;0
"05/01/2024";"14:54:37";"99";"Sem vítima";"355,000";"BR-101/SC";"Decrescente";"Colisão traseira";2;0;0;0;0;0;0;0;0;0;4;0;0;0;0
"05/01/2024";"15:00:00";"102";"Com vítima";"388,000";"BR-101/SC";"Crescente";"Acidentes de outra natureza";1;0;0;0;0;0;0;0;0;0;0;2;0;0;0
"05/01/2024";"17:53:07";"120";"Sem vítima";"259,000";"BR-101/SC";"Crescente";"Capotamento";1;0;0;0;0;0;0;0;0;0;1;0;0;0;0
"05/01/2024";"20:44:00";"127";"Sem vítima";"395,200";"BR-101/SC";"Crescente";"Acidentes de outra natureza";1;0;0;0;0;0;0;0;0;0;3;0;0;0;0
"06/01/2024";"03:00:00";"10";"Sem vítima";"287,000";"BR-101/SC";"Decrescente";"Acidentes de outra natureza";1;0;0;0;0;0;0;0;0;0;0;0;0;0;0
"06/01/2024";"05:16:00";"15";"Sem vítima";"376,400";"BR-101/SC";"Crescente";"Acidentes de outra natureza";1;0;0;0;0;0;0;0;0;0;1;0;0;0;0
"06/01/2024";"08:05:39";"26";"Com vítima";"435,000";"BR-101/SC";"Decrescente";"Colisão frontal";2;0;0;0;0;0;0;0;0;0;0;1;1;0;0
"06/01/2024";"10:43:40";"51";"Com vítima";"371,000";"BR-101/SC";"Decrescente";"Atropelamento de animal";1;0;0;0;0;0;0;0;0;0;1;0;0;0;0
"06/01/2024";"19:53:15";"99";"Sem vítima";"337,000";"BR-101/SC";"Crescente";"Colisão traseira";1;0;0;0;1;0;0;0;0;0;9;0;0;0;0
"07/01/2024";"05:13:21";"10";"Sem vítima";"457,000";"BR-101/SC";"Crescente";"Choque";1;0;0;0;0;0;0;0;0;0;1;0;0;0;0
"07/01/2024";"08:23:00";"28";"Com vítima";"327,000";"BR-101/SC";"Decrescente";"Colisão lateral no mesmo sentido";2;0;0;0;0;0;0;0;0;0;4;2;0;0;0
"07/01/2024";"09:56:20";"40";"Sem vítima";"266,000";"BR-101/SC";"Crescente";"Choque";1;0;0;0;0;0;0;0;0;0;1;0;0;0;0
"07/01/2024";"14:26:32";"65";"Sem vítima";"344,000";"BR-101/SC";"Crescente";"Colisão lateral no mesmo sentido";1;0;1;0;0;0;0;0;0;0;3;0;0;0;0
"07/01/2024";"16:26:00";"83";"Sem vítima";"361,000";"BR-101/SC";"Crescente";"Choque";1;0;0;0;0;0;0;0;0;0;1;0;0;0;0
"07/01/2024";"19:06:37";"104";"Sem vítima";"383,000";"BR-101/SC";"Crescente";"Acidentes de outra natureza";1;0;0;0;0;0;0;0;0;0;2;0;0;0;0
"07/01/2024";"19:16:12";"106";"Com vítima";"278,300";"BR-101/SC";"Crescente";"Atropelamento de animal";1;0;0;0;0;0;0;0;0;0;2;0;0;0;0
"07/01/2024";"19:32:00";"110";"Sem vítima";"314,000";"BR-101/SC";"Crescente";"Colisão traseira";2;0;0;0;0;0;0;0;0;0;3;0;0;0;0
"07/01/2024";"22:29:36";"120";"Sem vítima";"388,000";"BR-101/SC";"Crescente";"Capotamento";1;0;0;0;0;0;0;0;0;0;1;0;0;0;0
"08/01/2024";"00:55:53";"3";"Sem vítima";"382,000";"BR-101/SC";"Crescente";"Colisão traseira";2;0;0;0;0;0;0;0;0;0;6;0;0;0;0
"08/01/2024";"04:50:38";"11";"Sem vítima";"282,000";"BR-101/SC";"Crescente";"Acidentes de outra natureza";1;0;0;0;0;0;0;0;0;0;2;0;0;0;0
"08/01/2024";"07:38:49";"34";"Com vítima";"335,000";"BR-101/SC";"Decrescente";"Acidentes de outra natureza";1;0;0;0;0;0;0;0;0;0;1;0;0;0;0
"08/01/2024";"20:09:00";"150";"Sem vítima";"460,650";"BR-101/SC";"Decrescente";"Colisão lateral no mesmo sentido";1;0;0;0;0;0;0;0;0;0;2;0;0;0;0
"08/01/2024";"23:13:00";"158";"Sem vítima";"425,100";"BR-101/SC";"Decrescente";"Choque";1;0;0;0;0;0;0;0;0;0;1;0;0;0;0
"09/01/2024";"07:34:00";"30";"Sem vítima";"454,000";"BR-101/SC";"Crescente";"Choque";1;0;0;0;0;0;0;0;0;0;3;0;0;0;0
"09/01/2024";"12:36:00";"92";"Sem vítima";"336,000";"BR-101/SC";"Crescente";"Colisão traseira";1;0;0;0;0;0;0;0;0;0;5;0;0;0;0
"09/01/2024";"14:04:43";"104";"Sem vítima";"344,000";"BR-101/SC";"Crescente";"Colisão traseira";1;0;1;0;0;0;0;0;0;0;2;0;0;0;0
"09/01/2024";"17:56:00";"128";"Sem vítima";"380,000";"BR-101/SC";"Crescente";"Colisão transversal";2;0;1;0;0;0;0;0;0;0;4;0;0;0;0
"09/01/2024";"17:56:52";"129";"Com vítima";"330,000";"BR-101/SC";"Decrescente";"Colisão traseira";1;0;0;1;0;0;0;0;0;0;1;0;1;0;0
"09/01/2024";"23:19:00";"151";"Sem vítima";"359,800";"BR-101/SC";"Crescente";"Acidentes de outra natureza";1;0;0;0;0;0;0;0;0;0;2;0;0;0;0
"09/01/2024";"23:22:29";"152";"Sem vítima";"404,200";"BR-101/SC";"Decrescente";"Acidentes de outra natureza";1;0;0;0;0;0;0;0;0;0;1;0;0;0;0
"10/01/2024";"00:23:29";"2";"Sem vítima";"321,000";"BR-101/SC";"Decrescente";"Acidentes de outra natureza";1;0;0;0;0;0;0;0;0;0;1;0;0;0;0
"10/01/2024";"10:04:32";"75";"Sem vítima";"344,000";"BR-101/SC";"Crescente";"Colisão traseira";1;0;0;0;0;0;0;0;0;0;2;0;0;0;0
"10/01/2024";"10:38:55";"80";"Sem vítima";"275,900";"BR-101/SC";"Crescente";"Choque";4;0;0;0;0;0;0;0;0;0;12;0;0;0;0
"10/01/2024";"15:50:11";"119";"Sem vítima";"312,100";"BR-101/SC";"Decrescente";"Choque";1;0;0;0;0;0;0;0;0;0;1;0;0;0;0
"10/01/2024";"16:32:03";"123";"Sem vítima";"315,000";"BR-101/SC";"Decrescente";"Colisão traseira";2;0;0;0;0;0;0;0;0;0;2;0;0;0;0
"10/01/2024";"16:33:00";"125";"Sem vítima";"382,000";"BR-101/SC";"Decrescente";"Atropelamento de animal";1;0;0;0;0;0;0;0;0;0;1;0;0;0;0
"10/01/2024";"17:29:01";"128";"Com vítima";"328,000";"BR-101/SC";"Crescente";"Colisão traseira";1;0;0;1;0;0;0;0;0;0;1;0;1;0;0
"10/01/2024";"20:57:45";"141";"Sem vítima";"326,000";"BR-101/SC";"Crescente";"Choque";1;0;0;0;0;0;0;0;0;0;0;0;0;0;0
"10/01/2024";"22:27:49";"144";"Com vítima";"425,000";"BR-101/SC";"Decrescente";"Queda de moto";0;0;0;1;0;0;0;0;0;0;0;0;2;0;0
"10/01/2024";"23:13:14";"149";"Sem vítima";"415,000";"BR-101/SC";"Decrescente";"Colisão lateral no mesmo sentido";1;0;0;0;0;0;0;0;0;0;3;0;0;0;0
"11/01/2024";"10:28:00";"82";"Sem vítima";"447,000";"BR-101/SC";"Decrescente";"Colisão traseira";1;0;0;0;0;0;0;0;0;0;3;0;0;0;0
"11/01/2024";"14:57:28";"112";"Sem vítima";"361,400";"BR-101/SC";"Decrescente";"Choque";1;0;0;0;0;0;0;0;0;0;2;0;0;0;0
"11/01/2024";"16:32:00";"120";"Sem vítima";"323,000";"BR-101/SC";"Crescente";"Acidentes de outra natureza";1;0;0;0;0;0;0;0;0;0;3;0;0;0;0
"11/01/2024";"21:56:48";"148";"Com vítima";"274,000";"BR-101/SC";"Crescente";"Colisão traseira";2;0;0;0;0;0;0;0;0;0;2;2;0;0;0
"12/01/2024";"00:41:00";"2";"Sem vítima";"382,000";"BR-101/SC";"Decrescente";"Choque";1;0;0;0;0;0;0;0;0;0;5;0;0;0;0
"12/01/2024";"01:12:09";"6";"Com vítima";"432,000";"BR-101/SC";"Decrescente";"Choque";1;0;0;0;0;0;0;0;0;0;0;1;0;0;0
"12/01/2024";"05:12:29";"18";"Sem vítima";"392,000";"BR-101/SC";"Decrescente";"Acidentes de outra natureza";1;0;0;0;0;0;0;0;0;0;1;0;0;0;0
"12/01/2024";"15:15:54";"139";"Sem vítima";"454,000";"BR-101/SC";"Crescente";"Colisão traseira";2;0;0;0;0;0;0;0;0;0;5;0;0;0;0
"12/01/2024";"16:43:00";"151";"Sem vítima";"338,000";"BR-101/SC";"Decrescente";"Colisão transversal";2;0;0;0;0;0;0;0;0;0;3;0;0;0;0
"12/01/2024";"20:43:00";"168";"Sem vítima";"360,000";"BR-101/SC";"Crescente";"Choque";1;0;0;0;0;0;0;0;0;0;1;0;0;0;0
"12/01/2024";"20:52:18";"169";"Sem vítima";"360,000";"BR-101/SC";"Decrescente";"Choque";1;0;0;0;0;0;0;0;0;0;4;0;0;0;0
"13/01/2024";"02:01:23";"8";"Sem vítima";"310,000";"BR-101/SC";"Decrescente";"Engavetamento";0;0;3;0;0;0;0;0;0;0;3;0;0;0;0
"13/01/2024";"14:35:55";"96";"Sem vítima";"464,000";"BR-101/SC";"Decrescente";"Acidentes de outra natureza";1;0;0;0;0;0;0;0;0;0;2;0;0;0;0
"13/01/2024";"17:01:00";"112";"Sem vítima";"330,000";"BR-101/SC";"Decrescente";"Acidentes de outra natureza";1;0;0;0;0;0;0;0;0;0;3;0;0;0;0
"14/01/2024";"20:02:01";"114";"Sem vítima";"319,000";"BR-101/SC";"Crescente";"Colisão traseira";2;0;0;0;0;0;0;0;0;0;5;0;0;0;0
"14/01/2024";"23:13:00";"120";"Sem vítima";"446,000";"BR-101/SC";"Crescente";"Acidentes de outra natureza";1;0;0;0;0;0;0;0;0;0;1;0;0;0;0
"15/01/2024";"08:11:02";"45";"Sem vítima";"377,000";"BR-101/SC";"Decrescente";"Tombamento";0;0;1;0;0;0;0;0;0;0;1;0;0;0;0
"15/01/2024";"09:34:46";"58";"Sem vítima";"298,000";"BR-101/SC";"Crescente";"Choque";1;0;0;0;0;0;0;0;0;0;1;0;0;0;0
"15/01/2024";"10:13:00";"67";"Sem vítima";"379,500";"BR-101/SC";"Decrescente";"Engavetamento";3;0;0;0;0;0;0;0;0;0;6;0;0;0;0
"15/01/2024";"11:19:05";"74";"Com vítima";"358,900";"BR-101/SC";"Decrescente";"Engavetamento";2;0;0;1;0;0;0;0;0;0;6;0;1;0;0
"15/01/2024";"20:53:58";"140";"Sem vítima";"383,000";"BR-101/SC";"Crescente";"Choque";1;0;0;0;0;0;0;0;0;0;1;0;0;0;0
"16/01/2024";"14:25:21";"101";"Com vítima";"301,900";"BR-101/SC";"Decrescente";"Colisão traseira";1;0;0;0;0;0;0;0;0;0;0;1;0;0;0
"16/01/2024";"16:53:05";"117";"Com vítima";"441,100";"BR-101/SC";"Crescente";"Colisão lateral no mesmo sentido";1;0;0;1;0;0;0;0;0;0;0;2;0;0;0
"17/01/2024";"07:39:00";"37";"Sem vítima";"282,000";"BR-101/SC";"Crescente";"Acidentes de outra natureza";1;0;0;0;0;0;0;0;0;0;2;0;0;0;0
"17/01/2024";"13:20:19";"119";"Sem vítima";"395,000";"BR-101/SC";"Crescente";"Colisão traseira";2;0;0;0;0;0;0;0;0;0;2;0;0;0;0
"18/01/2024";"11:07:00";"70";"Sem vítima";"257,400";"BR-101/SC";"Decrescente";"Acidentes de outra natureza";1;0;0;0;0;0;0;0;0;0;1;0;0;0;0
"18/01/2024";"12:47:00";"88";"Sem vítima";"337,500";"BR-101/SC";"Decrescente";"Acidentes de outra natureza";1;0;0;0;0;0;0;0;0;0;1;0;0;0;0
"18/01/2024";"18:23:18";"117";"Sem vítima";"441,800";"BR-101/SC";"Crescente";"Choque";1;0;0;0;0;0;0;0;0;0;1;0;0;0;0
"19/01/2024";"07:58:54";"42";"Com vítima";"328,050";"BR-101/SC";"Crescente";"Colisão traseira";1;0;0;1;0;0;0;0;0;0;3;2;0;0;0
"19/01/2024";"16:59:16";"139";"Sem vítima";"319,800";"BR-101/SC";"Decrescente";"Colisão lateral no mesmo sentido";2;0;0;0;0;0;0;0;0;0;4;0;0;0;0
"19/01/2024";"19:44:49";"156";"Com vítima";"413,000";"BR-101/SC";"Crescente";"Atropelamento de pedestre";1;0;0;0;0;0;0;0;0;0;2;0;0;0;0
"19/01/2024";"22:06:42";"165";"Sem vítima";"404,800";"BR-101/SC";"Decrescente";"Acidentes de outra natureza";1;0;0;0;0;0;0;0;0;0;2;0;0;0;0
"20/01/2024";"08:01:47";"33";"Com vítima";"309,700";"BR-101/SC";"Crescente";"Capotamento";1;0;0;0;0;0;0;0;0;0;0;0;2;0;0
"20/01/2024";"10:36:00";"56";"Sem vítima";"273,000";"BR-101/SC";"Decrescente";"Colisão lateral no mesmo sentido";2;0;0;0;0;0;0;0;0;0;4;0;0;0;0
"20/01/2024";"13:11:00";"79";"Sem vítima";"330,700";"BR-101/SC";"Crescente";"Choque";1;0;0;0;0;0;0;0;0;0;2;0;0;0;0
"20/01/2024";"14:06:00";"83";"Com vítima";"361,000";"BR-101/SC";"Crescente";"Choque";1;0;0;0;0;0;0;0;0;0;2;2;0;0;0
"20/01/2024";"21:05:32";"111";"Sem vítima";"337,900";"BR-101/SC";"Crescente";"Capotamento";1;0;0;0;0;0;0;0;0;0;1;0;0;0;0
"21/01/2024";"01:07:31";"4";"Com vítima";"401,000";"BR-101/SC";"Crescente";"Queda de moto";0;0;0;1;0;0;0;0;0;0;0;0;1;0;0
"21/01/2024";"01:37:46";"6";"Sem vítima";"289,000";"BR-101/SC";"Decrescente";"Colisão traseira";2;0;0;0;0;0;0;0;0;0;2;0;0;0;0
"21/01/2024";"01:51:11";"7";"Sem vítima";"334,000";"BR-101/SC";"Crescente";"Colisão transversal";2;0;0;0;0;0;0;0;0;0;5;0;0;0;0
"21/01/2024";"04:12:48";"12";"Sem vítima";"291,000";"BR-101/SC";"Decrescente";"Colisão traseira";2;0;0;0;0;0;0;0;0;0;2;0;0;0;0
"21/01/2024";"05:19:16";"15";"Sem vítima";"423,000";"BR-101/SC";"Crescente";"Colisão traseira";1;0;0;0;0;0;0;0;0;0;2;0;0;0;0
"21/01/2024";"10:01:00";"32";"Com vítima";"382,850";"BR-101/SC";"Decrescente";"Capotamento";1;0;0;0;0;0;0;0;0;0;1;2;0;0;0
"21/01/2024";"10:43:13";"36";"Sem vítima";"272,700";"BR-101/SC";"Crescente";"Choque";1;0;0;0;0;0;0;0;0;0;4;0;0;0;0
"21/01/2024";"11:16:33";"41";"Com vítima";"306,000";"BR-101/SC";"Decrescente";"Choque";1;0;0;0;0;0;0;0;0;0;0;0;1;0;0
"21/01/2024";"12:54:32";"45";"Sem vítima";"338,300";"BR-101/SC";"Crescente";"Acidentes de outra natureza";1;0;0;0;0;0;0;0;0;0;3;0;0;0;0
"21/01/2024";"16:28:00";"63";"Sem vítima";"313,000";"BR-101/SC";"Crescente";"Colisão traseira";2;0;0;0;0;0;0;0;0;0;6;0;0;0;0
"21/01/2024";"21:49:31";"91";"Sem vítima";"359,000";"BR-101/SC";"Decrescente";"Acidentes de outra natureza";1;0;0;0;0;0;0;0;0;0;2;0;0;0;0
"22/01/2024";"00:53:51";"1";"Sem vítima";"380,000";"BR-101/SC";"Decrescente";"Acidentes de outra natureza";1;0;0;0;0;0;0;0;0;0;1;0;0;0;0
"22/01/2024";"08:26:09";"57";"Sem vítima";"364,400";"BR-101/SC";"Decrescente";"Acidentes de outra natureza";1;0;0;0;0;0;0;0;0;0;1;0;0;0;0
"22/01/2024";"12:05:52";"94";"Sem vítima";"251,000";"BR-101/SC";"Crescente";"Colisão lateral no mesmo sentido";0;0;2;0;0;0;0;0;0;0;2;0;0;0;0
"22/01/2024";"17:02:16";"125";"Sem vítima";"296,200";"BR-101/SC";"Crescente";"Atropelamento de animal";1;0;0;0;0;0;0;0;0;0;1;0;0;0;0
"22/01/2024";"17:02:16";"129";"Sem vítima";"296,200";"BR-101/SC";"Crescente";"Choque";1;0;0;0;0;0;0;0;0;0;1;0;0;0;0
"22/01/2024";"18:27:20";"136";"Sem vítima";"461,000";"BR-101/SC";"Decrescente";"Acidentes de outra natureza";1;0;0;0;0;0;0;0;0;0;1;0;0;0;0
"22/01/2024";"21:07:00";"150";"Com vítima";"435,000";"BR-101/SC";"Decrescente";"Queda de moto";0;0;0;1;0;0;0;0;0;0;0;2;0;0;0
"23/01/2024";"15:22:16";"132";"Sem vítima";"278,550";"BR-101/SC";"Crescente";"Colisão lateral no mesmo sentido";1;0;1;0;0;0;0;0;0;0;2;0;0;0;0
"23/01/2024";"17:03:29";"144";"Com vítima";"421,000";"BR-101/SC";"Crescente";"Colisão lateral no mesmo sentido";0;0;0;0;0;0;0;0;0;0;0;0;0;0;0
"24/01/2024";"09:06:46";"62";"Com vítima";"371,200";"BR-101/SC";"Decrescente";"Choque";1;0;0;0;0;0;0;0;0;0;0;1;0;0;1
"24/01/2024";"09:53:08";"73";"Com vítima";"436,420";"BR-101/SC";"Crescente";"Acidentes de outra natureza";1;0;0;0;0;0;0;0;0;0;2;0;0;0;0
"24/01/2024";"11:59:18";"89";"Sem vítima";"256,400";"BR-101/SC";"Crescente";"Capotamento";1;0;0;0;0;0;0;0;0;0;1;0;0;0;0
"24/01/2024";"12:12:00";"90";"Sem vítima";"258,200";"BR-101/SC";"Decrescente";"Choque";1;0;0;0;0;0;0;0;0;0;3;0;0;0;0
"24/01/2024";"12:34:17";"92";"Com vítima";"437,000";"BR-101/SC";"Crescente";"Capotamento";1;0;0;0;0;0;0;0;0;0;1;0;1;0;0
"24/01/2024";"15:59:08";"117";"Sem vítima";"289,000";"BR-101/SC";"Crescente";"Colisão traseira";2;0;0;0;0;0;0;0;0;0;3;0;0;0;0
"24/01/2024";"18:18:00";"136";"Sem vítima";"328,000";"BR-101/SC";"Crescente";"Colisão traseira";2;0;0;0;0;0;0;0;0;0;4;0;0;0;0
"24/01/2024";"18:29:00";"137";"Sem vítima";"277,000";"BR-101/SC";"Crescente";"Choque";1;0;0;0;0;0;0;0;0;0;2;0;0;0;0
"25/01/2024";"06:04:46";"12";"Sem vítima";"268,000";"BR-101/SC";"Decrescente";"Acidentes de outra natureza";1;0;0;0;0;0;0;0;0;0;2;0;0;0;0
"25/01/2024";"12:02:50";"89";"Sem vítima";"339,200";"BR-101/SC";"Decrescente";"Choque";1;0;0;0;0;0;0;0;0;0;3;0;0;0;0
"25/01/2024";"12:04:15";"90";"Sem vítima";"404,000";"BR-101/SC";"Decrescente";"Colisão traseira";2;0;0;0;0;0;0;0;0;0;3;0;0;0;0
"25/01/2024";"12:09:00";"91";"Sem vítima";"295,000";"BR-101/SC";"Crescente";"Choque";1;0;0;0;0;0;0;0;0;0;1;0;0;0;0
"25/01/2024";"14:09:00";"98";"Com vítima";"276,000";"BR-101/SC";"Crescente";"Choque";0;0;0;1;0;0;0;0;0;0;0;1;0;0;0
"25/01/2024";"17:19:16";"119";"Com vítima";"346,350";"BR-101/SC";"Decrescente";"Queda de moto";0;0;0;1;0;0;0;0;0;0;1;1;0;0;0