data;horario;n_da_ocorrencia;tipo_de_ocorrencia;km;trecho;sentido;tipo_de_acidente;automovel;bicicleta;caminhao;moto;onibus;outros;tracao_animal;transporte_de_cargas_especiais;trator_maquinas;utilitarios;ilesos;levemente_feridos;moderadamente_feridos;gravemente_feridos;mortos
"26/01/2024";"05:12:00";"6";"Sem vítima";"317,000";"BR-101/SC";"Decrescente";"Acidentes de outra natureza";1;0;0;0;0;0;0;0;0;0;1;0;0;0;0
"26/01/2024";"06:29:20";"8";"Com vítima";"253,000";"BR-101/SC";"Crescente";"Acidentes de outra natureza";0;0;0;0;0;0;0;0;0;0;0;0;0;0;0
"26/01/2024";"13:07:00";"89";"Sem vítima";"399,000";"BR-101/SC";"Decrescente";"Acidentes de outra natureza";1;0;0;0;0;0;0;0;0;0;1;0;0;0;0
"26/01/2024";"14:51:15";"99";"Com vítima";"285,600";"BR-101/SC";"Decrescente";"Acidentes de outra natureza";1;0;0;0;0;0;0;0;0;0;1;1;0;0;0
"26/01/2024";"15:10:00";"100";"Sem vítima";"336,000";"BR-101/SC";"Crescente";"Acidentes de outra natureza";1;0;0;0;0;0;0;0;0;0;3;0;0;0;0
"26/01/2024";"15:16:05";"101";"Sem vítima";"404,000";"BR-101/SC";"Decrescente";"Colisão lateral no mesmo sentido";0;0;1;0;0;0;0;0;0;0;1;0;0;0;0
"26/01/2024";"21:51:00";"131";"Sem vítima";"378,000";"BR-101/SC";"Crescente";"Acidentes de outra natureza";1;0;0;0;0;0;0;0;0;0;0;0;0;0;0
"27/01/2024";"08:20:00";"43";"Sem vítima";"327,800";"BR-101/SC";"Decrescente";"Acidentes de outra natureza";1;0;0;0;0;0;0;0;0;0;1;0;0;0;0
"27/01/2024";"12:22:38";"71";"Com vítima";"350,200";"BR-101/SC";"Crescente";"Acidentes de outra natureza";1;0;0;0;0;0;0;0;0;0;1;1;0;0;0
"27/01/2024";"14:07:58";"88";"Com vítima";"334,500";"BR-101/SC";"Decrescente";"Colisão lateral no mesmo sentido";1;0;1;0;0;0;0;0;0;0;3;1;0;0;0
"27/01/2024";"18:44:22";"119";"Com vítima";"298,000";"BR-101/SC";"Crescente";"Choque";1;0;0;0;0;0;0;0;0;0;1;1;0;0;0
"27/01/2024";"18:59:00";"121";"Sem vítima";"362,200";"BR-101/SC";"Decrescente";"Choque";1;0;0;0;0;0;0;0;0;0;3;0;0;0;0
"27/01/2024";"19:07:32";"123";"Com vítima";"404,000";"BR-101/SC";"Crescente";"Queda de moto";0;0;0;1;0;0;0;0;0;0;0;1;0;0;0
"27/01/2024";"20:08:12";"124";"Sem vítima";"344,000";"BR-101/SC";"Crescente";"Choque";1;0;0;0;0;0;0;0;0;0;1;0;0;0;0
"27/01/2024";"20:11:00";"125";"Com vítima";"331,000";"BR-101/SC";"Crescente";"Queda de moto";0;0;0;1;0;0;0;0;0;0;0;0;1;0;0
"28/01/2024";"00:03:36";"1";"Com vítima";"371,000";"BR-101/SC";"Crescente";"Colisão frontal";3;0;0;0;0;0;0;0;0;0;5;3;0;0;0
"28/01/2024";"01:14:52";"5";"Sem vítima";"374,000";"BR-101/SC";"Decrescente";"Capotamento";1;0;0;0;0;0;0;0;0;0;3;0;0;0;0
"28/01/2024";"17:37:02";"80";"Sem vítima";"258,600";"BR-101/SC";"Decrescente";"Choque";1;0;0;0;0;0;0;0;0;0;3;0;0;0;0
"28/01/2024";"19:54:27";"93";"Com vítima";"331,200";"BR-101/SC";"Decrescente";"Colisão transversal";1;0;0;1;0;0;0;0;0;0;1;1;0;0;0
"28/01/2024";"21:12:51";"98";"Sem vítima";"342,000";"BR-101/SC";"Crescente";"Queda de moto";0;0;0;1;0;0;0;0;0;0;1;0;0;0;0
"28/01/2024";"22:19:32";"100";"Com vítima";"402,000";"BR-101/SC";"Decrescente";"Colisão transversal";1;0;1;0;0;0;0;0;0;0;3;0;1;0;0
"29/01/2024";"10:18:02";"73";"Sem vítima";"298,000";"BR-101/SC";"Crescente";"Colisão traseira";2;0;0;0;0;0;0;0;0;0;4;0;0;0;0
"29/01/2024";"10:47:00";"79";"Sem vítima";"358,700";"BR-101/SC";"Crescente";"Choque";1;0;0;0;0;0;0;0;0;0;1;0;0;0;0
"29/01/2024";"10:58:07";"80";"Sem vítima";"357,900";"BR-101/SC";"Crescente";"Colisão traseira";2;0;0;0;0;0;0;0;0;0;3;0;0;0;0
"29/01/2024";"11:08:49";"81";"Sem vítima";"307,500";"BR-101/SC";"Decrescente";"Colisão traseira";2;0;0;0;0;0;0;0;0;0;5;0;0;0;0
"29/01/2024";"11:12:29";"83";"Com vítima";"357,200";"BR-101/SC";"Crescente";"Engavetamento";6;0;0;0;0;0;0;0;0;0;9;1;0;0;0
"29/01/2024";"14:40:52";"113";"Sem vítima";"381,600";"BR-101/SC";"Crescente";"Colisão traseira";1;0;0;0;0;0;0;0;0;0;1;0;0;0;0
"30/01/2024";"03:46:00";"12";"Sem vítima";"423,000";"BR-101/SC";"Decrescente";"Capotamento";1;0;0;0;0;0;0;0;0;0;1;0;0;0;0
"30/01/2024";"10:16:00";"94";"Sem vítima";"295,000";"BR-101/SC";"Crescente";"Engavetamento";3;0;1;0;0;0;0;0;0;0;7;0;0;0;0
"30/01/2024";"11:50:00";"103";"Sem vítima";"396,822";"BR-101/SC";"Decrescente";"Choque";1;0;0;0;0;0;0;0;0;0;3;0;0;0;0
"30/01/2024";"12:10:10";"106";"Com vítima";"294,303";"BR-101/SC";"Crescente";"Colisão traseira";1;0;1;0;0;0;0;0;0;0;3;1;0;0;0
"30/01/2024";"13:01:20";"110";"Sem vítima";"372,230";"BR-101/SC";"Crescente";"Colisão traseira";2;0;0;0;0;0;0;0;0;0;4;0;0;0;0
"30/01/2024";"15:00:44";"126";"Sem vítima";"341,000";"BR-101/SC";"Decrescente";"Queda de moto";0;0;0;1;0;0;0;0;0;0;1;0;0;0;0
"30/01/2024";"15:05:00";"127";"Sem vítima";"392,000";"BR-101/SC";"Crescente";"Engavetamento";3;0;0;0;0;0;0;0;0;0;6;0;0;0;0
"30/01/2024";"19:37:39";"153";"Sem vítima";"332,000";"BR-101/SC";"Decrescente";"Acidentes de outra natureza";1;0;0;0;0;0;0;0;0;0;1;0;0;0;0
"30/01/2024";"22:48:27";"167";"Sem vítima";"312,000";"BR-101/SC";"Crescente";"Choque";4;0;0;0;0;0;0;0;0;0;4;0;0;0;0
"31/01/2024";"11:22:50";"108";"Sem vítima";"342,000";"BR-101/SC";"Decrescente";"Colisão traseira";2;0;0;0;0;0;0;0;0;0;3;0;0;0;0
"31/01/2024";"16:04:09";"142";"Sem vítima";"457,000";"BR-101/SC";"Crescente";"Colisão traseira";2;0;0;0;0;0;0;0;0;0;6;0;0;0;0
"31/01/2024";"20:50:05";"174";"Sem vítima";"350,000";"BR-101/SC";"Decrescente";"Colisão traseira";1;0;1;0;0;0;0;0;0;0;2;0;0;0;0
"01/02/2024";"10:22:17";"90";"Sem vítima";"344,000";"BR-101/SC";"Decrescente";"Colisão traseira";1;0;1;0;0;0;0;0;0;0;2;0;0;0;0
"01/02/2024";"13:37:27";"110";"Sem vítima";"349,000";"BR-101/SC";"Crescente";"Engavetamento";4;0;0;0;0;0;0;0;0;0;13;0;0;0;0
"01/02/2024";"13:39:32";"111";"Sem vítima";"436,000";"BR-101/SC";"Decrescente";"Acidentes de outra natureza";0;0;0;0;1;0;0;0;0;0;0;0;0;0;0
"01/02/2024";"13:59:00";"112";"Sem vítima";"344,000";"BR-101/SC";"Decrescente";"Colisão traseira";1;0;1;0;0;0;0;0;0;0;5;0;0;0;0
"01/02/2024";"17:24:49";"140";"Sem vítima";"297,000";"BR-101/SC";"Crescente";"Colisão traseira";2;0;0;0;0;0;0;0;0;0;3;0;0;0;0
"01/02/2024";"18:42:19";"159";"Sem vítima";"383,000";"BR-101/SC";"Decrescente";"Choque";1;0;0;0;0;0;0;0;0;0;1;0;0;0;0
"01/02/2024";"22:51:00";"179";"Com vítima";"411,000";"BR-101/SC";"Decrescente";"Choque";1;0;0;0;0;0;0;0;0;0;0;1;0;0;0
"02/02/2024";"07:46:48";"43";"Com vítima";"328,800";"BR-101/SC";"Crescente";"Colisão traseira";2;0;0;0;0;0;0;0;0;0;5;1;0;0;0
"02/02/2024";"08:33:14";"68";"Sem vítima";"340,800";"BR-101/SC";"Crescente";"Colisão traseira";3;0;0;0;0;0;0;0;0;0;8;0;0;0;0
"02/02/2024";"09:05:23";"79";"Com vítima";"429,200";"BR-101/SC";"Crescente";"Acidentes de outra natureza";0;1;0;0;0;0;0;0;0;0;0;0;0;0;0
"02/02/2024";"11:08:03";"97";"Sem vítima";"368,050";"BR-101/SC";"Crescente";"Colisão traseira";3;0;0;0;0;0;0;0;0;0;8;0;0;0;0
"02/02/2024";"12:52:13";"110";"Sem vítima";"365,800";"BR-101/SC";"Decrescente";"Colisão traseira";1;0;0;0;0;0;0;0;0;0;1;0;0;0;0
"02/02/2024";"14:57:38";"124";"Sem vítima";"428,050";"BR-101/SC";"Crescente";"Colisão lateral no mesmo sentido";1;0;1;0;0;0;0;0;0;0;3;0;0;0;0
"02/02/2024";"15:40:55";"128";"Sem vítima";"281,800";"BR-101/SC";"Decrescente";"Choque";1;0;0;0;0;0;0;0;0;0;1;0;0;0;0
"02/02/2024";"19:43:00";"153";"Sem vítima";"418,000";"BR-101/SC";"Decrescente";"Colisão lateral no mesmo sentido";1;0;1;0;0;0;0;0;0;0;5;0;0;0;0
"02/02/2024";"20:02:00";"157";"Com vítima";"361,000";"BR-101/SC";"Crescente";"Colisão frontal";1;0;0;1;0;0;0;0;0;0;2;0;1;1;0
"03/02/2024";"03:45:00";"7";"Com vítima";"277,000";"BR-101/SC";"Decrescente";"Acidentes de outra natureza";1;0;0;0;0;0;0;0;0;0;0;0;1;0;0
"03/02/2024";"11:28:00";"58";"Com vítima";"287,700";"BR-101/SC";"Crescente";"Choque";1;0;0;0;0;0;0;0;0;0;0;1;0;0;0
"03/02/2024";"15:10:30";"84";"Sem vítima";"304,900";"BR-101/SC";"Crescente";"Colisão traseira";2;0;0;0;0;0;0;0;0;0;3;0;0;0;0
"03/02/2024";"19:08:10";"113";"Com vítima";"295,000";"BR-101/SC";"Crescente";"Capotamento";1;0;0;0;0;0;0;0;0;0;0;0;0;0;1
"04/02/2024";"07:30:10";"19";"Sem vítima";"302,200";"BR-101/SC";"Decrescente";"Colisão traseira";1;0;0;0;0;0;0;0;0;0;2;0;0;0;0
"04/02/2024";"18:00:24";"97";"Sem vítima";"298,000";"BR-101/SC";"Crescente";"Colisão traseira";2;0;0;0;0;0;0;0;0;0;3;0;0;0;0
"04/02/2024";"22:48:00";"123";"Sem vítima";"366,000";"BR-101/SC";"Crescente";"Choque";1;0;0;0;0;0;0;0;0;0;3;0;0;0;0
"05/02/2024";"15:19:06";"123";"Com vítima";"333,150";"BR-101/SC";"Decrescente";"Colisão traseira";1;0;0;1;0;0;0;0;0;0;1;1;0;0;0
"05/02/2024";"23:58:55";"158";"Sem vítima";"399,000";"BR-101/SC";"Crescente";"Colisão traseira";0;0;1;1;0;0;0;0;0;0;2;0;0;0;0
"06/02/2024";"01:29:00";"4";"Sem vítima";"280,000";"BR-101/SC";"Crescente";"Acidentes de outra natureza";1;0;0;0;0;0;0;0;0;0;1;0;0;0;0
"06/02/2024";"06:51:26";"22";"Com vítima";"333,100";"BR-101/SC";"Crescente";"Queda de moto";0;0;0;1;0;0;0;0;0;0;0;1;0;0;0
"06/02/2024";"07:40:16";"43";"Com vítima";"328,100";"BR-101/SC";"Crescente";"Colisão traseira";1;0;0;1;0;0;0;0;0;0;1;1;0;0;0
"06/02/2024";"08:14:00";"57";"Sem vítima";"297,000";"BR-101/SC";"Decrescente";"Colisão traseira";2;0;0;0;0;0;0;0;0;0;2;0;0;0;0
"06/02/2024";"10:28:00";"88";"Com vítima";"309,000";"BR-101/SC";"Decrescente";"Queda de moto";0;0;0;1;0;0;0;0;0;0;0;1;0;0;0
"06/02/2024";"13:21:56";"109";"Sem vítima";"381,000";"BR-101/SC";"Crescente";"Colisão lateral no mesmo sentido";1;0;1;0;0;0;0;0;0;0;3;0;0;0;0
"06/02/2024";"16:33:36";"128";"Com vítima";"282,000";"BR-101/SC";"Crescente";"Choque";1;0;0;0;0;0;0;0;0;0;0;0;1;0;0
"06/02/2024";"18:05:55";"135";"Sem vítima";"335,000";"BR-101/SC";"Crescente";"Colisão traseira";1;0;1;0;0;0;0;0;0;0;2;0;0;0;0
"06/02/2024";"18:44:25";"140";"Com vítima";"426,150";"BR-101/SC";"Crescente";"Colisão transversal";2;0;0;0;0;0;0;0;0;0;3;0;1;0;0
"06/02/2024";"19:27:15";"147";"Com vítima";"335,000";"BR-101/SC";"Crescente";"Choque";1;0;0;0;0;0;0;0;0;0;0;1;0;1;0
"06/02/2024";"21:15:00";"156";"Sem vítima";"390,000";"BR-101/SC";"Crescente";"Colisão traseira";1;0;0;0;0;0;0;0;0;0;2;0;0;0;0
"06/02/2024";"23:33:37";"164";"Sem vítima";"260,000";"BR-101/SC";"Crescente";"Choque";1;0;0;0;0;0;0;0;0;0;1;0;0;0;0
"07/02/2024";"01:39:09";"3";"Sem vítima";"350,300";"BR-101/SC";"Crescente";"Acidentes de outra natureza";1;0;0;0;0;0;0;0;0;0;1;0;0;0;0
"07/02/2024";"06:00:20";"11";"Sem vítima";"298,000";"BR-101/SC";"Decrescente";"Colisão traseira";0;0;2;0;0;0;0;0;0;0;3;0;0;0;0
"07/02/2024";"06:35:56";"14";"Sem vítima";"245,800";"BR-101/SC";"Decrescente";"Capotamento";1;0;0;0;0;0;0;0;0;0;1;0;0;0;0
"07/02/2024";"06:59:31";"18";"Sem vítima";"414,300";"BR-101/SC";"Decrescente";"Capotamento";1;0;0;0;0;0;0;0;0;0;3;0;0;0;0
"07/02/2024";"09:19:15";"64";"Sem vítima";"397,100";"BR-101/SC";"Crescente";"Colisão traseira";2;0;0;0;0;0;0;0;0;0;5;0;0;0;0
"07/02/2024";"14:58:20";"118";"Sem vítima";"404,000";"BR-101/SC";"Crescente";"Colisão traseira";1;0;1;0;0;0;0;0;0;0;4;0;0;0;0
"07/02/2024";"18:03:00";"138";"Com vítima";"317,400";"BR-101/SC";"Decrescente";"Acidentes de outra natureza";1;0;0;0;0;0;0;0;0;0;1;0;0;0;0
"08/02/2024";"03:21:00";"10";"Sem vítima";"384,000";"BR-101/SC";"Crescente";"Acidentes de outra natureza";1;0;0;0;0;0;0;0;0;0;1;0;0;0;0
"08/02/2024";"08:41:48";"63";"Sem vítima";"336,500";"BR-101/SC";"Crescente";"Colisão traseira";1;0;1;0;0;0;0;0;0;0;3;0;0;0;0
"08/02/2024";"17:59:03";"125";"Com vítima";"332,000";"BR-101/SC";"Decrescente";"Colisão lateral no mesmo sentido";1;0;0;1;0;0;0;0;0;0;1;1;0;0;0
"08/02/2024";"20:30:00";"146";"Sem vítima";"457,000";"BR-101/SC";"Crescente";"Colisão lateral no mesmo sentido";1;0;1;0;0;0;0;0;0;0;2;0;0;0;0
"09/02/2024";"00:58:42";"5";"Com vítima";"327,000";"BR-101/SC";"Decrescente";"Queda de moto";0;0;0;1;0;0;0;0;0;0;0;1;0;0;0
"09/02/2024";"03:58:23";"11";"Com vítima";"307,000";"BR-101/SC";"Crescente";"Colisão traseira";0;0;2;0;0;0;0;0;0;0;2;0;1;0;0
"09/02/2024";"11:23:00";"101";"Sem vítima";"355,400";"BR-101/SC";"Decrescente";"Engavetamento";5;0;0;0;0;0;0;0;0;0;8;0;0;0;0
"09/02/2024";"14:23:00";"124";"Sem vítima";"358,000";"BR-101/SC";"Decrescente";"Engavetamento";1;0;0;0;0;0;0;0;0;0;1;0;0;0;0
"09/02/2024";"19:32:24";"161";"Sem vítima";"404,200";"BR-101/SC";"Crescente";"Colisão traseira";2;0;0;0;0;0;0;0;0;0;5;0;0;0;0
"09/02/2024";"20:14:54";"167";"Com vítima";"441,700";"BR-101/SC";"Crescente";"Colisão traseira";0;0;2;0;0;0;0;0;0;0;1;0;0;1;0
"09/02/2024";"20:49:00";"174";"Sem vítima";"425,400";"BR-101/SC";"Decrescente";"Colisão lateral no mesmo sentido";1;0;0;0;0;0;0;0;0;0;1;0;0;0;0
"09/02/2024";"22:49:00";"181";"Com vítima";"325,000";"BR-101/SC";"Decrescente";"Queda de moto";0;0;0;1;0;0;0;0;0;0;0;2;0;0;0
"10/02/2024";"02:29:12";"8";"Sem vítima";"367,000";"BR-101/SC";"Decrescente";"Acidentes de outra natureza";1;0;0;0;0;0;0;0;0;0;1;0;0;0;0
"10/02/2024";"04:23:03";"15";"Sem vítima";"309,700";"BR-101/SC";"Decrescente";"Acidentes de outra natureza";1;0;0;0;0;0;0;0;0;0;2;0;0;0;0
"10/02/2024";"06:18:21";"20";"Sem vítima";"404,000";"BR-101/SC";"Decrescente";"Colisão lateral no mesmo sentido";2;0;0;0;0;0;0;0;0;0;3;0;0;0;0
"10/02/2024";"09:48:01";"51";"Sem vítima";"336,000";"BR-101/SC";"Crescente";"Colisão traseira";1;0;1;0;0;0;0;0;0;0;5;0;0;0;0
"10/02/2024";"09:58:01";"53";"Sem vítima";"348,000";"BR-101/SC";"Decrescente";"Engavetamento";3;0;0;0;0;0;0;0;0;0;9;0;0;0;0
"10/02/2024";"10:36:22";"56";"Sem vítima";"367,000";"BR-101/SC";"Decrescente";"Colisão traseira";2;0;0;0;0;0;0;0;0;0;2;0;0;0;0
"10/02/2024";"10:56:27";"59";"Sem vítima";"331,000";"BR-101/SC";"Decrescente";"Colisão traseira";2;0;0;0;0;0;0;0;0;0;4;0;0;0;0
"10/02/2024";"13:47:00";"83";"Com vítima";"316,000";"BR-101/SC";"Crescente";"Queda de moto";0;0;0;1;0;0;0;0;0;0;0;2;0;0;0
"10/02/2024";"14:58:01";"93";"Sem vítima";"260,000";"BR-101/SC";"Decrescente";"Colisão lateral no mesmo sentido";1;0;0;0;0;0;0;0;0;0;2;0;0;0;0
"10/02/2024";"18:22:00";"116";"Com vítima";"330,000";"BR-101/SC";"Decrescente";"Queda de moto";0;0;0;1;0;0;0;0;0;0;1;1;0;0;0
"10/02/2024";"23:45:01";"146";"Sem vítima";"400,000";"BR-101/SC";"Crescente";"Colisão transversal";2;0;0;0;0;0;0;0;0;0;3;0;0;0;0
"11/02/2024";"01:25:03";"10";"Sem vítima";"252,000";"BR-101/SC";"Crescente";"Colisão traseira";1;0;0;0;0;0;0;0;0;0;1;0;0;0;0
"11/02/2024";"04:15:03";"16";"Sem vítima";"330,000";"BR-101/SC";"Decrescente";"Choque";1;0;0;0;0;0;0;0;0;0;2;0;0;0;0
"11/02/2024";"06:14:51";"22";"Com vítima";"330,600";"BR-101/SC";"Crescente";"Colisão lateral no mesmo sentido";0;0;0;2;0;0;0;0;0;0;0;0;2;0;0
"11/02/2024";"10:39:36";"46";"Sem vítima";"331,200";"BR-101/SC";"Crescente";"Acidentes de outra natureza";1;0;0;0;0;0;0;0;0;0;2;0;0;0;0
"12/02/2024";"00:51:00";"4";"Sem vítima";"305,000";"BR-101/SC";"Crescente";"Capotamento";1;0;0;0;0;0;0;0;0;0;2;0;0;0;0
"12/02/2024";"11:39:41";"73";"Sem vítima";"413,000";"BR-101/SC";"Decrescente";"Choque";1;0;0;0;0;0;0;0;0;0;1;0;0;0;0
"12/02/2024";"11:45:56";"74";"Sem vítima";"323,000";"BR-101/SC";"Decrescente";"Colisão traseira";2;0;0;0;0;0;0;0;0;0;4;0;0;0;0
"12/02/2024";"17:05:42";"115";"Com vítima";"437,000";"BR-101/SC";"Decrescente";"Capotamento";1;0;0;0;0;0;0;0;0;0;0;1;0;0;0
"12/02/2024";"17:45:54";"118";"Sem vítima";"298,000";"BR-101/SC";"Crescente";"Engavetamento";2;0;1;0;0;0;0;0;0;0;7;0;0;0;0
"12/02/2024";"19:38:46";"131";"Sem vítima";"286,000";"BR-101/SC";"Decrescente";"Choque";1;0;0;0;0;0;0;0;0;0;0;0;0;0;0
"13/02/2024";"06:28:55";"12";"Com vítima";"374,000";"BR-101/SC";"Crescente";"Acidentes de outra natureza";1;0;0;0;0;0;0;0;0;0;0;1;1;0;0
"13/02/2024";"06:29:00";"13";"Com vítima";"398,000";"BR-101/SC";"Crescente";"Colisão traseira";1;0;0;1;0;0;0;0;0;0;2;0;1;0;0
"13/02/2024";"11:07:00";"50";"Sem vítima";"272,500";"BR-101/SC";"Crescente";"Engavetamento";3;0;0;0;0;0;0;0;0;0;5;0;0;0;0
"13/02/2024";"11:51:57";"56";"Sem vítima";"313,000";"BR-101/SC";"Decrescente";"Colisão lateral no mesmo sentido";1;0;1;0;0;0;0;0;0;0;4;0;0;0;0
"13/02/2024";"15:49:40";"80";"Com vítima";"369,000";"BR-101/SC";"Crescente";"Choque";1;0;0;0;0;0;0;0;0;0;2;0;2;0;0
"13/02/2024";"16:29:29";"84";"Sem vítima";"374,300";"BR-101/SC";"Decrescente";"Choque";1;0;0;0;0;0;0;0;0;0;2;0;0;0;0
"13/02/2024";"18:17:01";"94";"Com vítima";"306,700";"BR-101/SC";"Decrescente";"Capotamento";1;0;0;0;0;0;0;0;0;0;0;1;0;1;0
"13/02/2024";"21:14:53";"113";"Sem vítima";"391,000";"BR-101/SC";"Crescente";"Acidentes de outra natureza";1;0;0;0;0;0;0;0;0;0;3;0;0;0;0
"14/02/2024";"05:45:47";"13";"Sem vítima";"335,000";"BR-101/SC";"Crescente";"Capotamento";1;0;0;0;0;0;0;0;0;0;2;0;0;0;0
"14/02/2024";"05:55:02";"15";"Sem vítima";"272,000";"BR-101/SC";"Decrescente";"Acidentes de outra natureza";1;0;0;0;0;0;0;0;0;0;1;0;0;0;0
"14/02/2024";"07:20:44";"41";"Com vítima";"450,200";"BR-101/SC";"Crescente";"Choque";1;0;0;0;0;0;0;0;0;0;0;1;0;0;2
"14/02/2024";"08:43:00";"57";"Sem vítima";"326,450";"BR-101/SC";"Crescente";"Engavetamento";3;0;0;0;0;0;0;0;0;0;8;0;0;0;0
"14/02/2024";"09:27:49";"72";"Sem vítima";"450,100";"BR-101/SC";"Crescente";"Colisão traseira";1;0;1;0;0;0;0;0;0;0;2;0;0;0;0
"14/02/2024";"09:55:44";"78";"Sem vítima";"450,350";"BR-101/SC";"Crescente";"Colisão traseira";2;0;0;0;0;0;0;0;0;0;4;0;0;0;0
"14/02/2024";"10:07:59";"80";"Sem vítima";"335,000";"BR-101/SC";"Decrescente";"Acidentes de outra natureza";1;0;0;0;0;0;0;0;0;0;4;0;0;0;0
"14/02/2024";"10:15:00";"81";"Sem vítima";"271,400";"BR-101/SC";"Crescente";"Acidentes de outra natureza";1;0;0;0;0;0;0;0;0;0;2;0;0;0;0
"14/02/2024";"20:37:38";"149";"Sem vítima";"307,000";"BR-101/SC";"Decrescente";"Colisão traseira";1;0;0;0;0;0;0;0;0;0;2;0;0;0;0
"15/02/2024";"07:17:02";"35";"Sem vítima";"371,000";"BR-101/SC";"Decrescente";"Acidentes de outra natureza";1;0;0;0;0;0;0;0;0;0;3;0;0;0;0
"15/02/2024";"09:47:37";"78";"Com vítima";"377,500";"BR-101/SC";"Crescente";"Acidentes de outra natureza";1;0;0;0;0;0;0;0;0;0;2;1;0;0;0
"15/02/2024";"13:58:00";"114";"Sem vítima";"385,000";"BR-101/SC";"Crescente";"Acidentes de outra natureza";1;0;0;0;0;0;0;0;0;0;1;0;0;0;0
"15/02/2024";"14:58:02";"116";"Sem vítima";"334,000";"BR-101/SC";"Decrescente";"Queda de moto";0;0;0;1;0;0;0;0;0;0;1;0;0;0;0
"15/02/2024";"15:01:42";"118";"Sem vítima";"457,000";"BR-101/SC";"Decrescente";"Colisão traseira";1;0;0;0;0;0;0;0;0;0;1;0;0;0;0
"15/02/2024";"17:05:00";"133";"Com vítima";"396,000";"BR-101/SC";"Decrescente";"Colisão traseira";0;0;2;0;0;0;0;0;0;0;1;0;0;1;0
"15/02/2024";"20:21:33";"155";"Sem vítima";"399,000";"BR-101/SC";"Decrescente";"Colisão lateral no mesmo sentido";1;0;1;0;0;0;0;0;0;0;2;0;0;0;0
"16/02/2024";"08:15:34";"54";"Sem vítima";"344,000";"BR-101/SC";"Decrescente";"Colisão traseira";2;0;0;0;0;0;0;0;0;0;2;0;0;0;0
"16/02/2024";"11:59:00";"91";"Sem vítima";"433,700";"BR-101/SC";"Decrescente";"Colisão traseira";2;0;0;0;0;0;0;0;0;0;2;0;0;0;0
"16/02/2024";"21:45:00";"144";"Sem vítima";"444,000";"BR-101/SC";"Decrescente";"Colisão transversal";1;0;0;1;0;0;0;0;0;0;2;0;0;0;0
"17/02/2024";"12:22:31";"63";"Sem vítima";"337,000";"BR-101/SC";"Decrescente";"Choque";1;0;0;0;0;0;0;0;0;0;2;0;0;0;0
"17/02/2024";"14:18:31";"73";"Sem vítima";"404,000";"BR-101/SC";"Crescente";"Colisão traseira";1;0;0;0;0;0;0;0;0;0;2;0;0;0;0
"17/02/2024";"17:53:11";"87";"Com vítima";"307,300";"BR-101/SC";"Decrescente";"Colisão lateral no mesmo sentido";2;0;1;0;0;0;0;0;0;0;5;0;1;0;0
"17/02/2024";"19:00:44";"96";"Sem vítima";"340,000";"BR-101/SC";"Decrescente";"Choque";0;0;0;0;0;0;0;0;0;1;1;0;0;0;0
"18/02/2024";"00:12:00";"2";"Sem vítima";"369,000";"BR-101/SC";"Decrescente";"Colisão lateral no mesmo sentido";1;0;1;0;0;0;0;0;0;0;3;0;0;0;0
"18/02/2024";"04:49:24";"5";"Com vítima";"428,000";"BR-101/SC";"Crescente";"Capotamento";1;0;0;0;0;0;0;0;0;0;2;0;2;0;0
"18/02/2024";"06:50:00";"11";"Sem vítima";"404,000";"BR-101/SC";"Crescente";"Colisão traseira";1;0;1;0;0;0;0;0;0;0;2;0;0;0;0
"18/02/2024";"08:13:11";"17";"Sem vítima";"439,950";"BR-101/SC";"Decrescente";"Choque";1;0;0;0;0;0;0;0;0;0;1;0;0;0;0
"18/02/2024";"15:35:13";"66";"Sem vítima";"336,000";"BR-101/SC";"Crescente";"Engavetamento";2;0;0;0;0;0;0;0;0;0;5;0;0;0;0
"18/02/2024";"19:47:25";"86";"Sem vítima";"349,000";"BR-101/SC";"Decrescente";"Choque";1;0;0;0;0;0;0;0;0;0;3;0;0;0;0
"18/02/2024";"20:49:11";"87";"Sem vítima";"383,000";"BR-101/SC";"Crescente";"Choque";1;0;0;0;0;0;0;0;0;0;1;0;0;0;0
"19/02/2024";"00:10:00";"2";"Com vítima";"367,000";"BR-101/SC";"Crescente";"Choque";1;0;0;0;0;0;0;0;0;0;0;0;1;0;0
"19/02/2024";"04:49:56";"7";"Com vítima";"264,000";"BR-101/SC";"Decrescente";"Choque";1;0;0;0;0;0;0;0;0;0;1;1;0;0;0
"19/02/2024";"05:35:24";"11";"Com vítima";"406,000";"BR-101/SC";"Decrescente";"Capotamento";1;0;0;0;0;0;0;0;0;0;1;1;0;0;0