data;horario;n_da_ocorrencia;tipo_de_ocorrencia;km;trecho;sentido;tipo_de_acidente;automovel;bicicleta;caminhao;moto;onibus;outros;tracao_animal;transporte_de_cargas_especiais;trator_maquinas;utilitarios;ilesos;levemente_feridos;moderadamente_feridos;gravemente_feridos;mortos
"11/07/2024";"14:07:00";"98";"Sem vítima";"319,500";"BR-101/SC";"Crescente";"Colisão traseira";0;0;1;0;0;0;0;0;0;0;2;0;0;0;0
"11/07/2024";"18:25:00";"120";"Com vítima";"280,000";"BR-101/SC";"Crescente";"Colisão traseira";0;0;1;1;0;0;0;0;0;0;1;0;1;0;0
"11/07/2024";"19:08:00";"123";"Sem vítima";"276,000";"BR-101/SC";"Decrescente";"Colisão lateral no mesmo sentido";2;0;0;0;0;0;0;0;0;0;4;0;0;0;0
"12/07/2024";"00:19:48";"1";"Sem vítima";"356,500";"BR-101/SC";"Crescente";"Saída de pista";0;0;1;0;0;0;0;0;0;0;1;0;0;0;0
"12/07/2024";"03:03:00";"10";"Sem vítima";"425,000";"BR-101/SC";"Crescente";"Choque";1;0;0;0;0;0;0;0;0;0;3;0;0;0;0
"12/07/2024";"05:12:00";"14";"Sem vítima";"280,000";"BR-101/SC";"Crescente";"Colisão traseira";0;0;2;0;0;0;0;0;0;0;2;0;0;0;0
"12/07/2024";"08:23:18";"69";"Sem vítima";"334,000";"BR-101/SC";"Crescente";"Colisão traseira";1;0;0;0;0;0;0;0;0;0;1;0;0;0;0
"12/07/2024";"15:09:42";"146";"Sem vítima";"463,000";"BR-101/SC";"Decrescente";"Colisão traseira";2;0;0;0;0;0;0;0;0;0;3;0;0;0;0
"12/07/2024";"16:21:18";"159";"Com vítima";"354,000";"BR-101/SC";"Decrescente";"Colisão frontal";2;0;0;0;0;0;0;0;0;0;1;1;1;0;0
"12/07/2024";"17:20:17";"163";"Com vítima";"341,000";"BR-101/SC";"Crescente";"Colisão lateral no mesmo sentido";0;0;0;2;0;0;0;0;0;0;0;0;2;0;0
"13/07/2024";"02:22:00";"11";"Sem vítima";"281,000";"BR-101/SC";"Decrescente";"Queda de moto";0;0;0;1;0;0;0;0;0;0;1;0;0;0;0
"13/07/2024";"06:16:00";"21";"Sem vítima";"341,000";"BR-101/SC";"Crescente";"Saída de pista";1;0;0;0;0;0;0;0;0;0;1;0;0;0;0
"13/07/2024";"06:37:00";"24";"Sem vítima";"339,000";"BR-101/SC";"Crescente";"Saída de pista";0;0;0;1;0;0;0;0;0;0;1;0;0;0;0
"13/07/2024";"07:28:00";"37";"Com vítima";"276,000";"BR-101/SC";"Decrescente";"Colisão traseira";2;0;0;0;0;0;0;0;0;0;3;1;0;0;0
"13/07/2024";"08:59:47";"53";"Sem vítima";"271,000";"BR-101/SC";"Decrescente";"Saída de pista";1;0;0;0;0;0;0;0;0;0;1;0;0;0;0
"13/07/2024";"11:04:00";"73";"Sem vítima";"290,000";"BR-101/SC";"Crescente";"Atropelamento de animal";1;0;0;0;0;0;0;0;0;0;3;0;0;0;0
"13/07/2024";"13:58:24";"86";"Sem vítima";"405,000";"BR-101/SC";"Crescente";"Colisão lateral no mesmo sentido";1;0;1;0;0;0;0;0;0;0;3;0;0;0;0
"13/07/2024";"15:18:00";"94";"Sem vítima";"381,000";"BR-101/SC";"Crescente";"Capotamento";1;0;0;0;0;0;0;0;0;0;2;0;0;0;0
"13/07/2024";"15:23:57";"95";"Sem vítima";"357,000";"BR-101/SC";"Crescente";"Saída de pista";1;0;0;0;0;0;0;0;0;0;2;0;0;0;0
"13/07/2024";"19:51:23";"116";"Sem vítima";"395,000";"BR-101/SC";"Crescente";"Choque";1;0;1;0;0;0;0;0;0;0;2;0;0;0;0
"13/07/2024";"20:57:00";"124";"Sem vítima";"266,000";"BR-101/SC";"Decrescente";"Colisão frontal";2;0;1;0;0;0;0;0;0;0;4;0;0;0;0
"13/07/2024";"22:10:41";"127";"Com vítima";"314,000";"BR-101/SC";"Crescente";"Colisão traseira";2;0;0;0;0;0;0;0;0;0;1;0;1;0;0
"13/07/2024";"22:26:46";"128";"Sem vítima";"327,000";"BR-101/SC";"Decrescente";"Saída de pista";1;0;0;0;0;0;0;0;0;0;0;0;0;0;0
"14/07/2024";"00:30:52";"1";"Sem vítima";"268,000";"BR-101/SC";"Decrescente";"Saída de pista";1;0;0;0;0;0;0;0;0;0;2;0;0;0;0
"14/07/2024";"03:16:00";"6";"Sem vítima";"273,500";"BR-101/SC";"Decrescente";"Saída de pista";1;0;0;0;0;0;0;0;0;0;5;0;0;0;0
"14/07/2024";"03:25:12";"7";"Sem vítima";"379,850";"BR-101/SC";"Crescente";"Saída de pista";1;0;0;0;0;0;0;0;0;0;3;0;0;0;0
"14/07/2024";"04:43:00";"9";"Sem vítima";"443,000";"BR-101/SC";"Crescente";"Saída de pista";1;0;0;0;0;0;0;0;0;0;1;0;0;0;0
"14/07/2024";"07:36:26";"25";"Com vítima";"316,000";"BR-101/SC";"Crescente";"Saída de pista";1;0;0;0;0;0;0;0;0;0;0;1;0;0;0
"14/07/2024";"10:07:00";"33";"Sem vítima";"392,000";"BR-101/SC";"Decrescente";"Choque";1;0;0;0;0;0;0;0;0;0;2;0;0;0;0
"14/07/2024";"11:04:46";"37";"Com vítima";"392,000";"BR-101/SC";"Decrescente";"Choque";1;0;0;0;0;0;0;0;0;0;0;1;0;0;0
"14/07/2024";"11:43:11";"41";"Com vítima";"359,000";"BR-101/SC";"Decrescente";"Saída de pista";1;0;0;0;0;0;0;0;0;0;0;1;0;0;0
"14/07/2024";"12:15:21";"44";"Sem vítima";"350,000";"BR-101/SC";"Crescente";"Capotamento";1;0;0;0;0;0;0;0;0;0;1;0;0;0;0
"14/07/2024";"12:21:00";"45";"Sem vítima";"294,000";"BR-101/SC";"Crescente";"Choque";1;0;0;0;0;0;0;0;0;0;1;0;0;0;0
"14/07/2024";"15:40:16";"68";"Sem vítima";"339,000";"BR-101/SC";"Decrescente";"Choque";1;0;0;0;0;0;0;0;0;0;3;0;0;0;0
"14/07/2024";"15:48:00";"70";"Sem vítima";"247,000";"BR-101/SC";"Decrescente";"Saída de pista";1;0;0;0;0;0;0;0;0;0;1;0;0;0;0
"14/07/2024";"19:39:01";"96";"Sem vítima";"365,000";"BR-101/SC";"Decrescente";"Acidentes de outra natureza";1;0;0;0;0;0;0;0;0;0;4;0;0;0;0
"14/07/2024";"20:04:23";"101";"Sem vítima";"308,000";"BR-101/SC";"Decrescente";"Saída de pista";1;0;0;0;0;0;0;0;0;0;2;0;0;0;0
"14/07/2024";"21:04:32";"107";"Sem vítima";"365,000";"BR-101/SC";"Decrescente";"Acidentes de outra natureza";1;0;0;0;0;0;0;0;0;0;4;0;0;0;0
"14/07/2024";"21:37:00";"113";"Sem vítima";"248,000";"BR-101/SC";"Decrescente";"Acidentes de outra natureza";1;0;0;0;0;0;0;0;0;0;1;0;0;0;0
"14/07/2024";"23:10:42";"116";"Sem vítima";"261,000";"BR-101/SC";"Decrescente";"Choque";1;0;0;0;0;0;0;0;0;0;5;0;0;0;0
"14/07/2024";"23:24:00";"117";"Sem vítima";"331,000";"BR-101/SC";"Decrescente";"Acidentes de outra natureza";1;0;0;0;0;0;0;0;0;0;1;0;0;0;0
"15/07/2024";"00:19:21";"1";"Com vítima";"398,000";"BR-101/SC";"Decrescente";"Choque";1;0;0;0;0;0;0;0;0;0;2;0;1;0;0
"15/07/2024";"06:43:26";"14";"Sem vítima";"248,100";"BR-101/SC";"Decrescente";"Saída de pista";1;0;0;0;0;0;0;0;0;0;1;0;0;0;0
"15/07/2024";"07:16:01";"19";"Com vítima";"423,100";"BR-101/SC";"Decrescente";"Colisão lateral no mesmo sentido";0;0;1;1;0;0;0;0;0;0;1;0;0;1;0
"15/07/2024";"12:38:11";"82";"Sem vítima";"458,000";"BR-101/SC";"Crescente";"Colisão traseira";1;0;1;0;0;0;0;0;0;0;2;0;0;0;0
"15/07/2024";"16:07:07";"98";"Sem vítima";"286,000";"BR-101/SC";"Decrescente";"Colisão traseira";2;0;0;0;0;0;0;0;0;0;3;0;0;0;0
"15/07/2024";"16:19:47";"102";"Com vítima";"347,500";"BR-101/SC";"Decrescente";"Colisão traseira";1;0;1;0;0;0;0;0;0;0;1;0;0;1;0
"16/07/2024";"02:52:38";"7";"Sem vítima";"404,000";"BR-101/SC";"Decrescente";"Choque";0;0;0;0;1;0;0;0;0;0;1;0;0;0;0
"16/07/2024";"08:19:00";"56";"Sem vítima";"330,000";"BR-101/SC";"Crescente";"Colisão traseira";2;0;0;0;0;0;0;0;0;0;2;0;0;0;0
"16/07/2024";"11:29:55";"90";"Sem vítima";"282,000";"BR-101/SC";"Decrescente";"Colisão lateral no mesmo sentido";1;0;0;1;0;0;0;0;0;0;2;0;0;0;0
"16/07/2024";"14:27:06";"107";"Sem vítima";"405,000";"BR-101/SC";"Crescente";"Colisão traseira";1;0;0;0;1;0;0;0;0;0;2;0;0;0;0
"16/07/2024";"15:37:41";"115";"Sem vítima";"356,500";"BR-101/SC";"Crescente";"Saída de pista";1;0;0;0;0;0;0;0;0;0;1;0;0;0;0
"16/07/2024";"18:35:59";"131";"Com vítima";"429,000";"BR-101/SC";"Decrescente";"Saída de pista";0;0;1;0;0;0;0;0;0;0;0;1;0;0;0
"16/07/2024";"18:42:14";"133";"Sem vítima";"441,000";"BR-101/SC";"Crescente";"Saída de pista";1;0;0;0;0;0;0;0;0;0;1;0;0;0;0
"16/07/2024";"20:37:00";"141";"Com vítima";"305,400";"BR-101/SC";"Crescente";"Capotamento";1;0;0;0;0;0;0;0;0;0;0;0;1;0;0
"16/07/2024";"20:42:00";"142";"Sem vítima";"412,000";"BR-101/SC";"Crescente";"Saída de pista";1;0;0;0;0;0;0;0;0;0;1;0;0;0;0
"16/07/2024";"20:55:48";"143";"Sem vítima";"329,000";"BR-101/SC";"Crescente";"Choque";0;0;1;0;0;0;0;0;0;0;1;0;0;0;0
"16/07/2024";"21:37:34";"145";"Sem vítima";"325,000";"BR-101/SC";"Crescente";"Colisão traseira";1;0;1;0;0;0;0;0;0;0;3;0;0;0;0
"17/07/2024";"03:33:34";"12";"Com vítima";"381,000";"BR-101/SC";"Crescente";"Choque";0;0;1;0;0;0;0;0;0;0;0;1;0;0;0
"17/07/2024";"06:20:31";"18";"Sem vítima";"353,000";"BR-101/SC";"Decrescente";"Saída de pista";1;0;0;0;0;0;0;0;0;0;1;0;0;0;0
"17/07/2024";"06:54:51";"20";"Com vítima";"437,000";"BR-101/SC";"Crescente";"Colisão traseira";1;0;0;1;0;0;0;0;0;0;2;1;0;0;0
"17/07/2024";"16:20:55";"148";"Sem vítima";"250,000";"BR-101/SC";"Crescente";"Atropelamento de animal";1;0;0;0;0;0;0;0;0;0;1;0;0;0;0
"17/07/2024";"21:35:33";"179";"Sem vítima";"405,000";"BR-101/SC";"Decrescente";"Colisão traseira";0;0;2;0;0;0;0;0;0;0;2;0;0;0;0
"17/07/2024";"23:41:00";"188";"Sem vítima";"364,000";"BR-101/SC";"Decrescente";"Tombamento";0;0;1;0;0;0;0;0;0;0;1;0;0;0;0
"18/07/2024";"07:37:00";"41";"Sem vítima";"373,000";"BR-101/SC";"Crescente";"Saída de pista";1;0;0;0;0;0;0;0;0;0;1;0;0;0;0
"19/07/2024";"04:32:48";"22";"Sem vítima";"391,230";"BR-101/SC";"Decrescente";"Saída de pista";1;0;0;0;0;0;0;0;0;0;1;0;0;0;0
"19/07/2024";"05:52:00";"27";"Com vítima";"249,650";"BR-101/SC";"Decrescente";"Saída de pista";1;0;0;0;0;0;0;0;0;0;0;1;0;0;0
"19/07/2024";"10:32:11";"96";"Com vítima";"336,950";"BR-101/SC";"Crescente";"Colisão traseira";1;0;0;1;0;0;0;0;0;0;1;1;0;0;0
"19/07/2024";"18:11:50";"140";"Sem vítima";"364,000";"BR-101/SC";"Decrescente";"Saída de pista";1;0;0;0;0;0;0;0;0;0;1;0;0;0;0
"19/07/2024";"18:39:00";"142";"Sem vítima";"316,000";"BR-101/SC";"Decrescente";"Colisão lateral no mesmo sentido";1;0;0;0;0;0;0;0;0;0;2;0;0;0;0
"19/07/2024";"21:14:29";"159";"Sem vítima";"463,000";"BR-101/SC";"Decrescente";"Saída de pista";1;0;0;0;0;0;0;0;0;0;3;0;0;0;0
"19/07/2024";"21:56:05";"167";"Sem vítima";"371,000";"BR-101/SC";"Decrescente";"Saída de pista";1;0;0;0;0;0;0;0;0;0;1;0;0;0;0
"19/07/2024";"22:03:00";"170";"Com vítima";"326,000";"BR-101/SC";"Crescente";"Capotamento";2;0;0;0;0;0;0;0;0;0;0;0;5;0;0
"19/07/2024";"22:06:42";"172";"Com vítima";"447,000";"BR-101/SC";"Decrescente";"Colisão lateral no mesmo sentido";0;0;0;1;0;0;0;0;0;0;0;1;0;0;0
"20/07/2024";"02:52:11";"8";"Sem vítima";"383,000";"BR-101/SC";"Crescente";"Choque";1;0;0;0;0;0;0;0;0;0;1;0;0;0;0
"20/07/2024";"08:55:00";"48";"Com vítima";"255,850";"BR-101/SC";"Crescente";"Saída de pista";1;0;0;0;0;0;0;0;0;0;3;1;0;0;0
"20/07/2024";"11:55:00";"64";"Com vítima";"334,460";"BR-101/SC";"Crescente";"Queda de moto";0;0;0;1;0;0;0;0;0;0;0;1;0;0;0
"20/07/2024";"13:13:30";"71";"Sem vítima";"363,500";"BR-101/SC";"Decrescente";"Engavetamento";3;0;1;0;0;0;0;0;0;0;10;0;0;0;0
"20/07/2024";"13:50:40";"78";"Sem vítima";"365,500";"BR-101/SC";"Decrescente";"Colisão traseira";2;0;0;0;0;0;0;0;0;0;3;0;0;0;0
"20/07/2024";"14:03:05";"79";"Com vítima";"321,000";"BR-101/SC";"Crescente";"Colisão traseira";0;0;0;1;0;0;0;0;0;0;0;1;0;0;0
"20/07/2024";"23:02:52";"116";"Sem vítima";"358,000";"BR-101/SC";"Crescente";"Capotamento";1;0;0;0;0;0;0;0;0;0;1;0;0;0;0
"21/07/2024";"03:16:24";"23";"Sem vítima";"308,000";"BR-101/SC";"Decrescente";"Saída de pista";1;0;0;0;0;0;0;0;0;0;3;0;0;0;0
"21/07/2024";"05:19:00";"31";"Com vítima";"254,000";"BR-101/SC";"Crescente";"Queda de moto";0;0;0;1;0;0;0;0;0;0;1;1;0;0;0
"21/07/2024";"05:39:15";"32";"Com vítima";"320,140";"BR-101/SC";"Decrescente";"Colisão traseira";2;0;0;0;0;0;0;0;0;0;0;2;0;0;0
"21/07/2024";"09:00:00";"51";"Sem vítima";"270,060";"BR-101/SC";"Decrescente";"Saída de pista";1;0;0;0;0;0;0;0;0;0;3;0;0;0;0
"21/07/2024";"09:44:00";"53";"Sem vítima";"324,200";"BR-101/SC";"Crescente";"Choque";1;0;0;0;0;0;0;0;0;0;1;0;0;0;0
"21/07/2024";"10:56:59";"59";"Sem vítima";"331,000";"BR-101/SC";"Crescente";"Choque";1;0;0;0;0;0;0;0;0;0;3;0;0;0;0
"21/07/2024";"16:13:13";"92";"Com vítima";"280,500";"BR-101/SC";"Decrescente";"Colisão lateral no mesmo sentido";1;0;1;0;0;0;0;0;0;0;3;1;0;0;0
"21/07/2024";"16:28:04";"93";"Sem vítima";"249,500";"BR-101/SC";"Decrescente";"Saída de pista";1;0;0;0;0;0;0;0;0;0;4;0;0;0;0
"21/07/2024";"18:04:23";"99";"Sem vítima";"458,000";"BR-101/SC";"Crescente";"Colisão traseira";2;0;0;0;0;0;0;0;0;0;3;0;0;0;0
"21/07/2024";"20:41:00";"122";"Com vítima";"308,000";"BR-101/SC";"Crescente";"Queda de moto";0;0;0;1;0;0;0;0;0;0;0;0;0;1;0
"21/07/2024";"21:33:17";"128";"Com vítima";"319,000";"BR-101/SC";"Crescente";"Queda de moto";0;0;0;1;0;0;0;0;0;0;0;0;0;1;0
"21/07/2024";"23:40:34";"137";"Com vítima";"281,580";"BR-101/SC";"Decrescente";"Capotamento";1;0;0;0;0;0;0;0;0;0;0;1;0;0;0
"22/07/2024";"05:13:28";"11";"Sem vítima";"457,000";"BR-101/SC";"Crescente";"Colisão traseira";1;0;1;0;0;0;0;0;0;0;5;0;0;0;0
"22/07/2024";"07:55:50";"48";"Com vítima";"381,000";"BR-101/SC";"Decrescente";"Colisão traseira";1;0;0;1;0;0;0;0;0;0;2;1;0;0;0
"22/07/2024";"09:05:25";"72";"Com vítima";"400,000";"BR-101/SC";"Crescente";"Colisão lateral no mesmo sentido";1;0;0;1;0;0;0;0;0;0;2;1;0;0;0
"22/07/2024";"10:11:42";"87";"Sem vítima";"250,000";"BR-101/SC";"Decrescente";"Capotamento";1;0;0;0;0;0;0;0;0;0;1;0;0;0;0
"22/07/2024";"12:05:15";"99";"Sem vítima";"456,000";"BR-101/SC";"Crescente";"Choque";0;0;1;0;0;0;0;0;0;0;1;0;0;0;0
"22/07/2024";"12:40:52";"103";"Com vítima";"352,000";"BR-101/SC";"Crescente";"Queda de moto";0;0;0;1;0;0;0;0;0;0;0;1;0;0;0
"22/07/2024";"13:54:14";"116";"Com vítima";"335,500";"BR-101/SC";"Crescente";"Queda de moto";0;0;0;1;0;0;0;0;0;0;0;0;1;0;0
"22/07/2024";"14:38:08";"119";"Sem vítima";"325,000";"BR-101/SC";"Crescente";"Colisão traseira";0;0;2;0;0;0;0;0;0;0;2;0;0;0;0
"22/07/2024";"14:48:13";"122";"Sem vítima";"365,000";"BR-101/SC";"Decrescente";"Colisão traseira";2;0;0;0;0;0;0;0;0;0;5;0;0;0;0
"22/07/2024";"16:21:00";"142";"Sem vítima";"442,000";"BR-101/SC";"Crescente";"Saída de pista";1;0;0;0;0;0;0;0;0;0;1;0;0;0;0
"22/07/2024";"16:49:29";"146";"Com vítima";"282,000";"BR-101/SC";"Decrescente";"Colisão traseira";2;0;0;0;0;0;0;0;0;0;5;1;0;0;0
"22/07/2024";"21:30:00";"177";"Com vítima";"394,000";"BR-101/SC";"Decrescente";"Acidentes de outra natureza";1;0;0;0;0;0;0;0;0;0;2;0;1;0;0
"22/07/2024";"21:59:00";"178";"Com vítima";"342,000";"BR-101/SC";"Decrescente";"Queda de moto";0;0;0;1;0;0;0;0;0;0;1;0;1;0;0
"23/07/2024";"05:38:59";"11";"Sem vítima";"403,000";"BR-101/SC";"Crescente";"Colisão traseira";0;0;2;0;0;0;0;0;0;0;2;0;0;0;0
"23/07/2024";"07:37:00";"35";"Com vítima";"325,800";"BR-101/SC";"Crescente";"Queda de moto";0;0;0;1;0;0;0;0;0;0;0;0;1;0;0
"23/07/2024";"08:09:35";"53";"Com vítima";"298,000";"BR-101/SC";"Decrescente";"Colisão traseira";0;0;2;0;0;0;0;0;0;0;1;0;1;0;0
"23/07/2024";"11:25:00";"110";"Sem vítima";"257,000";"BR-101/SC";"Decrescente";"Choque";0;0;1;0;0;0;0;0;0;0;1;0;0;0;0
"23/07/2024";"14:44:09";"142";"Sem vítima";"451,000";"BR-101/SC";"Decrescente";"Colisão lateral no mesmo sentido";1;0;0;0;0;0;0;0;0;0;2;0;0;0;0
"23/07/2024";"21:54:00";"177";"Sem vítima";"411,000";"BR-101/SC";"Decrescente";"Colisão traseira";1;0;1;0;0;0;0;0;0;0;2;0;0;0;0
"24/07/2024";"02:56:58";"3";"Com vítima";"277,000";"BR-101/SC";"Crescente";"Acidentes de outra natureza";1;0;0;0;0;0;0;0;0;0;0;1;0;0;0
"24/07/2024";"06:11:37";"12";"Sem vítima";"271,900";"BR-101/SC";"Crescente";"Saída de pista";1;0;0;0;0;0;0;0;0;0;1;0;0;0;0
"24/07/2024";"06:56:19";"19";"Sem vítima";"259,200";"BR-101/SC";"Decrescente";"Atropelamento de animal";1;0;0;0;0;0;0;0;0;0;1;0;0;0;0
"24/07/2024";"07:55:00";"47";"Sem vítima";"448,500";"BR-101/SC";"Decrescente";"Choque";1;0;0;0;0;0;0;0;0;0;1;0;0;0;0
"24/07/2024";"12:06:58";"106";"Sem vítima";"458,000";"BR-101/SC";"Decrescente";"Colisão traseira";1;0;1;0;0;0;0;0;0;0;6;0;0;0;0
"24/07/2024";"13:40:01";"115";"Sem vítima";"458,000";"BR-101/SC";"Crescente";"Colisão lateral no mesmo sentido";2;0;0;0;0;0;0;0;0;0;6;0;0;0;0
"24/07/2024";"13:55:48";"117";"Sem vítima";"289,000";"BR-101/SC";"Decrescente";"Colisão traseira";2;0;0;0;0;0;0;0;0;0;2;0;0;0;0
"24/07/2024";"14:33:21";"121";"Com vítima";"419,000";"BR-101/SC";"Decrescente";"Colisão traseira";2;0;0;0;0;0;0;0;0;0;5;1;0;0;0
"25/07/2024";"09:59:28";"88";"Sem vítima";"365,900";"BR-101/SC";"Crescente";"Colisão lateral no mesmo sentido";2;0;0;0;0;0;0;0;0;0;2;0;0;0;0
"25/07/2024";"13:32:14";"117";"Sem vítima";"343,300";"BR-101/SC";"Crescente";"Colisão traseira";1;0;0;0;0;0;0;0;0;0;2;0;0;0;0
"25/07/2024";"14:00:12";"119";"Sem vítima";"367,500";"BR-101/SC";"Crescente";"Colisão traseira";2;0;0;0;0;0;0;0;0;0;3;0;0;0;0
"25/07/2024";"21:06:15";"165";"Com vítima";"455,150";"BR-101/SC";"Decrescente";"Colisão lateral no mesmo sentido";1;0;0;1;0;0;0;0;0;0;1;0;1;0;0
"25/07/2024";"22:09:00";"169";"Sem vítima";"355,000";"BR-101/SC";"Crescente";"Saída de pista";1;0;0;0;0;0;0;0;0;0;2;0;0;0;0
"27/07/2024";"01:03:46";"8";"Com vítima";"430,000";"BR-101/SC";"Decrescente";"Colisão traseira";1;0;1;0;0;0;0;0;0;0;1;0;1;0;0
"27/07/2024";"07:48:47";"38";"Com vítima";"265,000";"BR-101/SC";"Crescente";"Capotamento";2;0;0;0;0;0;0;0;0;0;1;1;0;0;0
"27/07/2024";"19:10:54";"123";"Com vítima";"312,000";"BR-101/SC";"Crescente";"Colisão frontal";1;0;0;1;0;0;0;0;0;0;2;0;1;0;0
"27/07/2024";"21:11:25";"131";"Com vítima";"328,770";"BR-101/SC";"Decrescente";"Capotamento";1;0;0;0;0;0;0;0;0;0;0;1;0;0;0
"27/07/2024";"21:47:00";"133";"Sem vítima";"383,000";"BR-101/SC";"Crescente";"Acidentes de outra natureza";1;0;0;0;0;0;0;0;0;0;4;0;0;0;0
"27/07/2024";"22:00:47";"135";"Sem vítima";"337,000";"BR-101/SC";"Crescente";"Choque";0;0;1;0;0;0;0;0;0;0;1;0;0;0;0
"28/07/2024";"00:44:38";"3";"Com vítima";"337,000";"BR-101/SC";"Decrescente";"Colisão traseira";0;0;2;0;0;0;0;0;0;0;2;1;0;1;0
"28/07/2024";"18:21:44";"79";"Sem vítima";"349,000";"BR-101/SC";"Decrescente";"Choque";1;0;0;0;0;0;0;0;0;0;4;0;0;0;0
"28/07/2024";"20:12:42";"89";"Sem vítima";"335,300";"BR-101/SC";"Decrescente";"Choque";3;0;0;0;0;0;0;0;0;0;3;0;0;0;0
"28/07/2024";"23:48:45";"106";"Com vítima";"341,000";"BR-101/SC";"Decrescente";"Choque";2;0;0;0;0;0;0;0;0;0;2;0;1;0;0
"29/07/2024";"01:06:10";"7";"Sem vítima";"374,000";"BR-101/SC";"Crescente";"Saída de pista";1;0;0;0;0;0;0;0;0;0;1;0;0;0;0
"29/07/2024";"02:34:00";"11";"Sem vítima";"374,000";"BR-101/SC";"Crescente";"Acidentes de outra natureza";1;0;0;0;0;0;0;0;0;0;4;0;0;0;0
"29/07/2024";"05:49:00";"17";"Sem vítima";"257,000";"BR-101/SC";"Decrescente";"Saída de pista";1;0;0;0;0;0;0;0;0;0;1;0;0;0;0
"29/07/2024";"12:34:52";"74";"Sem vítima";"370,800";"BR-101/SC";"Crescente";"Saída de pista";1;0;0;0;0;0;0;0;0;0;2;0;0;0;0
"29/07/2024";"17:34:01";"109";"Sem vítima";"304,000";"BR-101/SC";"Decrescente";"Choque";1;0;1;0;0;0;0;0;0;0;2;0;0;0;0
"29/07/2024";"17:41:46";"110";"Sem vítima";"456,400";"BR-101/SC";"Decrescente";"Colisão frontal";2;0;0;0;0;0;0;0;0;0;3;0;0;0;0
"29/07/2024";"17:56:38";"111";"Com vítima";"359,000";"BR-101/SC";"Crescente";"Colisão frontal";2;0;0;0;0;0;0;0;0;0;3;1;0;0;0
"29/07/2024";"18:34:00";"117";"Sem vítima";"378,000";"BR-101/SC";"Crescente";"Saída de pista";0;0;1;0;0;0;0;0;0;0;1;0;0;0;0
"29/07/2024";"18:54:16";"120";"Sem vítima";"341,800";"BR-101/SC";"Crescente";"Saída de pista";1;0;0;0;0;0;0;0;0;0;1;0;0;0;0
"29/07/2024";"20:01:00";"129";"Sem vítima";"397,000";"BR-101/SC";"Decrescente";"Saída de pista";1;0;0;0;0;0;0;0;0;0;2;0;0;0;0
"29/07/2024";"21:12:18";"132";"Sem vítima";"354,000";"BR-101/SC";"Crescente";"Saída de pista";1;0;0;0;0;0;0;0;0;0;2;0;0;0;0
"29/07/2024";"21:26:00";"133";"Sem vítima";"437,000";"BR-101/SC";"Crescente";"Colisão lateral no mesmo sentido";1;0;0;0;0;0;0;0;0;0;2;0;0;0;0
"29/07/2024";"22:51:51";"137";"Sem vítima";"360,800";"BR-101/SC";"Crescente";"Queda de moto";0;0;0;1;0;0;0;0;0;0;1;0;0;0;0
"29/07/2024";"23:25:16";"141";"Com vítima";"282,000";"BR-101/SC";"Crescente";"Colisão transversal";1;0;0;1;0;0;0;0;0;0;1;0;1;0;0
"30/07/2024";"01:46:00";"4";"Sem vítima";"327,600";"BR-101/SC";"Decrescente";"Saída de pista";1;0;0;0;0;0;0;0;0;0;1;0;0;0;0
"30/07/2024";"17:39:45";"114";"Sem vítima";"334,000";"BR-101/SC";"Crescente";"Colisão traseira";1;0;1;0;0;0;0;0;0;0;2;0;0;0;0
"30/07/2024";"20:57:00";"128";"Sem vítima";"439,000";"BR-101/SC";"Crescente";"Saída de pista";1;0;0;0;0;0;0;0;0;0;1;0;0;0;0
"30/07/2024";"22:24:51";"137";"Com vítima";"456,000";"BR-101/SC";"Decrescente";"Queda de moto";0;0;0;1;0;0;0;0;0;0;0;0;2;0;0
"30/07/2024";"22:29:01";"138";"Com vítima";"416,000";"BR-101/SC";"Decrescente";"Colisão traseira";1;0;1;0;0;0;0;0;0;0;5;1;0;0;0
"31/07/2024";"00:59:02";"5";"Sem vítima";"355,000";"BR-101/SC";"Crescente";"Saída de pista";1;0;0;0;0;0;0;0;0;0;1;0;0;0;0
"31/07/2024";"03:22:27";"16";"Sem vítima";"407,000";"BR-101/SC";"Crescente";"Saída de pista";1;0;0;0;0;0;0;0;0;0;2;0;0;0;0
"31/07/2024";"04:59:09";"19";"Sem vítima";"384,000";"BR-101/SC";"Decrescente";"Saída de pista";1;0;0;0;0;0;0;0;0;0;1;0;0;0;0
"31/07/2024";"08:06:47";"68";"Com vítima";"452,000";"BR-101/SC";"Decrescente";"Colisão traseira";1;0;0;1;0;0;0;0;0;0;1;0;1;0;0
"31/07/2024";"10:53:05";"98";"Sem vítima";"358,000";"BR-101/SC";"Crescente";"Engavetamento";2;0;0;0;0;0;0;0;0;0;5;0;0;0;0