data;horario;n_da_ocorrencia;tipo_de_ocorrencia;km;trecho;sentido;tipo_de_acidente;automovel;bicicleta;caminhao;moto;onibus;outros;tracao_animal;transporte_de_cargas_especiais;trator_maquinas;utilitarios;ilesos;levemente_feridos;moderadamente_feridos;gravemente_feridos;mortos
"31/07/2024";"13:26:38";"126";"Sem vítima";"288,000";"BR-101/SC";"Decrescente";"Colisão lateral no mesmo sentido";1;0;1;0;0;0;0;0;0;0;3;0;0;0;0
"31/07/2024";"18:14:26";"166";"Com vítima";"329,000";"BR-101/SC";"Crescente";"Colisão transversal";0;0;0;1;0;0;0;0;0;0;0;2;0;0;0
"31/07/2024";"20:16:23";"177";"Com vítima";"264,000";"BR-101/SC";"Crescente";"Capotamento";1;0;0;0;0;0;0;0;0;0;0;3;0;1;0
"01/08/2024";"15:44:33";"142";"Sem vítima";"312,000";"BR-101/SC";"Decrescente";"Choque";1;0;0;0;0;0;0;0;0;0;1;0;0;0;0
"01/08/2024";"17:46:15";"165";"Sem vítima";"404,000";"BR-101/SC";"Crescente";"Colisão traseira";1;0;1;0;0;0;0;0;0;0;5;0;0;0;0
"01/08/2024";"19:34:50";"175";"Com vítima";"333,000";"BR-101/SC";"Crescente";"Capotamento";1;0;1;0;0;0;0;0;0;0;2;0;1;0;0
"02/08/2024";"08:00:23";"56";"Com vítima";"335,000";"BR-101/SC";"Decrescente";"Atropelamento de pedestre";1;0;0;0;0;0;0;0;0;0;1;1;0;0;0
"02/08/2024";"09:54:02";"87";"Sem vítima";"344,000";"BR-101/SC";"Decrescente";"Colisão lateral no mesmo sentido";2;0;0;0;0;0;0;0;0;0;2;0;0;0;0
"02/08/2024";"21:29:00";"141";"Sem vítima";"406,000";"BR-101/SC";"Decrescente";"Saída de pista";1;0;0;0;0;0;0;0;0;0;1;0;0;0;0
"03/08/2024";"09:46:12";"55";"Sem vítima";"328,500";"BR-101/SC";"Crescente";"Colisão traseira";2;0;0;0;0;0;0;0;0;0;2;0;0;0;0
"03/08/2024";"09:47:41";"56";"Sem vítima";"336,500";"BR-101/SC";"Crescente";"Colisão traseira";1;0;1;0;0;0;0;0;0;0;5;0;0;0;0
"03/08/2024";"21:32:00";"101";"Com vítima";"439,000";"BR-101/SC";"Crescente";"Queda de moto";0;0;0;1;0;0;0;0;0;0;1;1;0;0;0
"04/08/2024";"01:14:25";"5";"Sem vítima";"365,000";"BR-101/SC";"Crescente";"Saída de pista";1;0;0;0;0;0;0;0;0;0;2;0;0;0;0
"04/08/2024";"04:37:24";"18";"Sem vítima";"406,000";"BR-101/SC";"Decrescente";"Colisão frontal";2;0;0;0;0;0;0;0;0;0;4;0;0;0;0
"04/08/2024";"14:33:54";"65";"Sem vítima";"324,000";"BR-101/SC";"Decrescente";"Colisão lateral no mesmo sentido";1;0;1;0;0;0;0;0;0;0;5;0;0;0;0
"04/08/2024";"16:44:00";"73";"Com vítima";"364,600";"BR-101/SC";"Decrescente";"Capotamento";1;0;0;0;0;0;0;0;0;0;1;2;0;0;0
"04/08/2024";"17:00:00";"75";"Sem vítima";"441,000";"BR-101/SC";"Decrescente";"Colisão lateral no mesmo sentido";3;0;0;0;0;0;0;0;0;0;10;0;0;0;0
"05/08/2024";"01:44:22";"6";"Sem vítima";"308,000";"BR-101/SC";"Decrescente";"Saída de pista";1;0;0;0;0;0;0;0;0;0;2;0;0;0;0
"05/08/2024";"10:48:28";"79";"Sem vítima";"395,000";"BR-101/SC";"Crescente";"Colisão traseira";0;0;2;0;0;0;0;0;0;0;2;0;0;0;0
"05/08/2024";"19:42:05";"133";"Com vítima";"317,000";"BR-101/SC";"Crescente";"Queda de moto";0;0;0;1;0;0;0;0;0;0;0;0;1;0;0
"05/08/2024";"22:31:40";"152";"Sem vítima";"374,250";"BR-101/SC";"Crescente";"Saída de pista";1;0;0;0;0;0;0;0;0;0;2;0;0;0;0
"06/08/2024";"14:26:04";"127";"Sem vítima";"405,000";"BR-101/SC";"Decrescente";"Colisão traseira";2;0;0;0;0;0;0;0;0;0;3;0;0;0;0
"06/08/2024";"19:37:40";"159";"Com vítima";"416,250";"BR-101/SC";"Decrescente";"Acidentes de outra natureza";1;0;0;0;0;0;0;0;0;0;2;0;0;0;1
"07/08/2024";"05:28:53";"14";"Sem vítima";"365,000";"BR-101/SC";"Decrescente";"Acidentes de outra natureza";1;0;0;0;0;0;0;0;0;0;1;0;0;0;0
"07/08/2024";"09:02:00";"61";"Sem vítima";"399,950";"BR-101/SC";"Decrescente";"Choque";1;0;0;0;0;0;0;0;0;0;1;0;0;0;0
"07/08/2024";"09:05:04";"63";"Sem vítima";"343,900";"BR-101/SC";"Crescente";"Saída de pista";1;0;0;0;0;0;0;0;0;0;1;0;0;0;0
"07/08/2024";"11:42:00";"99";"Sem vítima";"360,000";"BR-101/SC";"Crescente";"Choque";2;0;0;0;0;0;0;0;0;0;6;0;0;0;0
"07/08/2024";"18:39:16";"135";"Sem vítima";"435,000";"BR-101/SC";"Decrescente";"Colisão traseira";1;0;0;0;0;0;0;0;0;0;1;0;0;0;0
"07/08/2024";"22:33:25";"150";"Sem vítima";"414,000";"BR-101/SC";"Decrescente";"Saída de pista";1;0;0;0;0;0;0;0;0;0;1;0;0;0;0
"08/08/2024";"03:12:05";"11";"Sem vítima";"341,000";"BR-101/SC";"Decrescente";"Saída de pista";1;0;0;0;0;0;0;0;0;0;3;0;0;0;0
"08/08/2024";"07:26:00";"22";"Com vítima";"306,000";"BR-101/SC";"Decrescente";"Atropelamento de animal";0;0;0;1;0;0;0;0;0;0;0;1;0;0;0
"08/08/2024";"13:05:23";"84";"Sem vítima";"278,200";"BR-101/SC";"Crescente";"Saída de pista";1;0;0;0;0;0;0;0;0;0;1;0;0;0;0
"08/08/2024";"23:34:00";"134";"Sem vítima";"325,000";"BR-101/SC";"Decrescente";"Choque";1;0;0;0;0;0;0;0;0;0;1;0;0;0;0
"09/08/2024";"00:39:00";"5";"Sem vítima";"343,000";"BR-101/SC";"Crescente";"Colisão traseira";0;0;2;0;0;0;0;0;0;0;2;0;0;0;0
"09/08/2024";"03:07:56";"16";"Com vítima";"428,800";"BR-101/SC";"Crescente";"Colisão lateral no mesmo sentido";1;0;0;0;0;0;0;0;0;0;0;0;1;0;0
"09/08/2024";"03:56:11";"17";"Sem vítima";"269,000";"BR-101/SC";"Decrescente";"Atropelamento de animal";1;0;0;0;0;0;0;0;0;0;1;0;0;0;0
"09/08/2024";"06:04:00";"25";"Sem vítima";"296,000";"BR-101/SC";"Decrescente";"Atropelamento de animal";1;0;2;0;0;0;0;0;0;0;8;0;0;0;0
"09/08/2024";"06:12:41";"26";"Sem vítima";"365,000";"BR-101/SC";"Decrescente";"Saída de pista";0;0;1;0;0;0;0;0;0;0;1;0;0;0;0
"09/08/2024";"10:11:35";"100";"Sem vítima";"333,000";"BR-101/SC";"Crescente";"Colisão lateral no mesmo sentido";2;0;0;0;0;0;0;0;0;0;3;0;0;0;0
"09/08/2024";"15:02:00";"139";"Sem vítima";"290,000";"BR-101/SC";"Decrescente";"Engavetamento";2;0;0;0;0;0;0;0;0;0;4;0;0;0;0
"09/08/2024";"16:16:55";"153";"Sem vítima";"439,000";"BR-101/SC";"Decrescente";"Colisão traseira";2;0;0;0;0;0;0;0;0;0;3;0;0;0;0
"09/08/2024";"16:18:00";"155";"Sem vítima";"391,000";"BR-101/SC";"Decrescente";"Engavetamento";1;0;3;0;0;0;0;0;0;0;6;0;0;0;0
"09/08/2024";"20:07:08";"175";"Sem vítima";"420,200";"BR-101/SC";"Crescente";"Colisão lateral no mesmo sentido";1;0;1;0;0;0;0;0;0;0;2;0;0;0;0
"09/08/2024";"22:42:56";"189";"Sem vítima";"423,200";"BR-101/SC";"Crescente";"Saída de pista";1;0;0;0;0;0;0;0;0;0;0;0;0;0;0
"10/08/2024";"02:55:13";"13";"Sem vítima";"281,000";"BR-101/SC";"Decrescente";"Colisão lateral no mesmo sentido";1;0;1;0;0;0;0;0;0;0;2;0;0;0;0
"10/08/2024";"05:27:07";"19";"Sem vítima";"276,100";"BR-101/SC";"Decrescente";"Choque";1;0;0;0;0;0;0;0;0;0;1;0;0;0;0
"10/08/2024";"16:52:28";"102";"Com vítima";"368,200";"BR-101/SC";"Decrescente";"Tombamento";0;0;1;0;0;0;0;0;0;0;0;1;0;0;0
"10/08/2024";"22:27:22";"121";"Sem vítima";"395,000";"BR-101/SC";"Decrescente";"Atropelamento de animal";1;0;0;0;0;0;0;0;0;0;3;0;0;0;0
"11/08/2024";"00:16:46";"3";"Sem vítima";"423,600";"BR-101/SC";"Crescente";"Capotamento";1;0;0;0;0;0;0;0;0;0;1;0;0;0;0
"11/08/2024";"02:43:00";"14";"Sem vítima";"406,050";"BR-101/SC";"Decrescente";"Acidentes de outra natureza";1;0;0;0;0;0;0;0;0;0;1;0;0;0;0
"11/08/2024";"13:48:38";"62";"Com vítima";"422,000";"BR-101/SC";"Decrescente";"Colisão frontal";2;0;0;0;0;0;0;0;0;0;1;3;0;0;0
"11/08/2024";"14:02:00";"64";"Sem vítima";"357,000";"BR-101/SC";"Decrescente";"Colisão lateral no mesmo sentido";1;0;0;0;0;0;0;0;0;0;1;0;0;0;0
"11/08/2024";"17:24:16";"89";"Sem vítima";"266,000";"BR-101/SC";"Decrescente";"Colisão traseira";0;0;2;0;0;0;0;0;0;0;2;0;0;0;0
"11/08/2024";"18:55:02";"100";"Sem vítima";"365,000";"BR-101/SC";"Decrescente";"Colisão traseira";1;0;0;0;0;0;0;0;0;0;4;0;0;0;0
"11/08/2024";"20:22:32";"105";"Sem vítima";"367,400";"BR-101/SC";"Decrescente";"Colisão lateral no mesmo sentido";1;0;1;0;0;0;0;0;0;0;2;0;0;0;0
"12/08/2024";"03:26:45";"14";"Sem vítima";"267,600";"BR-101/SC";"Decrescente";"Choque";1;0;0;0;0;0;0;0;0;0;1;0;0;0;0
"12/08/2024";"07:08:00";"28";"Com vítima";"379,500";"BR-101/SC";"Decrescente";"Colisão traseira";2;0;0;0;0;0;0;0;0;0;1;2;0;0;0
"12/08/2024";"08:06:03";"44";"Sem vítima";"334,000";"BR-101/SC";"Crescente";"Colisão traseira";2;0;0;0;0;0;0;0;0;0;3;0;0;0;0
"12/08/2024";"10:04:31";"67";"Sem vítima";"332,900";"BR-101/SC";"Decrescente";"Colisão traseira";1;0;0;1;0;0;0;0;0;0;2;0;0;0;0
"12/08/2024";"11:18:00";"75";"Com vítima";"283,000";"BR-101/SC";"Crescente";"Colisão traseira";0;0;2;0;0;0;0;0;0;0;1;1;0;0;0
"12/08/2024";"12:20:10";"80";"Com vítima";"365,000";"BR-101/SC";"Decrescente";"Engavetamento";3;0;0;0;0;0;0;0;0;0;3;1;0;0;0
"12/08/2024";"13:40:19";"88";"Sem vítima";"335,100";"BR-101/SC";"Decrescente";"Engavetamento";3;0;1;0;0;0;0;0;0;0;6;0;0;0;0
"12/08/2024";"14:35:13";"94";"Sem vítima";"414,900";"BR-101/SC";"Decrescente";"Colisão traseira";1;0;0;0;0;0;0;0;0;0;2;0;0;0;0
"12/08/2024";"18:45:26";"112";"Sem vítima";"338,000";"BR-101/SC";"Decrescente";"Colisão lateral no mesmo sentido";2;0;0;0;0;0;0;0;0;0;2;0;0;0;0
"13/08/2024";"15:11:00";"108";"Sem vítima";"382,000";"BR-101/SC";"Decrescente";"Colisão traseira";1;0;0;0;1;0;0;0;0;0;40;0;0;0;0
"13/08/2024";"19:15:32";"126";"Com vítima";"434,000";"BR-101/SC";"Crescente";"Colisão traseira";1;0;1;0;0;0;0;0;0;0;1;0;1;0;0
"14/08/2024";"12:01:26";"98";"Sem vítima";"281,000";"BR-101/SC";"Decrescente";"Colisão lateral no mesmo sentido";1;0;1;0;0;0;0;0;0;0;3;0;0;0;0
"14/08/2024";"14:52:58";"119";"Sem vítima";"289,000";"BR-101/SC";"Crescente";"Colisão traseira";2;0;0;0;0;0;0;0;0;0;4;0;0;0;0
"14/08/2024";"20:15:34";"163";"Com vítima";"446,300";"BR-101/SC";"Crescente";"Colisão frontal";2;0;0;0;0;0;0;0;0;0;0;2;0;0;0
"14/08/2024";"22:00:11";"172";"Sem vítima";"437,500";"BR-101/SC";"Decrescente";"Colisão traseira";1;0;0;0;0;0;0;0;0;0;2;0;0;0;0
"15/08/2024";"14:03:15";"97";"Com vítima";"282,000";"BR-101/SC";"Decrescente";"Colisão frontal";1;0;0;1;0;0;0;0;0;0;2;1;0;0;0
"16/08/2024";"05:43:19";"10";"Sem vítima";"448,000";"BR-101/SC";"Crescente";"Saída de pista";1;0;0;0;0;0;0;0;0;0;1;0;0;0;0
"16/08/2024";"08:32:21";"59";"Com vítima";"331,540";"BR-101/SC";"Decrescente";"Colisão traseira";1;0;0;1;0;0;0;0;0;0;1;1;0;0;0
"16/08/2024";"09:13:14";"72";"Sem vítima";"458,000";"BR-101/SC";"Crescente";"Engavetamento";0;0;3;0;0;0;0;0;0;0;3;0;0;0;0
"16/08/2024";"11:19:21";"91";"Sem vítima";"458,000";"BR-101/SC";"Crescente";"Colisão traseira";2;0;0;0;0;0;0;0;0;0;4;0;0;0;0
"16/08/2024";"16:07:00";"126";"Sem vítima";"367,200";"BR-101/SC";"Decrescente";"Engavetamento";3;0;0;0;0;0;0;0;0;0;6;0;0;0;0
"16/08/2024";"17:14:00";"130";"Com vítima";"383,700";"BR-101/SC";"Decrescente";"Queda de moto";0;0;0;1;0;0;0;0;0;0;0;2;0;0;0
"16/08/2024";"17:47:37";"135";"Com vítima";"282,200";"BR-101/SC";"Crescente";"Colisão transversal";1;0;0;1;0;0;0;0;0;0;1;0;1;0;0
"16/08/2024";"19:06:19";"146";"Sem vítima";"395,000";"BR-101/SC";"Crescente";"Queda de moto";1;0;0;1;0;0;0;0;0;0;3;0;0;0;0
"16/08/2024";"19:21:02";"147";"Com vítima";"327,000";"BR-101/SC";"Crescente";"Colisão transversal";1;0;0;1;0;0;0;0;0;0;1;1;0;0;0
"17/08/2024";"08:21:00";"40";"Com vítima";"365,000";"BR-101/SC";"Crescente";"Saída de pista";1;0;0;0;0;0;0;0;0;0;0;1;0;0;0
"17/08/2024";"19:51:59";"89";"Sem vítima";"365,000";"BR-101/SC";"Decrescente";"Tombamento";1;0;0;0;0;0;0;0;0;0;1;0;0;0;0
"18/08/2024";"00:18:00";"3";"Sem vítima";"357,000";"BR-101/SC";"Decrescente";"Saída de pista";1;0;0;0;0;0;0;0;0;0;1;0;0;0;0
"18/08/2024";"01:06:17";"4";"Sem vítima";"433,000";"BR-101/SC";"Decrescente";"Colisão lateral no mesmo sentido";2;0;0;0;0;0;0;0;0;0;2;0;0;0;0
"18/08/2024";"03:45:12";"11";"Com vítima";"294,000";"BR-101/SC";"Crescente";"Acidentes de outra natureza";1;0;0;0;0;0;0;0;0;0;5;0;0;0;1
"18/08/2024";"12:44:33";"48";"Com vítima";"277,000";"BR-101/SC";"Decrescente";"Queda de moto";0;0;0;1;0;0;0;0;0;0;0;1;0;1;0
"18/08/2024";"15:48:52";"58";"Sem vítima";"364,000";"BR-101/SC";"Decrescente";"Saída de pista";1;0;0;0;0;0;0;0;0;0;1;0;0;0;0
"18/08/2024";"17:38:19";"73";"Sem vítima";"344,000";"BR-101/SC";"Decrescente";"Colisão traseira";2;0;0;0;0;0;0;0;0;0;6;0;0;0;0
"18/08/2024";"19:59:24";"88";"Sem vítima";"401,000";"BR-101/SC";"Decrescente";"Acidentes de outra natureza";1;0;0;0;0;0;0;0;0;0;2;0;0;0;0
"19/08/2024";"00:57:40";"6";"Sem vítima";"331,000";"BR-101/SC";"Crescente";"Choque";1;0;0;0;0;0;0;0;0;0;1;0;0;0;0
"19/08/2024";"01:00:52";"7";"Sem vítima";"427,000";"BR-101/SC";"Crescente";"Choque";0;0;1;0;0;0;0;0;0;0;1;0;0;0;0
"19/08/2024";"04:18:22";"11";"Sem vítima";"285,000";"BR-101/SC";"Decrescente";"Saída de pista";1;0;0;0;0;0;0;0;0;0;2;0;0;0;0
"19/08/2024";"12:56:00";"105";"Com vítima";"430,000";"BR-101/SC";"Decrescente";"Colisão traseira";1;0;1;0;0;0;0;0;0;0;1;0;1;0;0
"19/08/2024";"19:48:34";"158";"Com vítima";"416,300";"BR-101/SC";"Crescente";"Queda de moto";0;0;0;1;0;0;0;0;0;0;0;1;1;0;0
"19/08/2024";"22:39:01";"171";"Sem vítima";"357,800";"BR-101/SC";"Crescente";"Colisão lateral no mesmo sentido";1;0;1;0;0;0;0;0;0;0;5;0;0;0;0
"20/08/2024";"02:31:47";"7";"Sem vítima";"367,000";"BR-101/SC";"Decrescente";"Colisão traseira";0;0;2;0;0;0;0;0;0;0;2;0;0;0;0
"20/08/2024";"11:20:03";"93";"Sem vítima";"388,000";"BR-101/SC";"Crescente";"Choque";1;0;0;0;0;0;0;0;0;0;1;0;0;0;0
"20/08/2024";"15:09:34";"116";"Sem vítima";"328,000";"BR-101/SC";"Crescente";"Colisão traseira";2;0;0;0;0;0;0;0;0;0;2;0;0;0;0
"20/08/2024";"19:02:17";"132";"Sem vítima";"356,400";"BR-101/SC";"Crescente";"Saída de pista";1;0;0;0;0;0;0;0;0;0;2;0;0;0;0
"20/08/2024";"20:18:15";"143";"Sem vítima";"298,000";"BR-101/SC";"Crescente";"Colisão traseira";0;0;2;0;0;0;0;0;0;0;2;0;0;0;0
"20/08/2024";"21:50:00";"151";"Sem vítima";"444,000";"BR-101/SC";"Decrescente";"Capotamento";1;0;0;0;0;0;0;0;0;0;1;0;0;0;0
"20/08/2024";"22:33:27";"154";"Sem vítima";"330,200";"BR-101/SC";"Crescente";"Colisão lateral no mesmo sentido";1;0;1;0;0;0;0;0;0;0;2;0;0;0;0
"21/08/2024";"01:35:51";"8";"Sem vítima";"400,800";"BR-101/SC";"Decrescente";"Capotamento";1;0;0;0;0;0;0;0;0;0;1;0;0;0;0
"21/08/2024";"11:33:50";"86";"Sem vítima";"382,200";"BR-101/SC";"Decrescente";"Saída de pista";0;0;1;0;0;0;0;0;0;0;1;0;0;0;0
"22/08/2024";"10:08:34";"75";"Sem vítima";"381,900";"BR-101/SC";"Decrescente";"Colisão traseira";2;0;0;0;0;0;0;0;0;0;2;0;0;0;0
"23/08/2024";"11:07:21";"70";"Sem vítima";"344,000";"BR-101/SC";"Crescente";"Colisão lateral no mesmo sentido";1;0;1;0;0;0;0;0;0;0;3;0;0;0;0
"23/08/2024";"12:14:20";"81";"Sem vítima";"336,000";"BR-101/SC";"Crescente";"Choque";1;0;0;0;0;0;0;0;0;0;1;0;0;0;0
"23/08/2024";"15:03:38";"95";"Sem vítima";"257,000";"BR-101/SC";"Decrescente";"Saída de pista";1;0;0;0;0;0;0;0;0;0;1;0;0;0;0
"23/08/2024";"15:39:16";"97";"Com vítima";"339,000";"BR-101/SC";"Decrescente";"Capotamento";1;0;0;0;0;0;0;0;0;0;0;1;0;1;0
"23/08/2024";"19:39:35";"114";"Com vítima";"308,300";"BR-101/SC";"Decrescente";"Tombamento";0;0;1;0;0;0;0;0;0;0;0;0;1;0;0
"23/08/2024";"22:17:23";"124";"Com vítima";"277,800";"BR-101/SC";"Crescente";"Capotamento";1;0;0;0;0;0;0;0;0;0;0;0;1;0;0
"24/08/2024";"01:43:27";"9";"Com vítima";"250,000";"BR-101/SC";"Crescente";"Atropelamento de animal";2;0;0;0;0;0;0;0;0;0;1;1;0;0;0
"24/08/2024";"05:35:09";"19";"Com vítima";"336,000";"BR-101/SC";"Crescente";"Queda de moto";0;0;0;1;0;0;0;0;0;0;0;0;1;0;0
"24/08/2024";"14:49:51";"66";"Com vítima";"348,000";"BR-101/SC";"Decrescente";"Saída de pista";1;0;0;0;0;0;0;0;0;0;0;1;0;0;0
"24/08/2024";"18:24:46";"84";"Sem vítima";"286,250";"BR-101/SC";"Decrescente";"Choque";0;0;1;0;0;0;0;0;0;0;1;0;0;0;0
"25/08/2024";"01:50:35";"5";"Sem vítima";"359,000";"BR-101/SC";"Crescente";"Acidentes de outra natureza";1;0;0;0;0;0;0;0;0;0;1;0;0;0;0
"25/08/2024";"06:16:00";"14";"Sem vítima";"365,000";"BR-101/SC";"Decrescente";"Saída de pista";0;0;1;0;0;0;0;0;0;0;1;0;0;0;0
"25/08/2024";"12:25:42";"49";"Com vítima";"400,000";"BR-101/SC";"Crescente";"Colisão frontal";2;0;0;0;0;0;0;0;0;0;2;1;0;0;0
"25/08/2024";"12:36:48";"51";"Com vítima";"319,000";"BR-101/SC";"Crescente";"Queda de moto";0;0;0;1;0;0;0;0;0;0;0;0;1;0;0
"25/08/2024";"13:25:28";"54";"Sem vítima";"336,000";"BR-101/SC";"Crescente";"Engavetamento";3;0;0;0;0;0;0;0;0;0;10;0;0;0;0
"25/08/2024";"14:49:12";"59";"Com vítima";"331,000";"BR-101/SC";"Crescente";"Colisão lateral no mesmo sentido";1;0;0;1;0;0;0;0;0;0;1;1;0;0;0
"25/08/2024";"17:37:38";"75";"Sem vítima";"343,000";"BR-101/SC";"Crescente";"Colisão lateral no mesmo sentido";1;0;0;0;0;0;0;0;0;0;1;0;0;0;0
"25/08/2024";"17:45:00";"78";"Sem vítima";"317,000";"BR-101/SC";"Crescente";"Colisão lateral no mesmo sentido";1;0;0;0;0;0;0;0;0;0;1;0;0;0;0
"26/08/2024";"05:51:00";"13";"Sem vítima";"297,000";"BR-101/SC";"Crescente";"Saída de pista";1;0;0;0;0;0;0;0;0;0;1;0;0;0;0
"26/08/2024";"09:29:29";"55";"Com vítima";"447,000";"BR-101/SC";"Decrescente";"Colisão traseira";1;0;0;1;0;0;0;0;0;0;1;1;0;0;0
"26/08/2024";"11:25:44";"74";"Sem vítima";"343,000";"BR-101/SC";"Crescente";"Colisão traseira";3;0;0;0;0;0;0;0;0;0;6;0;0;0;0
"26/08/2024";"15:06:20";"89";"Com vítima";"327,100";"BR-101/SC";"Crescente";"Engavetamento";3;0;1;0;0;0;0;0;0;0;3;0;1;0;0
"26/08/2024";"15:23:30";"93";"Sem vítima";"324,000";"BR-101/SC";"Decrescente";"Colisão traseira";2;0;0;0;0;0;0;0;0;0;3;0;0;0;0
"26/08/2024";"18:02:38";"102";"Sem vítima";"335,000";"BR-101/SC";"Crescente";"Colisão lateral no mesmo sentido";0;0;1;1;0;0;0;0;0;0;2;0;0;0;0
"26/08/2024";"18:05:06";"103";"Com vítima";"434,300";"BR-101/SC";"Crescente";"Acidentes de outra natureza";1;0;0;0;0;0;0;0;0;0;3;0;0;0;1
"26/08/2024";"18:27:00";"104";"Com vítima";"331,000";"BR-101/SC";"Decrescente";"Colisão lateral no mesmo sentido";1;0;1;0;0;0;0;0;0;0;3;1;0;0;0
"26/08/2024";"20:57:00";"115";"Sem vítima";"452,000";"BR-101/SC";"Crescente";"Queda de moto";0;0;0;1;0;0;0;0;0;0;1;0;0;0;0
"27/08/2024";"08:06:00";"42";"Sem vítima";"300,500";"BR-101/SC";"Crescente";"Engavetamento";3;0;0;0;0;0;0;0;0;0;3;0;0;0;0
"27/08/2024";"11:31:39";"71";"Sem vítima";"278,300";"BR-101/SC";"Crescente";"Engavetamento";2;0;1;0;0;0;0;0;0;0;3;0;0;0;0
"28/08/2024";"03:41:02";"10";"Sem vítima";"291,000";"BR-101/SC";"Crescente";"Colisão traseira";0;0;2;0;0;0;0;0;0;0;2;0;0;0;0
"28/08/2024";"18:21:28";"127";"Com vítima";"333,700";"BR-101/SC";"Crescente";"Colisão lateral no mesmo sentido";1;0;0;1;0;0;0;0;0;0;1;1;0;0;0
"28/08/2024";"18:27:24";"128";"Sem vítima";"282,300";"BR-101/SC";"Crescente";"Colisão traseira";2;0;0;0;0;0;0;0;0;0;2;0;0;0;0
"28/08/2024";"23:40:15";"149";"Sem vítima";"370,500";"BR-101/SC";"Crescente";"Saída de pista";0;0;1;0;0;0;0;0;0;0;1;0;0;0;0
"29/08/2024";"07:20:01";"36";"Sem vítima";"343,000";"BR-101/SC";"Crescente";"Saída de pista";1;0;0;0;0;0;0;0;0;0;1;0;0;0;0
"29/08/2024";"07:45:00";"55";"Sem vítima";"381,000";"BR-101/SC";"Decrescente";"Colisão traseira";2;0;0;0;0;0;0;0;0;0;2;0;0;0;0
"29/08/2024";"13:30:39";"134";"Com vítima";"339,000";"BR-101/SC";"Decrescente";"Colisão transversal";1;0;0;1;0;0;0;0;0;0;1;0;1;0;0
"30/08/2024";"01:33:21";"3";"Sem vítima";"368,000";"BR-101/SC";"Crescente";"Saída de pista";0;0;1;0;0;0;0;0;0;0;1;0;0;0;0
"30/08/2024";"06:56:06";"62";"Com vítima";"447,420";"BR-101/SC";"Decrescente";"Colisão lateral no mesmo sentido";2;0;0;0;0;0;0;0;0;0;1;2;0;0;0
"30/08/2024";"09:41:00";"122";"Sem vítima";"464,000";"BR-101/SC";"Crescente";"Saída de pista";0;0;1;0;0;0;0;0;0;0;1;0;0;0;0
"30/08/2024";"13:24:27";"160";"Sem vítima";"316,000";"BR-101/SC";"Decrescente";"Colisão traseira";1;0;1;0;0;0;0;0;0;0;2;0;0;0;0
"30/08/2024";"16:47:45";"178";"Sem vítima";"410,000";"BR-101/SC";"Crescente";"Queda de moto";0;0;0;1;0;0;0;0;0;0;1;0;0;0;0
"30/08/2024";"19:11:51";"191";"Com vítima";"392,000";"BR-101/SC";"Crescente";"Colisão traseira";1;0;0;1;0;0;0;0;0;0;4;1;0;0;0
"30/08/2024";"19:32:23";"192";"Sem vítima";"390,000";"BR-101/SC";"Decrescente";"Colisão lateral no mesmo sentido";1;0;1;0;0;0;0;0;0;0;2;0;0;0;0
"31/08/2024";"11:29:00";"73";"Com vítima";"332,000";"BR-101/SC";"Decrescente";"Colisão traseira";0;0;0;2;0;0;0;0;0;0;0;2;1;0;0
"31/08/2024";"14:39:44";"96";"Sem vítima";"355,000";"BR-101/SC";"Crescente";"Saída de pista";1;0;0;0;0;0;0;0;0;0;2;0;0;0;0
"31/08/2024";"20:39:22";"125";"Sem vítima";"344,000";"BR-101/SC";"Crescente";"Colisão traseira";1;0;0;0;0;0;0;0;0;0;1;0;0;0;0
"31/08/2024";"22:56:46";"132";"Sem vítima";"409,000";"BR-101/SC";"Crescente";"Queda de moto";0;0;0;1;0;0;0;0;0;0;2;0;0;0;0
"01/09/2024";"02:55:00";"8";"Sem vítima";"282,000";"BR-101/SC";"Decrescente";"Queda de moto";0;0;0;1;0;0;0;0;0;0;1;0;0;0;0
"01/09/2024";"05:59:13";"18";"Sem vítima";"358,000";"BR-101/SC";"Crescente";"Choque";1;0;0;0;0;0;0;0;0;0;1;0;0;0;0
"01/09/2024";"08:31:31";"43";"Sem vítima";"405,000";"BR-101/SC";"Crescente";"Colisão lateral no mesmo sentido";2;0;0;0;0;0;0;0;0;0;2;0;0;0;0
"01/09/2024";"18:51:34";"97";"Sem vítima";"380,000";"BR-101/SC";"Crescente";"Colisão traseira";2;0;0;0;0;0;0;0;0;0;5;0;0;0;0