data;horario;n_da_ocorrencia;tipo_de_ocorrencia;km;trecho;sentido;tipo_de_acidente;automovel;bicicleta;caminhao;moto;onibus;outros;tracao_animal;transporte_de_cargas_especiais;trator_maquinas;utilitarios;ilesos;levemente_feridos;moderadamente_feridos;gravemente_feridos;mortos
"28/09/2024";"02:02:31";"14";"Sem vítima";"440,000";"BR-101/SC";"Crescente";"Saída de pista";1;0;0;0;0;0;0;0;0;0;3;0;0;0;0
"28/09/2024";"05:55:24";"26";"Com vítima";"309,000";"BR-101/SC";"Decrescente";"Queda de moto";0;0;0;1;0;0;0;0;0;0;0;1;0;0;0
"28/09/2024";"19:29:06";"127";"Com vítima";"330,000";"BR-101/SC";"Crescente";"Colisão traseira";1;0;0;1;0;0;0;0;0;0;2;0;1;0;0
"28/09/2024";"21:41:57";"134";"Com vítima";"248,700";"BR-101/SC";"Crescente";"Colisão traseira";1;0;1;0;0;0;0;0;0;0;1;0;1;0;0
"28/09/2024";"22:12:32";"136";"Com vítima";"448,000";"BR-101/SC";"Crescente";"Colisão lateral no mesmo sentido";2;0;0;0;0;0;0;0;0;0;1;0;2;0;0
"28/09/2024";"22:53:48";"138";"Sem vítima";"305,500";"BR-101/SC";"Crescente";"Saída de pista";0;0;1;0;0;0;0;0;0;0;1;0;0;0;0
"29/09/2024";"03:44:07";"18";"Sem vítima";"358,000";"BR-101/SC";"Crescente";"Saída de pista";1;0;0;0;0;0;0;0;0;0;1;0;0;0;0
"29/09/2024";"08:06:41";"43";"Sem vítima";"405,000";"BR-101/SC";"Decrescente";"Colisão traseira";2;0;0;0;0;0;0;0;0;0;4;0;0;0;0
"29/09/2024";"10:21:56";"52";"Com vítima";"306,000";"BR-101/SC";"Decrescente";"Colisão traseira";1;0;1;0;0;0;0;0;0;0;1;2;0;0;0
"29/09/2024";"14:07:48";"70";"Sem vítima";"405,000";"BR-101/SC";"Crescente";"Colisão traseira";2;0;0;0;0;0;0;0;0;0;3;0;0;0;0
"29/09/2024";"14:59:33";"77";"Sem vítima";"404,000";"BR-101/SC";"Crescente";"Choque";1;0;0;1;0;0;0;0;0;0;3;0;0;0;0
"29/09/2024";"16:24:15";"95";"Sem vítima";"317,000";"BR-101/SC";"Decrescente";"Choque";1;0;0;0;0;0;0;0;0;0;1;0;0;0;0
"29/09/2024";"17:49:33";"104";"Com vítima";"382,000";"BR-101/SC";"Crescente";"Queda de moto";0;0;0;1;0;0;0;0;0;0;1;0;1;0;0
"29/09/2024";"20:51:02";"116";"Sem vítima";"284,900";"BR-101/SC";"Decrescente";"Tombamento";1;0;1;0;0;0;0;0;0;0;2;0;0;0;0
"30/09/2024";"00:02:41";"1";"Sem vítima";"403,000";"BR-101/SC";"Crescente";"Colisão traseira";1;0;1;0;0;0;0;0;0;0;3;0;0;0;0
"30/09/2024";"02:21:42";"9";"Sem vítima";"346,000";"BR-101/SC";"Crescente";"Atropelamento de animal";1;0;0;0;0;0;0;0;0;0;1;0;0;0;0
"30/09/2024";"10:15:16";"94";"Sem vítima";"332,500";"BR-101/SC";"Crescente";"Colisão traseira";2;0;0;0;0;0;0;0;0;0;3;0;0;0;0
"30/09/2024";"11:06:49";"104";"Sem vítima";"331,000";"BR-101/SC";"Crescente";"Colisão traseira";1;0;0;0;0;0;0;0;0;0;1;0;0;0;0
"30/09/2024";"13:49:08";"124";"Sem vítima";"402,000";"BR-101/SC";"Crescente";"Colisão lateral no mesmo sentido";1;0;0;1;0;0;0;0;0;0;4;0;0;0;0
"30/09/2024";"19:20:21";"167";"Sem vítima";"311,000";"BR-101/SC";"Crescente";"Acidentes de outra natureza";1;0;0;0;0;0;0;0;0;0;1;0;0;0;0
"01/10/2024";"07:41:14";"65";"Com vítima";"325,000";"BR-101/SC";"Crescente";"Saída de pista";0;0;0;1;0;0;0;0;0;0;0;0;0;1;0
"01/10/2024";"08:18:33";"77";"Com vítima";"336,500";"BR-101/SC";"Crescente";"Colisão traseira";1;0;1;0;0;0;0;0;0;0;1;1;0;0;0
"01/10/2024";"09:19:13";"96";"Com vítima";"331,000";"BR-101/SC";"Crescente";"Colisão lateral no mesmo sentido";1;0;0;1;0;0;0;0;0;0;1;1;0;0;0
"01/10/2024";"10:22:31";"104";"Com vítima";"437,000";"BR-101/SC";"Decrescente";"Colisão traseira";1;0;1;0;0;0;0;0;0;0;1;1;0;0;0
"01/10/2024";"13:03:38";"127";"Sem vítima";"318,000";"BR-101/SC";"Decrescente";"Colisão traseira";1;0;1;0;0;0;0;0;0;0;5;0;0;0;0
"01/10/2024";"13:14:11";"128";"Sem vítima";"315,000";"BR-101/SC";"Crescente";"Colisão lateral no mesmo sentido";1;0;1;0;0;0;0;0;0;0;5;0;0;0;0
"01/10/2024";"16:38:48";"153";"Sem vítima";"458,000";"BR-101/SC";"Crescente";"Saída de pista";1;0;0;0;0;0;0;0;0;0;1;0;0;0;0
"01/10/2024";"19:17:29";"166";"Com vítima";"381,000";"BR-101/SC";"Decrescente";"Capotamento";1;0;0;0;0;0;0;0;0;0;2;0;1;0;0
"01/10/2024";"21:21:01";"173";"Sem vítima";"298,000";"BR-101/SC";"Decrescente";"Colisão traseira";0;0;2;0;0;0;0;0;0;0;3;0;0;0;0
"02/10/2024";"00:17:30";"1";"Sem vítima";"405,000";"BR-101/SC";"Decrescente";"Choque";1;0;0;0;0;0;0;0;0;0;1;0;0;0;0
"02/10/2024";"15:33:08";"65";"Sem vítima";"257,000";"BR-101/SC";"Decrescente";"Capotamento";1;0;0;0;0;0;0;0;0;0;5;0;0;0;0
"02/10/2024";"16:26:27";"69";"Sem vítima";"382,000";"BR-101/SC";"Decrescente";"Saída de pista";1;0;0;0;0;0;0;0;0;0;1;0;0;0;0
"03/10/2024";"12:04:12";"93";"Sem vítima";"331,100";"BR-101/SC";"Crescente";"Choque";1;0;0;0;0;0;0;0;0;0;1;0;0;0;0
"03/10/2024";"12:09:33";"94";"Com vítima";"382,100";"BR-101/SC";"Decrescente";"Colisão lateral no mesmo sentido";0;0;2;0;0;0;0;0;0;0;1;0;1;0;0
"03/10/2024";"15:37:43";"121";"Com vítima";"261,800";"BR-101/SC";"Crescente";"Saída de pista";0;0;1;0;0;0;0;0;0;0;0;1;1;0;0
"04/10/2024";"04:52:32";"23";"Sem vítima";"449,000";"BR-101/SC";"Crescente";"Saída de pista";1;0;0;0;0;0;0;0;0;0;1;0;0;0;0
"04/10/2024";"07:47:10";"68";"Com vítima";"437,000";"BR-101/SC";"Crescente";"Queda de moto";1;0;0;1;0;0;0;0;0;0;1;0;1;0;0
"04/10/2024";"11:59:57";"114";"Com vítima";"437,000";"BR-101/SC";"Crescente";"Saída de pista";1;0;0;0;0;0;0;0;0;0;0;0;1;0;0
"04/10/2024";"23:36:50";"177";"Com vítima";"427,000";"BR-101/SC";"Decrescente";"Colisão traseira";0;0;2;0;0;0;0;0;0;0;1;0;0;2;0
"05/10/2024";"00:27:00";"3";"Sem vítima";"423,000";"BR-101/SC";"Crescente";"Saída de pista";1;0;0;0;0;0;0;0;0;0;1;0;0;0;0
"05/10/2024";"01:17:58";"7";"Com vítima";"396,800";"BR-101/SC";"Decrescente";"Colisão lateral no mesmo sentido";2;0;0;0;0;0;0;0;0;0;3;1;0;0;0
"05/10/2024";"04:52:21";"19";"Sem vítima";"369,000";"BR-101/SC";"Decrescente";"Saída de pista";1;0;0;0;0;0;0;0;0;0;1;0;0;0;0
"05/10/2024";"05:08:10";"20";"Sem vítima";"351,000";"BR-101/SC";"Decrescente";"Saída de pista";1;0;0;0;0;0;0;0;0;0;2;0;0;0;0
"05/10/2024";"15:28:00";"91";"Com vítima";"326,800";"BR-101/SC";"Decrescente";"Queda de moto";0;0;0;1;0;0;0;0;0;0;0;1;1;0;0
"05/10/2024";"17:46:08";"107";"Com vítima";"423,000";"BR-101/SC";"Decrescente";"Colisão transversal";1;0;0;1;0;0;0;0;0;0;2;0;1;0;0
"05/10/2024";"18:19:30";"110";"Com vítima";"332,500";"BR-101/SC";"Crescente";"Saída de pista";1;0;0;0;0;0;0;0;0;0;0;1;0;0;0
"05/10/2024";"18:58:23";"115";"Com vítima";"364,000";"BR-101/SC";"Decrescente";"Saída de pista";1;0;0;0;0;0;0;0;0;0;0;2;0;0;0
"06/10/2024";"02:27:35";"14";"Sem vítima";"388,000";"BR-101/SC";"Crescente";"Saída de pista";1;0;0;0;0;0;0;0;0;0;1;0;0;0;0
"06/10/2024";"04:48:25";"24";"Com vítima";"367,350";"BR-101/SC";"Decrescente";"Colisão frontal";2;0;0;0;0;0;0;0;0;0;0;4;0;0;0
"06/10/2024";"05:08:39";"25";"Com vítima";"293,000";"BR-101/SC";"Decrescente";"Saída de pista";1;0;0;0;0;0;0;0;0;0;0;0;2;0;0
"06/10/2024";"09:20:30";"37";"Com vítima";"337,000";"BR-101/SC";"Crescente";"Colisão lateral no mesmo sentido";0;0;1;1;0;0;0;0;0;0;1;1;0;0;0
"06/10/2024";"10:54:26";"41";"Com vítima";"405,000";"BR-101/SC";"Decrescente";"Colisão lateral no mesmo sentido";2;0;0;0;0;0;0;0;0;0;3;3;0;0;0
"06/10/2024";"15:36:31";"58";"Com vítima";"433,000";"BR-101/SC";"Crescente";"Colisão traseira";2;0;0;0;0;0;0;0;0;0;1;0;2;0;0
"06/10/2024";"18:50:16";"73";"Com vítima";"358,000";"BR-101/SC";"Decrescente";"Capotamento";1;0;0;0;0;0;0;0;0;0;0;2;0;0;0
"06/10/2024";"19:11:48";"74";"Sem vítima";"344,000";"BR-101/SC";"Crescente";"Saída de pista";1;0;0;0;0;0;0;0;0;0;4;0;0;0;0
"07/10/2024";"06:09:50";"16";"Com vítima";"358,000";"BR-101/SC";"Decrescente";"Queda de moto";0;0;1;1;0;0;0;0;0;0;1;0;1;0;0
"07/10/2024";"07:09:27";"32";"Sem vítima";"390,000";"BR-101/SC";"Decrescente";"Colisão traseira";1;0;1;0;0;0;0;0;0;0;2;0;0;0;0
"07/10/2024";"08:52:19";"64";"Sem vítima";"407,000";"BR-101/SC";"Decrescente";"Saída de pista";0;0;1;0;0;0;0;0;0;0;1;0;0;0;0
"07/10/2024";"13:56:26";"91";"Com vítima";"344,000";"BR-101/SC";"Crescente";"Colisão traseira";1;0;0;1;0;0;0;0;0;0;1;0;1;0;0
"07/10/2024";"20:13:56";"128";"Sem vítima";"417,000";"BR-101/SC";"Crescente";"Colisão traseira";1;0;1;0;0;0;0;0;0;0;2;0;0;0;0
"07/10/2024";"21:57:14";"135";"Sem vítima";"282,000";"BR-101/SC";"Crescente";"Saída de pista";1;0;0;0;0;0;0;0;0;0;1;0;0;0;0
"07/10/2024";"22:02:30";"136";"Sem vítima";"354,000";"BR-101/SC";"Decrescente";"Saída de pista";1;0;0;0;0;0;0;0;0;0;1;0;0;0;0
"08/10/2024";"09:31:20";"51";"Sem vítima";"283,000";"BR-101/SC";"Decrescente";"Colisão traseira";1;0;1;0;0;0;0;0;0;0;3;0;0;0;0
"08/10/2024";"15:09:44";"73";"Com vítima";"418,000";"BR-101/SC";"Crescente";"Engavetamento";4;0;0;0;0;0;0;0;0;0;4;0;1;0;0
"08/10/2024";"15:24:47";"76";"Sem vítima";"418,000";"BR-101/SC";"Crescente";"Colisão traseira";2;0;0;0;0;0;0;0;0;0;7;0;0;0;0
"08/10/2024";"15:37:30";"77";"Sem vítima";"379,000";"BR-101/SC";"Decrescente";"Saída de pista";1;0;0;0;0;0;0;0;0;0;1;0;0;0;0
"08/10/2024";"20:47:03";"101";"Sem vítima";"304,000";"BR-101/SC";"Crescente";"Colisão traseira";1;0;1;0;0;0;0;0;0;0;2;0;0;0;0
"08/10/2024";"21:40:20";"105";"Com vítima";"372,000";"BR-101/SC";"Crescente";"Tombamento";0;0;1;0;0;0;0;0;0;0;0;1;0;0;0
"09/10/2024";"00:38:27";"2";"Sem vítima";"367,000";"BR-101/SC";"Crescente";"Saída de pista";1;0;0;0;0;0;0;0;0;0;5;0;0;0;0
"09/10/2024";"04:35:29";"9";"Sem vítima";"372,000";"BR-101/SC";"Crescente";"Saída de pista";1;0;0;0;0;0;0;0;0;0;1;0;0;0;0
"09/10/2024";"08:51:14";"44";"Sem vítima";"374,000";"BR-101/SC";"Crescente";"Saída de pista";1;0;0;0;0;0;0;0;0;0;1;0;0;0;0
"09/10/2024";"14:36:07";"76";"Sem vítima";"255,000";"BR-101/SC";"Decrescente";"Saída de pista";1;0;0;0;0;0;0;0;0;0;2;0;0;0;0
"09/10/2024";"15:06:17";"80";"Sem vítima";"264,000";"BR-101/SC";"Crescente";"Saída de pista";1;0;0;0;0;0;0;0;0;0;3;0;0;0;0
"09/10/2024";"15:27:16";"83";"Sem vítima";"336,000";"BR-101/SC";"Crescente";"Choque";0;0;1;0;0;0;0;0;0;0;1;0;0;0;0
"09/10/2024";"15:50:02";"85";"Com vítima";"257,000";"BR-101/SC";"Decrescente";"Choque";1;0;0;0;0;0;0;0;0;0;0;2;0;0;0
"09/10/2024";"18:00:16";"97";"Sem vítima";"380,000";"BR-101/SC";"Decrescente";"Colisão traseira";2;0;0;0;0;0;0;0;0;0;1;0;0;0;0
"09/10/2024";"23:56:01";"117";"Sem vítima";"339,000";"BR-101/SC";"Crescente";"Saída de pista";1;0;0;0;0;0;0;0;0;0;1;0;0;0;0
"10/10/2024";"00:35:12";"3";"Sem vítima";"399,000";"BR-101/SC";"Crescente";"Queda de moto";0;0;0;1;0;0;0;0;0;0;1;0;0;0;0
"10/10/2024";"07:05:32";"19";"Sem vítima";"323,000";"BR-101/SC";"Decrescente";"Saída de pista";1;0;0;0;0;0;0;0;0;0;1;0;0;0;0
"10/10/2024";"08:48:45";"43";"Sem vítima";"337,000";"BR-101/SC";"Crescente";"Saída de pista";1;0;0;0;0;0;0;0;0;0;1;0;0;0;0
"10/10/2024";"10:11:06";"49";"Sem vítima";"326,000";"BR-101/SC";"Decrescente";"Colisão lateral no mesmo sentido";1;0;1;0;0;0;0;0;0;0;2;0;0;0;0
"10/10/2024";"10:43:04";"52";"Sem vítima";"442,200";"BR-101/SC";"Decrescente";"Colisão lateral no mesmo sentido";1;0;1;0;0;0;0;0;0;0;3;0;0;0;0
"10/10/2024";"13:28:53";"71";"Sem vítima";"306,000";"BR-101/SC";"Decrescente";"Colisão lateral no mesmo sentido";1;0;1;0;0;0;0;0;0;0;2;0;0;0;0
"10/10/2024";"15:44:07";"81";"Sem vítima";"376,050";"BR-101/SC";"Decrescente";"Saída de pista";1;0;0;0;0;0;0;0;0;0;2;0;0;0;0
"10/10/2024";"19:04:30";"101";"Sem vítima";"280,400";"BR-101/SC";"Crescente";"Saída de pista";0;0;1;0;0;0;0;0;0;0;1;0;0;0;0
"10/10/2024";"19:17:24";"102";"Com vítima";"245,000";"BR-101/SC";"Crescente";"Colisão lateral no mesmo sentido";1;0;0;0;0;0;0;0;0;0;0;1;0;1;0
"11/10/2024";"02:36:59";"8";"Sem vítima";"351,000";"BR-101/SC";"Decrescente";"Colisão traseira";1;0;1;0;0;0;0;0;0;0;4;0;0;0;0
"11/10/2024";"03:41:51";"14";"Sem vítima";"405,800";"BR-101/SC";"Decrescente";"Tombamento";0;0;1;0;0;0;0;0;0;0;1;0;0;0;0
"11/10/2024";"12:12:25";"63";"Sem vítima";"406,000";"BR-101/SC";"Decrescente";"Colisão traseira";1;0;1;0;0;0;0;0;0;0;2;0;0;0;0
"11/10/2024";"20:20:27";"113";"Sem vítima";"354,000";"BR-101/SC";"Decrescente";"Saída de pista";1;0;0;0;0;0;0;0;0;0;2;0;0;0;0
"11/10/2024";"20:53:49";"117";"Sem vítima";"362,000";"BR-101/SC";"Crescente";"Choque";1;0;0;0;0;0;0;0;0;0;1;0;0;0;0
"11/10/2024";"21:53:04";"121";"Sem vítima";"390,000";"BR-101/SC";"Decrescente";"Saída de pista";1;0;0;0;0;0;0;0;0;0;2;0;0;0;0
"12/10/2024";"02:02:12";"11";"Com vítima";"328,000";"BR-101/SC";"Decrescente";"Choque";1;0;0;0;0;0;0;0;0;0;0;0;1;0;0
"12/10/2024";"05:57:09";"18";"Sem vítima";"331,000";"BR-101/SC";"Crescente";"Saída de pista";0;0;1;0;0;0;0;0;0;0;1;0;0;0;0
"12/10/2024";"10:42:21";"56";"Sem vítima";"354,000";"BR-101/SC";"Decrescente";"Colisão traseira";1;0;1;0;0;0;0;0;0;0;3;0;0;0;0
"12/10/2024";"10:52:21";"58";"Sem vítima";"442,000";"BR-101/SC";"Decrescente";"Choque";1;0;0;0;0;0;0;0;0;0;4;0;0;0;0
"12/10/2024";"12:53:32";"75";"Com vítima";"376,000";"BR-101/SC";"Decrescente";"Colisão traseira";1;0;1;0;0;0;0;0;0;0;1;3;0;0;0
"12/10/2024";"16:34:13";"86";"Sem vítima";"403,000";"BR-101/SC";"Decrescente";"Saída de pista";1;0;0;0;0;0;0;0;0;0;2;0;0;0;0
"12/10/2024";"16:47:36";"88";"Sem vítima";"334,000";"BR-101/SC";"Decrescente";"Colisão lateral no mesmo sentido";0;0;1;0;0;0;0;0;0;0;1;0;0;0;0
"12/10/2024";"16:53:43";"90";"Sem vítima";"374,000";"BR-101/SC";"Decrescente";"Saída de pista";1;0;0;0;0;0;0;0;0;0;2;0;0;0;0
"12/10/2024";"20:12:49";"108";"Com vítima";"324,000";"BR-101/SC";"Crescente";"Colisão traseira";0;0;0;1;0;0;0;0;0;0;0;1;1;0;0
"12/10/2024";"22:47:36";"115";"Com vítima";"345,000";"BR-101/SC";"Decrescente";"Colisão lateral no mesmo sentido";1;0;0;1;0;0;0;0;0;0;1;0;0;1;0
"12/10/2024";"22:57:09";"116";"Sem vítima";"334,000";"BR-101/SC";"Crescente";"Choque";1;0;0;0;0;0;0;0;0;0;1;0;0;0;0
"13/10/2024";"17:17:10";"76";"Com vítima";"407,000";"BR-101/SC";"Decrescente";"Saída de pista";2;0;0;0;0;0;0;0;0;0;2;1;0;0;0
"13/10/2024";"23:41:20";"98";"Sem vítima";"441,000";"BR-101/SC";"Crescente";"Colisão traseira";2;0;0;0;0;0;0;0;0;0;3;0;0;0;0
"14/10/2024";"15:14:46";"120";"Com vítima";"292,700";"BR-101/SC";"Decrescente";"Colisão lateral no mesmo sentido";1;0;0;1;0;0;0;0;0;0;1;1;0;0;0
"14/10/2024";"16:40:25";"127";"Com vítima";"295,000";"BR-101/SC";"Crescente";"Saída de pista";0;0;0;1;0;0;0;0;0;0;0;0;1;0;0
"14/10/2024";"20:58:26";"150";"Sem vítima";"289,000";"BR-101/SC";"Decrescente";"Choque";1;0;0;0;0;0;0;0;0;0;1;0;0;0;0
"15/10/2024";"10:33:20";"100";"Com vítima";"308,000";"BR-101/SC";"Crescente";"Engavetamento";4;0;0;0;0;0;0;0;0;0;8;0;1;0;0
"15/10/2024";"19:02:54";"150";"Com vítima";"432,500";"BR-101/SC";"Crescente";"Colisão traseira";2;0;0;0;0;0;0;0;0;0;1;1;0;0;0
"15/10/2024";"19:45:22";"157";"Sem vítima";"357,000";"BR-101/SC";"Decrescente";"Choque";1;0;0;0;0;0;0;0;0;0;1;0;0;0;0
"15/10/2024";"22:25:38";"166";"Com vítima";"280,000";"BR-101/SC";"Crescente";"Colisão transversal";1;0;0;1;0;0;0;0;0;0;1;1;0;0;0
"16/10/2024";"00:11:44";"4";"Sem vítima";"387,000";"BR-101/SC";"Decrescente";"Acidentes de outra natureza";1;0;0;0;0;0;0;0;0;0;1;0;0;0;0
"16/10/2024";"11:25:19";"111";"Sem vítima";"323,000";"BR-101/SC";"Crescente";"Colisão traseira";1;0;1;0;0;0;0;0;0;0;2;0;0;0;0
"16/10/2024";"18:35:40";"147";"Sem vítima";"381,000";"BR-101/SC";"Crescente";"Colisão traseira";2;0;1;0;0;0;0;0;0;0;2;0;0;0;0
"17/10/2024";"04:34:47";"17";"Sem vítima";"453,000";"BR-101/SC";"Crescente";"Colisão traseira";0;0;2;0;0;0;0;0;0;0;2;0;0;0;0
"17/10/2024";"11:26:40";"93";"Sem vítima";"333,000";"BR-101/SC";"Crescente";"Colisão traseira";0;0;2;0;0;0;0;0;0;0;2;0;0;0;0
"17/10/2024";"15:13:40";"110";"Com vítima";"341,000";"BR-101/SC";"Crescente";"Queda de moto";0;0;0;1;0;0;0;0;0;0;0;0;1;0;0
"17/10/2024";"18:18:25";"121";"Com vítima";"290,900";"BR-101/SC";"Crescente";"Queda de moto";0;0;0;1;0;0;0;0;0;0;0;1;1;0;0
"17/10/2024";"20:01:57";"127";"Com vítima";"368,000";"BR-101/SC";"Decrescente";"Capotamento";1;0;0;0;0;0;0;0;0;0;2;0;0;1;0
"18/10/2024";"00:17:13";"1";"Com vítima";"320,000";"BR-101/SC";"Decrescente";"Queda de moto";0;0;0;1;0;0;0;0;0;0;0;0;2;0;0
"18/10/2024";"15:17:12";"124";"Com vítima";"384,000";"BR-101/SC";"Decrescente";"Saída de pista";0;0;1;0;0;0;0;0;0;0;0;1;0;0;0
"18/10/2024";"16:48:16";"135";"Sem vítima";"444,000";"BR-101/SC";"Decrescente";"Colisão traseira";2;0;0;0;0;0;0;0;0;0;2;0;0;0;0
"18/10/2024";"20:05:40";"154";"Com vítima";"367,000";"BR-101/SC";"Crescente";"Colisão traseira";0;0;2;0;0;0;0;0;0;0;1;1;0;0;0
"19/10/2024";"01:08:40";"7";"Sem vítima";"405,000";"BR-101/SC";"Decrescente";"Colisão traseira";2;0;0;0;0;0;0;0;0;0;5;0;0;0;0
"19/10/2024";"02:13:57";"12";"Com vítima";"435,000";"BR-101/SC";"Crescente";"Capotamento";2;0;0;0;0;0;0;0;0;0;1;0;1;0;0
"19/10/2024";"02:48:20";"13";"Sem vítima";"367,000";"BR-101/SC";"Crescente";"Saída de pista";1;0;0;0;0;0;0;0;0;0;4;0;0;0;0
"19/10/2024";"04:13:32";"16";"Sem vítima";"393,000";"BR-101/SC";"Crescente";"Saída de pista";1;0;0;0;0;0;0;0;0;0;2;0;0;0;0
"19/10/2024";"14:03:05";"78";"Sem vítima";"368,000";"BR-101/SC";"Crescente";"Choque";1;0;0;0;0;0;0;0;0;0;1;0;0;0;0
"19/10/2024";"18:08:26";"104";"Sem vítima";"451,000";"BR-101/SC";"Decrescente";"Choque";1;0;0;0;0;0;0;0;0;0;1;0;0;0;0
"19/10/2024";"19:20:01";"107";"Sem vítima";"448,000";"BR-101/SC";"Crescente";"Saída de pista";1;0;0;0;0;0;0;0;0;0;2;0;0;0;0
"20/10/2024";"03:03:47";"10";"Sem vítima";"388,000";"BR-101/SC";"Decrescente";"Saída de pista";1;0;0;0;0;0;0;0;0;0;3;0;0;0;0
"20/10/2024";"03:53:20";"11";"Com vítima";"316,000";"BR-101/SC";"Decrescente";"Choque";1;0;0;1;0;0;0;0;0;0;1;2;0;0;1
"20/10/2024";"05:48:51";"14";"Sem vítima";"355,000";"BR-101/SC";"Crescente";"Choque";1;0;0;0;0;0;0;0;0;0;3;0;0;0;0
"20/10/2024";"15:14:50";"80";"Sem vítima";"331,000";"BR-101/SC";"Crescente";"Colisão lateral no mesmo sentido";2;0;0;0;0;0;0;0;0;0;4;0;0;0;0
"20/10/2024";"15:27:28";"82";"Com vítima";"458,000";"BR-101/SC";"Decrescente";"Colisão traseira";1;0;0;1;0;0;0;0;0;0;5;0;1;0;0
"20/10/2024";"20:53:48";"114";"Com vítima";"273,500";"BR-101/SC";"Crescente";"Acidentes de outra natureza";1;0;0;0;0;0;0;0;0;0;4;0;0;0;1
"21/10/2024";"01:03:51";"1";"Sem vítima";"300,000";"BR-101/SC";"Decrescente";"Choque";1;0;0;0;0;0;0;0;0;0;3;0;0;0;0
"21/10/2024";"06:17:57";"11";"Sem vítima";"349,000";"BR-101/SC";"Decrescente";"Capotamento";1;0;0;0;0;0;0;0;0;0;1;0;0;0;0
"21/10/2024";"07:51:45";"39";"Sem vítima";"256,000";"BR-101/SC";"Decrescente";"Saída de pista";1;0;0;0;0;0;0;0;0;0;2;0;0;0;0
"22/10/2024";"05:19:45";"14";"Sem vítima";"310,000";"BR-101/SC";"Crescente";"Colisão traseira";1;0;2;0;0;0;0;0;0;0;5;0;0;0;0
"22/10/2024";"05:47:13";"16";"Sem vítima";"390,000";"BR-101/SC";"Decrescente";"Queda de carga";0;0;1;0;0;0;0;0;0;0;1;0;0;0;0
"22/10/2024";"06:44:33";"28";"Sem vítima";"351,000";"BR-101/SC";"Decrescente";"Colisão traseira";2;0;0;0;0;0;0;0;0;0;12;0;0;0;0
"22/10/2024";"12:41:03";"89";"Com vítima";"329,000";"BR-101/SC";"Crescente";"Colisão traseira";2;0;0;0;0;0;0;0;0;0;2;1;0;0;0
"23/10/2024";"02:28:43";"6";"Sem vítima";"350,000";"BR-101/SC";"Crescente";"Colisão traseira";2;0;0;0;0;0;0;0;0;0;5;0;0;0;0
"23/10/2024";"09:42:37";"76";"Com vítima";"338,000";"BR-101/SC";"Decrescente";"Saída de pista";0;0;0;1;0;0;0;0;0;0;0;0;1;0;0
"23/10/2024";"10:51:56";"96";"Sem vítima";"405,000";"BR-101/SC";"Decrescente";"Colisão traseira";1;0;1;0;0;0;0;0;0;0;4;0;0;0;0
"23/10/2024";"10:57:19";"98";"Com vítima";"374,000";"BR-101/SC";"Crescente";"Saída de pista";1;0;0;0;0;0;0;0;0;0;0;2;0;0;0
"23/10/2024";"17:52:55";"146";"Sem vítima";"445,000";"BR-101/SC";"Crescente";"Choque";1;0;0;0;0;0;0;0;0;0;1;0;0;0;0
"24/10/2024";"00:08:09";"1";"Com vítima";"419,000";"BR-101/SC";"Decrescente";"Atropelamento de pedestre";1;0;0;0;0;0;0;0;0;0;1;0;0;0;1
"24/10/2024";"11:14:27";"81";"Com vítima";"330,000";"BR-101/SC";"Crescente";"Colisão traseira";1;0;1;0;0;0;0;0;0;0;1;1;0;0;0
"24/10/2024";"20:12:41";"148";"Com vítima";"282,000";"BR-101/SC";"Crescente";"Colisão lateral no mesmo sentido";0;0;1;1;0;0;0;0;0;0;1;2;0;0;0
"24/10/2024";"20:58:06";"154";"Com vítima";"417,600";"BR-101/SC";"Decrescente";"Choque";0;0;0;0;0;0;0;0;0;0;0;0;0;0;1
"25/10/2024";"01:19:53";"8";"Sem vítima";"374,000";"BR-101/SC";"Crescente";"Saída de pista";0;0;1;0;0;0;0;0;0;0;1;0;0;0;0
"25/10/2024";"13:48:21";"106";"Com vítima";"275,500";"BR-101/SC";"Crescente";"Choque";1;0;0;0;0;0;0;0;0;0;0;0;1;0;0
"25/10/2024";"14:59:03";"109";"Sem vítima";"355,000";"BR-101/SC";"Decrescente";"Saída de pista";1;0;0;0;0;0;0;0;0;0;2;0;0;0;0
"25/10/2024";"15:40:33";"111";"Sem vítima";"251,000";"BR-101/SC";"Decrescente";"Colisão traseira";2;0;0;0;0;0;0;0;0;0;6;0;0;0;0
"25/10/2024";"23:37:06";"149";"Com vítima";"350,000";"BR-101/SC";"Decrescente";"Saída de pista";1;0;0;0;0;0;0;0;0;0;0;1;0;0;0
"26/10/2024";"04:03:44";"15";"Sem vítima";"353,000";"BR-101/SC";"Decrescente";"Saída de pista";1;0;0;0;0;0;0;0;0;0;1;0;0;0;0