data;horario;n_da_ocorrencia;tipo_de_ocorrencia;km;trecho;sentido;tipo_de_acidente;automovel;bicicleta;caminhao;moto;onibus;outros;tracao_animal;transporte_de_cargas_especiais;trator_maquinas;utilitarios;ilesos;levemente_feridos;moderadamente_feridos;gravemente_feridos;mortos
"27/11/2024";"15:27:09";"108";"Com vítima";"440,000";"BR-101/SC";"Decrescente";"Colisão traseira";0;0;2;0;0;0;0;0;0;0;1;0;1;0;0
"27/11/2024";"17:04:54";"118";"Com vítima";"339,500";"BR-101/SC";"Crescente";"Tombamento";0;0;1;0;0;0;0;0;0;0;0;0;1;0;0
"27/11/2024";"17:44:54";"121";"Sem vítima";"339,000";"BR-101/SC";"Crescente";"Colisão lateral no mesmo sentido";1;0;1;0;0;0;0;0;0;0;2;0;0;0;0
"28/11/2024";"04:04:41";"19";"Sem vítima";"459,000";"BR-101/SC";"Decrescente";"Colisão lateral no mesmo sentido";0;0;1;0;0;0;0;0;0;0;1;0;0;0;0
"28/11/2024";"08:19:54";"73";"Sem vítima";"294,000";"BR-101/SC";"Crescente";"Choque";1;0;0;0;0;0;0;0;0;0;1;0;0;0;0
"28/11/2024";"15:17:04";"144";"Sem vítima";"405,000";"BR-101/SC";"Decrescente";"Saída de pista";0;0;1;0;0;0;0;0;0;0;5;0;0;0;0
"28/11/2024";"16:16:17";"147";"Sem vítima";"457,000";"BR-101/SC";"Decrescente";"Choque";1;0;1;0;0;0;0;0;0;0;3;0;0;0;0
"28/11/2024";"16:28:16";"149";"Sem vítima";"279,000";"BR-101/SC";"Decrescente";"Queda de moto";0;0;0;1;0;0;0;0;0;0;2;0;0;0;0
"28/11/2024";"19:41:44";"172";"Com vítima";"402,000";"BR-101/SC";"Decrescente";"Queda de moto";0;0;0;1;0;0;0;0;0;0;0;0;1;0;0
"29/11/2024";"01:11:39";"4";"Com vítima";"278,000";"BR-101/SC";"Crescente";"Queda de moto";1;0;1;1;0;0;0;0;0;0;3;0;0;1;1
"29/11/2024";"04:43:52";"8";"Sem vítima";"407,000";"BR-101/SC";"Decrescente";"Saída de pista";0;0;1;0;0;0;0;0;0;0;1;0;0;0;0
"29/11/2024";"09:41:57";"69";"Sem vítima";"337,400";"BR-101/SC";"Crescente";"Colisão lateral no mesmo sentido";2;0;0;0;0;0;0;0;0;0;4;0;0;0;0
"29/11/2024";"15:20:25";"112";"Com vítima";"276,000";"BR-101/SC";"Decrescente";"Colisão lateral no mesmo sentido";1;0;0;1;0;0;0;0;0;0;1;1;0;0;0
"29/11/2024";"16:23:41";"118";"Sem vítima";"330,000";"BR-101/SC";"Decrescente";"Colisão lateral no mesmo sentido";1;0;1;0;0;0;0;0;0;0;5;0;0;0;0
"29/11/2024";"17:01:31";"125";"Com vítima";"421,000";"BR-101/SC";"Decrescente";"Colisão frontal";2;0;0;0;0;0;0;0;0;0;3;1;0;0;0
"29/11/2024";"18:20:01";"134";"Sem vítima";"408,000";"BR-101/SC";"Decrescente";"Queda de moto";0;0;0;1;0;0;0;0;0;0;1;0;0;0;0
"30/11/2024";"07:49:28";"34";"Sem vítima";"377,390";"BR-101/SC";"Decrescente";"Capotamento";1;0;0;0;0;0;0;0;0;0;2;0;0;0;0
"30/11/2024";"07:50:29";"35";"Sem vítima";"419,000";"BR-101/SC";"Decrescente";"Colisão traseira";1;0;1;0;0;0;0;0;0;0;3;0;0;0;0
"30/11/2024";"09:18:45";"42";"Sem vítima";"279,000";"BR-101/SC";"Decrescente";"Tombamento";0;0;1;0;0;0;0;0;0;0;2;0;0;0;0
"30/11/2024";"11:17:07";"56";"Sem vítima";"283,000";"BR-101/SC";"Crescente";"Saída de pista";1;0;0;0;0;0;0;0;0;0;1;0;0;0;0
"30/11/2024";"15:19:17";"65";"Com vítima";"382,000";"BR-101/SC";"Crescente";"Choque";1;0;0;0;0;0;0;0;0;0;0;1;0;0;0
"30/11/2024";"18:11:08";"81";"Com vítima";"442,000";"BR-101/SC";"Crescente";"Capotamento";1;0;0;0;0;0;0;0;0;0;0;0;1;0;0
"30/11/2024";"18:39:38";"82";"Com vítima";"381,000";"BR-101/SC";"Decrescente";"Queda de moto";0;0;0;1;0;0;0;0;0;0;0;1;1;0;0
"30/11/2024";"19:24:23";"87";"Sem vítima";"381,000";"BR-101/SC";"Decrescente";"Colisão traseira";2;0;0;0;0;0;0;0;0;0;2;0;0;0;0
"01/12/2024";"13:35:59";"49";"Sem vítima";"292,000";"BR-101/SC";"Decrescente";"Colisão traseira";1;0;0;1;0;0;0;0;0;0;2;0;0;0;0
"01/12/2024";"15:46:08";"57";"Com vítima";"296,000";"BR-101/SC";"Crescente";"Colisão traseira";2;0;0;0;0;0;0;0;0;0;2;0;1;0;0
"01/12/2024";"16:33:23";"59";"Sem vítima";"397,000";"BR-101/SC";"Crescente";"Saída de pista";1;0;0;0;0;0;0;0;0;0;1;0;0;0;0
"01/12/2024";"17:12:47";"61";"Com vítima";"397,000";"BR-101/SC";"Decrescente";"Colisão traseira";0;0;0;1;0;0;0;0;0;0;0;1;1;0;0
"01/12/2024";"21:07:46";"90";"Sem vítima";"330,000";"BR-101/SC";"Crescente";"Queda de moto";0;0;0;1;0;0;0;0;0;0;2;0;0;0;0
"02/12/2024";"03:56:51";"7";"Sem vítima";"358,000";"BR-101/SC";"Crescente";"Saída de pista";1;0;0;0;0;0;0;0;0;0;3;0;0;0;0
"02/12/2024";"14:02:40";"84";"Sem vítima";"382,000";"BR-101/SC";"Decrescente";"Colisão traseira";1;0;1;0;0;0;0;0;0;0;2;0;0;0;0
"02/12/2024";"15:24:08";"90";"Sem vítima";"371,000";"BR-101/SC";"Crescente";"Saída de pista";1;0;0;0;0;0;0;0;0;0;1;0;0;0;0
"03/12/2024";"02:16:52";"5";"Com vítima";"248,000";"BR-101/SC";"Decrescente";"Saída de pista";1;0;0;0;0;0;0;0;0;0;0;2;0;0;0
"03/12/2024";"07:44:22";"38";"Com vítima";"337,500";"BR-101/SC";"Decrescente";"Queda de moto";0;0;0;1;0;0;0;0;0;0;0;1;0;0;0
"03/12/2024";"08:37:04";"64";"Sem vítima";"331,000";"BR-101/SC";"Crescente";"Colisão traseira";2;0;0;0;0;0;0;0;0;0;2;0;0;0;0
"03/12/2024";"09:37:29";"74";"Sem vítima";"285,000";"BR-101/SC";"Crescente";"Colisão lateral no mesmo sentido";1;0;0;0;0;0;0;0;0;0;1;0;0;0;0
"03/12/2024";"11:15:26";"88";"Sem vítima";"337,000";"BR-101/SC";"Decrescente";"Colisão traseira";1;0;0;1;0;0;0;0;0;0;2;0;0;0;0
"04/12/2024";"02:16:56";"12";"Com vítima";"377,800";"BR-101/SC";"Crescente";"Colisão lateral no mesmo sentido";2;0;0;0;0;0;0;0;0;0;1;1;0;0;0
"04/12/2024";"14:03:08";"118";"Com vítima";"280,000";"BR-101/SC";"Crescente";"Colisão traseira";1;0;1;0;0;0;0;0;0;0;1;3;0;0;0
"04/12/2024";"17:07:24";"144";"Sem vítima";"462,000";"BR-101/SC";"Decrescente";"Choque";1;0;0;0;0;0;0;0;0;0;2;0;0;0;0
"04/12/2024";"23:18:29";"165";"Sem vítima";"317,200";"BR-101/SC";"Crescente";"Tombamento";0;0;1;0;0;0;0;0;0;0;1;0;0;0;0
"05/12/2024";"07:49:02";"58";"Com vítima";"335,000";"BR-101/SC";"Decrescente";"Colisão lateral no mesmo sentido";1;0;0;1;0;0;0;0;0;0;1;1;0;0;0
"05/12/2024";"08:44:43";"75";"Sem vítima";"404,000";"BR-101/SC";"Crescente";"Colisão lateral no mesmo sentido";1;0;1;0;0;0;0;0;0;0;2;0;0;0;0
"05/12/2024";"10:19:57";"94";"Sem vítima";"360,000";"BR-101/SC";"Decrescente";"Tombamento";0;0;1;0;0;0;0;0;0;0;1;0;0;0;0
"05/12/2024";"14:51:37";"115";"Sem vítima";"383,000";"BR-101/SC";"Decrescente";"Colisão traseira";2;0;0;0;0;0;0;0;0;0;2;0;0;0;0
"05/12/2024";"15:21:26";"116";"Sem vítima";"382,600";"BR-101/SC";"Decrescente";"Colisão traseira";2;0;0;0;0;0;0;0;0;0;3;0;0;0;0
"05/12/2024";"15:26:52";"117";"Sem vítima";"327,000";"BR-101/SC";"Crescente";"Choque";2;0;1;0;0;0;0;0;0;0;4;0;0;0;0
"05/12/2024";"16:16:23";"120";"Sem vítima";"379,000";"BR-101/SC";"Crescente";"Saída de pista";1;0;0;0;0;0;0;0;0;0;4;0;0;0;0
"05/12/2024";"17:19:04";"131";"Sem vítima";"317,000";"BR-101/SC";"Crescente";"Colisão traseira";1;0;1;0;0;0;0;0;0;0;4;0;0;0;0
"05/12/2024";"17:44:11";"133";"Sem vítima";"317,000";"BR-101/SC";"Crescente";"Colisão traseira";2;0;0;0;0;0;0;0;0;0;3;0;0;0;0
"05/12/2024";"18:42:00";"142";"Sem vítima";"286,000";"BR-101/SC";"Crescente";"Choque";1;0;0;0;0;0;0;0;0;0;3;0;0;0;0
"06/12/2024";"03:15:29";"7";"Com vítima";"327,000";"BR-101/SC";"Crescente";"Queda de moto";0;0;0;1;0;0;0;0;0;0;0;1;0;0;0
"06/12/2024";"07:12:43";"36";"Sem vítima";"277,000";"BR-101/SC";"Crescente";"Saída de pista";1;0;0;1;0;0;0;0;0;0;2;0;0;0;0
"06/12/2024";"08:13:20";"57";"Com vítima";"414,000";"BR-101/SC";"Crescente";"Colisão traseira";1;0;1;0;0;0;0;0;0;0;1;0;1;0;0
"06/12/2024";"10:53:27";"89";"Sem vítima";"464,000";"BR-101/SC";"Decrescente";"Saída de pista";1;0;0;0;0;0;0;0;0;0;4;0;0;0;0
"06/12/2024";"12:23:26";"99";"Sem vítima";"311,000";"BR-101/SC";"Crescente";"Saída de pista";1;0;0;0;0;0;0;0;0;0;2;0;0;0;0
"07/12/2024";"07:21:25";"19";"Sem vítima";"264,000";"BR-101/SC";"Crescente";"Saída de pista";0;0;1;0;0;0;0;0;0;0;1;0;0;0;0
"07/12/2024";"12:26:24";"60";"Com vítima";"381,000";"BR-101/SC";"Crescente";"Colisão transversal";1;0;0;1;0;0;0;0;0;0;4;0;2;0;0
"07/12/2024";"14:55:15";"74";"Sem vítima";"457,000";"BR-101/SC";"Decrescente";"Colisão traseira";1;0;1;0;0;0;0;0;0;0;3;0;0;0;0
"07/12/2024";"20:16:56";"96";"Sem vítima";"344,000";"BR-101/SC";"Crescente";"Colisão traseira";1;0;1;0;0;0;0;0;0;0;4;0;0;0;0
"08/12/2024";"08:56:39";"40";"Sem vítima";"338,000";"BR-101/SC";"Decrescente";"Saída de pista";1;0;0;0;0;0;0;0;0;0;1;0;0;0;0
"08/12/2024";"10:08:40";"47";"Sem vítima";"307,000";"BR-101/SC";"Decrescente";"Saída de pista";1;0;0;0;0;0;0;0;0;0;2;0;0;0;0
"09/12/2024";"01:25:38";"6";"Com vítima";"442,000";"BR-101/SC";"Crescente";"Tombamento";0;0;1;0;0;0;0;0;0;0;0;0;1;0;0
"09/12/2024";"15:44:34";"122";"Sem vítima";"457,000";"BR-101/SC";"Crescente";"Saída de pista";1;0;0;0;0;0;0;0;0;0;1;0;0;0;0
"09/12/2024";"20:46:37";"142";"Com vítima";"297,000";"BR-101/SC";"Crescente";"Colisão frontal";2;0;0;0;0;0;0;0;0;0;0;0;2;1;1
"09/12/2024";"21:15:03";"146";"Sem vítima";"297,000";"BR-101/SC";"Crescente";"Engavetamento";5;0;1;0;0;0;0;0;0;0;15;0;0;0;0
"09/12/2024";"23:16:48";"152";"Com vítima";"416,000";"BR-101/SC";"Crescente";"Colisão frontal";1;0;0;1;0;0;0;0;0;0;2;1;0;0;0
"10/12/2024";"07:18:10";"20";"Com vítima";"361,000";"BR-101/SC";"Crescente";"Colisão frontal";1;0;0;1;0;0;0;0;0;0;1;0;1;0;0
"11/12/2024";"00:05:28";"2";"Com vítima";"354,000";"BR-101/SC";"Decrescente";"Colisão traseira";1;0;1;0;0;0;0;0;0;0;2;3;0;0;0
"11/12/2024";"18:16:32";"121";"Sem vítima";"266,000";"BR-101/SC";"Crescente";"Colisão traseira";1;0;1;0;0;0;0;0;0;0;5;0;0;0;0
"11/12/2024";"21:15:17";"141";"Com vítima";"294,600";"BR-101/SC";"Crescente";"Colisão frontal";1;0;0;1;0;0;0;0;0;0;2;2;0;0;0
"11/12/2024";"22:59:55";"147";"Sem vítima";"412,200";"BR-101/SC";"Crescente";"Colisão traseira";1;0;0;0;0;0;0;0;0;0;2;0;0;0;0
"12/12/2024";"05:21:23";"15";"Sem vítima";"357,600";"BR-101/SC";"Crescente";"Saída de pista";1;0;0;0;0;0;0;0;0;0;1;0;0;0;0
"12/12/2024";"06:06:11";"17";"Sem vítima";"463,000";"BR-101/SC";"Crescente";"Saída de pista";1;0;0;0;0;0;0;0;0;0;2;0;0;0;0
"12/12/2024";"06:26:34";"25";"Sem vítima";"377,000";"BR-101/SC";"Crescente";"Saída de pista";1;0;0;0;0;0;0;0;0;0;1;0;0;0;0
"12/12/2024";"07:32:59";"52";"Com vítima";"360,000";"BR-101/SC";"Decrescente";"Colisão frontal";1;0;0;1;0;0;0;0;0;0;1;1;0;0;0
"12/12/2024";"13:21:22";"95";"Com vítima";"334,000";"BR-101/SC";"Crescente";"Queda de moto";0;0;0;1;0;0;0;0;0;0;0;0;1;0;0
"12/12/2024";"16:51:11";"117";"Com vítima";"462,000";"BR-101/SC";"Decrescente";"Acidentes de outra natureza";1;0;0;0;0;0;0;0;0;0;1;1;0;0;0
"12/12/2024";"23:19:32";"140";"Sem vítima";"349,000";"BR-101/SC";"Decrescente";"Tombamento";0;0;1;0;0;0;0;0;0;0;1;0;0;0;0
"13/12/2024";"08:34:07";"75";"Com vítima";"451,000";"BR-101/SC";"Crescente";"Colisão lateral no mesmo sentido";1;0;1;0;0;0;0;0;0;0;3;2;0;0;0
"13/12/2024";"14:50:18";"139";"Com vítima";"350,000";"BR-101/SC";"Crescente";"Colisão lateral no mesmo sentido";0;0;1;1;0;0;0;0;0;0;1;1;0;0;0
"13/12/2024";"21:48:20";"181";"Com vítima";"427,350";"BR-101/SC";"Decrescente";"Queda de moto";0;0;0;1;0;0;0;0;0;0;1;0;1;0;0
"13/12/2024";"22:39:23";"188";"Sem vítima";"382,000";"BR-101/SC";"Crescente";"Acidentes de outra natureza";1;0;0;0;0;0;0;0;0;0;1;0;0;1;0
"13/12/2024";"23:30:08";"192";"Com vítima";"434,000";"BR-101/SC";"Crescente";"Choque";1;0;0;0;0;0;0;0;0;0;0;0;1;0;0
"14/12/2024";"00:25:58";"3";"Sem vítima";"275,000";"BR-101/SC";"Decrescente";"Choque";1;0;0;0;0;0;0;0;0;0;2;0;0;0;0
"14/12/2024";"01:13:55";"4";"Com vítima";"389,000";"BR-101/SC";"Decrescente";"Capotamento";1;0;0;0;0;0;0;0;0;0;0;1;0;1;0
"14/12/2024";"07:53:27";"35";"Sem vítima";"350,000";"BR-101/SC";"Crescente";"Saída de pista";1;0;0;0;0;0;0;0;0;0;2;0;0;0;0
"14/12/2024";"07:57:21";"36";"Sem vítima";"331,000";"BR-101/SC";"Decrescente";"Choque";1;0;0;0;0;0;0;0;0;0;1;0;0;0;0
"14/12/2024";"08:16:04";"40";"Sem vítima";"361,000";"BR-101/SC";"Decrescente";"Colisão traseira";1;0;0;0;1;0;0;0;0;0;3;0;0;0;0
"14/12/2024";"23:30:47";"122";"Com vítima";"376,000";"BR-101/SC";"Crescente";"Capotamento";1;0;0;0;0;0;0;0;0;0;0;0;0;1;0
"15/12/2024";"06:56:31";"26";"Sem vítima";"332,600";"BR-101/SC";"Crescente";"Saída de pista";1;0;0;0;0;0;0;0;0;0;1;0;0;0;0
"15/12/2024";"15:24:19";"77";"Sem vítima";"323,000";"BR-101/SC";"Crescente";"Engavetamento";1;0;0;0;0;0;0;0;0;0;1;0;0;0;0
"15/12/2024";"21:05:21";"115";"Sem vítima";"364,000";"BR-101/SC";"Crescente";"Choque";1;0;0;0;0;0;0;0;0;0;1;0;0;0;0
"15/12/2024";"22:01:23";"123";"Sem vítima";"429,000";"BR-101/SC";"Decrescente";"Saída de pista";1;0;0;0;0;0;0;0;0;0;1;0;0;0;0
"16/12/2024";"03:25:59";"5";"Com vítima";"368,000";"BR-101/SC";"Decrescente";"Choque";1;0;0;0;0;0;0;0;0;0;4;0;1;0;0
"16/12/2024";"07:40:54";"43";"Com vítima";"305,400";"BR-101/SC";"Decrescente";"Saída de pista";1;0;0;0;0;0;0;0;0;0;2;1;0;0;0
"16/12/2024";"17:13:12";"104";"Com vítima";"274,000";"BR-101/SC";"Crescente";"Choque";0;0;1;0;0;0;0;0;0;0;0;1;0;0;0
"16/12/2024";"17:27:10";"107";"Sem vítima";"416,000";"BR-101/SC";"Decrescente";"Colisão traseira";1;0;0;0;0;0;0;0;0;0;1;0;0;0;0
"17/12/2024";"03:41:13";"6";"Sem vítima";"339,500";"BR-101/SC";"Crescente";"Queda de moto";0;0;0;1;0;0;0;0;0;0;1;0;0;0;0
"17/12/2024";"11:12:18";"81";"Com vítima";"372,950";"BR-101/SC";"Decrescente";"Choque";1;0;0;0;0;0;0;0;0;0;1;1;0;0;0
"17/12/2024";"13:19:36";"96";"Com vítima";"257,000";"BR-101/SC";"Crescente";"Queda de moto";0;0;0;1;0;0;0;0;0;0;1;1;0;0;0
"18/12/2024";"09:18:18";"79";"Sem vítima";"449,000";"BR-101/SC";"Decrescente";"Saída de pista";1;0;0;0;0;0;0;0;0;0;1;0;0;0;0
"18/12/2024";"12:21:04";"110";"Sem vítima";"446,000";"BR-101/SC";"Decrescente";"Choque";2;0;0;0;0;0;0;0;0;0;2;0;0;0;0
"18/12/2024";"15:57:33";"133";"Sem vítima";"327,000";"BR-101/SC";"Crescente";"Colisão traseira";1;0;0;0;0;0;0;0;0;0;1;0;0;0;0
"18/12/2024";"23:54:58";"166";"Sem vítima";"247,000";"BR-101/SC";"Crescente";"Colisão lateral no mesmo sentido";0;0;1;0;0;0;0;0;0;0;1;0;0;0;0
"19/12/2024";"03:59:15";"11";"Com vítima";"251,000";"BR-101/SC";"Crescente";"Choque";1;0;0;0;0;0;0;0;0;0;0;0;1;0;0
"19/12/2024";"06:22:50";"25";"Com vítima";"272,000";"BR-101/SC";"Crescente";"Capotamento";1;0;0;0;0;0;0;0;0;0;1;0;1;0;0
"19/12/2024";"08:12:01";"64";"Com vítima";"316,000";"BR-101/SC";"Crescente";"Queda de moto";0;0;0;1;0;0;0;0;0;0;0;1;0;0;0
"19/12/2024";"08:12:48";"65";"Com vítima";"333,000";"BR-101/SC";"Crescente";"Colisão lateral no mesmo sentido";0;1;0;0;0;0;0;0;0;0;0;0;0;0;0
"19/12/2024";"15:13:39";"125";"Sem vítima";"286,000";"BR-101/SC";"Decrescente";"Colisão lateral no mesmo sentido";0;0;1;0;0;0;0;0;0;0;1;0;0;0;0
"19/12/2024";"19:05:59";"155";"Com vítima";"400,000";"BR-101/SC";"Decrescente";"Choque";1;0;0;0;0;0;0;0;0;0;0;1;0;0;0
"19/12/2024";"20:08:03";"161";"Sem vítima";"345,000";"BR-101/SC";"Decrescente";"Saída de pista";1;0;0;0;0;0;0;0;0;0;1;0;0;0;0
"20/12/2024";"04:40:37";"8";"Sem vítima";"417,000";"BR-101/SC";"Crescente";"Saída de pista";1;0;0;0;0;0;0;0;0;0;1;0;0;0;0
"20/12/2024";"05:44:26";"14";"Com vítima";"401,000";"BR-101/SC";"Decrescente";"Colisão traseira";0;0;1;1;0;0;0;0;0;0;1;1;0;0;0
"20/12/2024";"06:31:28";"19";"Com vítima";"353,000";"BR-101/SC";"Crescente";"Colisão lateral no mesmo sentido";0;0;0;1;0;0;0;0;0;0;0;1;0;0;0
"20/12/2024";"08:18:21";"63";"Sem vítima";"310,000";"BR-101/SC";"Crescente";"Engavetamento";1;0;0;0;0;0;0;0;0;0;1;0;0;0;0
"20/12/2024";"09:55:03";"80";"Com vítima";"292,000";"BR-101/SC";"Crescente";"Colisão traseira";1;0;0;0;0;0;0;0;0;0;0;1;0;0;0
"20/12/2024";"11:00:49";"85";"Sem vítima";"346,000";"BR-101/SC";"Decrescente";"Colisão traseira";2;0;0;0;0;0;0;0;0;0;6;0;0;0;0
"20/12/2024";"11:04:22";"86";"Sem vítima";"281,000";"BR-101/SC";"Crescente";"Colisão traseira";1;0;0;0;0;0;0;0;0;0;1;0;0;0;0
"20/12/2024";"13:17:05";"95";"Sem vítima";"345,000";"BR-101/SC";"Crescente";"Colisão lateral no mesmo sentido";0;0;1;0;0;0;0;0;0;0;1;0;0;0;0
"20/12/2024";"14:26:34";"108";"Com vítima";"423,000";"BR-101/SC";"Crescente";"Colisão lateral no mesmo sentido";0;0;0;1;0;0;0;0;0;0;0;0;1;0;0
"20/12/2024";"16:40:12";"120";"Sem vítima";"272,000";"BR-101/SC";"Decrescente";"Choque";1;0;0;0;0;0;0;0;0;0;1;0;0;0;0
"20/12/2024";"21:39:20";"145";"Sem vítima";"404,000";"BR-101/SC";"Crescente";"Colisão lateral no mesmo sentido";1;0;0;0;0;0;0;0;0;0;1;0;0;0;0
"20/12/2024";"21:41:19";"146";"Sem vítima";"282,000";"BR-101/SC";"Decrescente";"Saída de pista";0;0;1;0;0;0;0;0;0;0;1;0;0;0;0
"20/12/2024";"22:33:09";"150";"Sem vítima";"344,000";"BR-101/SC";"Crescente";"Saída de pista";1;0;0;0;0;0;0;0;0;0;1;0;0;0;0
"20/12/2024";"23:42:50";"156";"Sem vítima";"295,000";"BR-101/SC";"Decrescente";"Colisão traseira";0;0;0;1;0;0;0;0;0;0;1;0;0;0;0
"21/12/2024";"00:59:25";"5";"Sem vítima";"359,000";"BR-101/SC";"Crescente";"Choque";1;0;0;0;0;0;0;0;0;0;2;0;0;0;0
"21/12/2024";"01:10:44";"6";"Sem vítima";"360,000";"BR-101/SC";"Decrescente";"Saída de pista";1;0;0;0;0;0;0;0;0;0;1;0;0;0;0
"21/12/2024";"07:54:51";"36";"Com vítima";"282,000";"BR-101/SC";"Crescente";"Acidentes de outra natureza";1;0;0;0;0;0;0;0;0;0;1;0;1;0;0
"21/12/2024";"09:26:49";"45";"Sem vítima";"458,000";"BR-101/SC";"Decrescente";"Colisão traseira";1;0;0;0;0;0;0;0;0;0;1;0;0;0;0
"21/12/2024";"09:58:50";"46";"Sem vítima";"298,000";"BR-101/SC";"Decrescente";"Colisão traseira";2;0;0;0;0;0;0;0;0;0;5;0;0;0;0
"21/12/2024";"10:10:50";"48";"Sem vítima";"337,000";"BR-101/SC";"Decrescente";"Colisão traseira";1;0;0;0;0;0;0;0;0;0;1;0;0;0;0
"21/12/2024";"11:45:56";"61";"Sem vítima";"406,000";"BR-101/SC";"Decrescente";"Saída de pista";0;0;1;0;0;0;0;0;0;0;1;0;0;0;0
"21/12/2024";"14:51:32";"80";"Sem vítima";"317,000";"BR-101/SC";"Crescente";"Colisão transversal";1;0;0;0;0;0;0;0;0;0;1;0;0;0;0
"21/12/2024";"16:04:03";"84";"Sem vítima";"379,000";"BR-101/SC";"Decrescente";"Colisão traseira";1;0;0;0;0;0;0;0;0;0;1;0;0;0;0
"22/12/2024";"01:41:16";"8";"Sem vítima";"464,000";"BR-101/SC";"Decrescente";"Saída de pista";1;0;0;0;0;0;0;0;0;0;1;0;0;0;0
"22/12/2024";"05:36:27";"18";"Sem vítima";"377,000";"BR-101/SC";"Decrescente";"Choque";1;0;0;0;0;0;0;0;0;0;1;0;0;0;0
"22/12/2024";"10:15:26";"45";"Sem vítima";"390,000";"BR-101/SC";"Decrescente";"Saída de pista";1;0;0;0;0;0;0;0;0;0;1;0;0;0;0
"22/12/2024";"11:18:55";"51";"Sem vítima";"451,000";"BR-101/SC";"Crescente";"Colisão traseira";1;0;0;0;0;0;0;0;0;0;1;0;0;0;0
"22/12/2024";"15:59:25";"79";"Sem vítima";"260,000";"BR-101/SC";"Crescente";"Saída de pista";1;0;0;0;0;0;0;0;0;0;1;0;0;0;0
"22/12/2024";"16:24:36";"82";"Sem vítima";"257,000";"BR-101/SC";"Crescente";"Saída de pista";1;0;0;0;0;0;0;0;0;0;1;0;0;0;0
"22/12/2024";"16:42:09";"85";"Sem vítima";"258,000";"BR-101/SC";"Decrescente";"Capotamento";1;0;0;0;0;0;0;0;0;0;1;0;0;0;0
"22/12/2024";"16:48:33";"86";"Com vítima";"264,000";"BR-101/SC";"Decrescente";"Choque";1;0;0;0;0;0;0;0;0;0;0;0;1;0;0
"23/12/2024";"10:42:26";"77";"Sem vítima";"298,000";"BR-101/SC";"Decrescente";"Colisão traseira";2;0;0;0;0;0;0;0;0;0;2;0;0;0;0
"23/12/2024";"22:05:24";"138";"Sem vítima";"282,000";"BR-101/SC";"Crescente";"Saída de pista";1;0;0;0;0;0;0;0;0;0;1;0;0;0;0
"23/12/2024";"22:35:58";"144";"Com vítima";"445,000";"BR-101/SC";"Crescente";"Colisão frontal";1;0;0;1;0;0;0;0;0;0;1;0;2;0;0
"24/12/2024";"11:49:21";"43";"Sem vítima";"398,000";"BR-101/SC";"Crescente";"Capotamento";1;0;0;0;0;0;0;0;0;0;1;0;0;0;0
"24/12/2024";"18:44:49";"62";"Sem vítima";"328,600";"BR-101/SC";"Crescente";"Choque";1;0;0;0;0;0;0;0;0;0;1;0;0;0;0
"24/12/2024";"21:27:36";"67";"Sem vítima";"255,000";"BR-101/SC";"Crescente";"Atropelamento de animal";1;0;0;0;0;0;0;0;0;0;1;0;0;0;0
"25/12/2024";"06:30:30";"9";"Com vítima";"276,000";"BR-101/SC";"Crescente";"Choque";0;0;0;1;0;0;0;0;0;0;0;0;1;0;0
"25/12/2024";"10:12:39";"22";"Sem vítima";"458,000";"BR-101/SC";"Decrescente";"Colisão traseira";0;0;1;0;0;0;0;0;0;0;1;0;0;0;0
"25/12/2024";"11:47:21";"35";"Sem vítima";"382,000";"BR-101/SC";"Crescente";"Saída de pista";1;0;0;0;0;0;0;0;0;0;1;0;0;0;0
"25/12/2024";"20:40:24";"74";"Sem vítima";"381,900";"BR-101/SC";"Decrescente";"Colisão traseira";1;0;0;0;0;0;0;0;0;0;1;0;0;0;0
"25/12/2024";"21:08:57";"77";"Com vítima";"416,200";"BR-101/SC";"Decrescente";"Colisão frontal";1;0;0;1;0;0;0;0;0;0;2;0;0;1;0
"26/12/2024";"02:03:00";"8";"Com vítima";"382,100";"BR-101/SC";"Decrescente";"Capotamento";1;0;0;0;0;0;0;0;0;0;0;2;0;1;0
"26/12/2024";"10:06:34";"73";"Sem vítima";"312,000";"BR-101/SC";"Decrescente";"Choque";1;0;0;0;0;0;0;0;0;0;1;0;0;0;0
"26/12/2024";"10:36:00";"75";"Sem vítima";"349,000";"BR-101/SC";"Crescente";"Choque";1;0;0;0;0;0;0;0;0;0;1;0;0;0;0
"26/12/2024";"11:36:00";"86";"Sem vítima";"457,000";"BR-101/SC";"Crescente";"Engavetamento";1;0;0;0;0;0;0;0;0;0;1;0;0;0;0
"26/12/2024";"11:47:34";"89";"Com vítima";"326,000";"BR-101/SC";"Crescente";"Colisão lateral no mesmo sentido";1;0;0;1;0;0;0;0;0;0;1;1;0;0;0
"26/12/2024";"11:50:38";"90";"Com vítima";"299,400";"BR-101/SC";"Decrescente";"Queda de carga";0;0;0;1;0;0;0;0;0;0;0;1;0;0;0