data;horario;n_da_ocorrencia;tipo_de_ocorrencia;km;trecho;sentido;tipo_de_acidente;automovel;bicicleta;caminhao;moto;onibus;outros;tracao_animal;transporte_de_cargas_especiais;trator_maquinas;utilitarios;ilesos;levemente_feridos;moderadamente_feridos;gravemente_feridos;mortos
"22/01/2025";"14:47:20";"102";"Com vítima";"283,000";"BR-101/SC";"Crescente";"Capotamento";1;0;0;0;0;0;0;0;0;0;0;0;1;0;0
"22/01/2025";"17:20:19";"119";"Com vítima";"326,000";"BR-101/SC";"Decrescente";"Colisão lateral no mesmo sentido";0;0;0;1;0;0;0;0;0;0;0;0;1;0;0
"23/01/2025";"16:23:38";"144";"Sem vítima";"301,000";"BR-101/SC";"Crescente";"Colisão lateral no mesmo sentido";1;0;0;0;0;0;0;0;0;0;6;0;0;0;0
"24/01/2025";"02:18:38";"12";"Sem vítima";"253,400";"BR-101/SC";"Crescente";"Colisão traseira";0;0;1;0;0;0;0;0;0;0;1;0;0;0;0
"24/01/2025";"10:57:56";"101";"Sem vítima";"379,900";"BR-101/SC";"Crescente";"Colisão traseira";1;0;0;0;0;0;0;0;0;0;1;0;0;0;0
"24/01/2025";"12:03:54";"110";"Com vítima";"333,000";"BR-101/SC";"Crescente";"Colisão lateral no mesmo sentido";0;0;0;1;0;0;0;0;0;0;0;1;0;0;0
"24/01/2025";"12:15:24";"112";"Sem vítima";"337,000";"BR-101/SC";"Decrescente";"Colisão lateral no mesmo sentido";1;0;1;0;0;0;0;0;0;0;2;0;0;0;0
"24/01/2025";"17:43:22";"139";"Com vítima";"372,000";"BR-101/SC";"Decrescente";"Saída de pista";1;0;0;0;0;0;0;0;0;0;1;1;0;0;0
"24/01/2025";"18:21:00";"144";"Sem vítima";"265,000";"BR-101/SC";"Crescente";"Choque";0;0;1;0;0;0;0;0;0;0;1;0;0;0;0
"24/01/2025";"18:42:25";"146";"Com vítima";"415,150";"BR-101/SC";"Decrescente";"Choque";1;0;0;0;0;0;0;0;0;0;0;1;0;0;0
"24/01/2025";"19:12:19";"149";"Sem vítima";"463,000";"BR-101/SC";"Crescente";"Saída de pista";1;0;0;0;0;0;0;0;0;0;1;0;0;0;0
"24/01/2025";"20:38:40";"155";"Sem vítima";"327,000";"BR-101/SC";"Crescente";"Colisão frontal";1;0;1;0;0;0;0;0;0;0;3;0;0;0;0
"24/01/2025";"23:12:23";"167";"Sem vítima";"394,000";"BR-101/SC";"Decrescente";"Saída de pista";1;0;0;0;0;0;0;0;0;0;1;0;0;0;0
"25/01/2025";"06:51:23";"30";"Sem vítima";"260,100";"BR-101/SC";"Crescente";"Tombamento";0;0;1;0;0;0;0;0;0;0;1;0;0;0;0
"25/01/2025";"18:09:20";"90";"Sem vítima";"449,000";"BR-101/SC";"Decrescente";"Queda de moto";0;0;0;1;0;0;0;0;0;0;1;0;0;0;0
"25/01/2025";"21:03:01";"104";"Com vítima";"417,000";"BR-101/SC";"Decrescente";"Choque";0;0;0;2;0;0;0;0;0;0;2;1;0;0;0
"26/01/2025";"09:16:24";"21";"Com vítima";"298,000";"BR-101/SC";"Decrescente";"Choque";0;0;1;0;0;0;0;0;0;0;1;0;1;0;0
"26/01/2025";"12:51:09";"38";"Com vítima";"262,800";"BR-101/SC";"Crescente";"Saída de pista";1;0;0;0;0;0;0;0;0;0;0;0;0;0;1
"26/01/2025";"15:35:48";"42";"Sem vítima";"314,000";"BR-101/SC";"Decrescente";"Engavetamento";2;0;0;0;0;0;0;0;0;0;7;0;0;0;0
"26/01/2025";"17:53:04";"50";"Sem vítima";"420,000";"BR-101/SC";"Decrescente";"Colisão lateral no mesmo sentido";0;0;2;0;0;0;0;0;0;0;3;0;0;0;0
"26/01/2025";"20:21:25";"61";"Com vítima";"427,000";"BR-101/SC";"Decrescente";"Queda de moto";0;0;0;1;0;0;0;0;0;0;0;0;1;0;0
"27/01/2025";"07:43:58";"50";"Sem vítima";"380,300";"BR-101/SC";"Decrescente";"Choque";1;0;0;0;0;0;0;0;0;0;1;0;0;0;0
"27/01/2025";"07:54:27";"52";"Sem vítima";"314,000";"BR-101/SC";"Decrescente";"Saída de pista";1;0;0;0;0;0;0;0;0;0;1;0;0;0;0
"27/01/2025";"08:38:45";"65";"Sem vítima";"336,000";"BR-101/SC";"Crescente";"Colisão traseira";1;0;0;0;0;0;0;0;0;0;1;0;0;0;0
"27/01/2025";"09:24:13";"71";"Sem vítima";"336,000";"BR-101/SC";"Crescente";"Colisão traseira";1;0;0;0;0;0;0;0;0;0;1;0;0;0;0
"27/01/2025";"09:29:16";"74";"Sem vítima";"335,000";"BR-101/SC";"Crescente";"Queda de moto";0;0;0;1;0;0;0;0;0;0;1;0;0;0;0
"27/01/2025";"11:09:16";"93";"Sem vítima";"381,000";"BR-101/SC";"Crescente";"Colisão traseira";1;0;0;0;0;0;0;0;0;0;1;0;0;0;0
"27/01/2025";"12:33:27";"109";"Com vítima";"325,000";"BR-101/SC";"Decrescente";"Colisão traseira";1;0;0;1;0;0;0;0;0;0;1;1;0;0;0
"27/01/2025";"18:51:43";"142";"Sem vítima";"255,000";"BR-101/SC";"Decrescente";"Colisão lateral no mesmo sentido";2;0;0;0;0;0;0;0;0;0;5;0;0;0;0
"27/01/2025";"19:43:31";"150";"Sem vítima";"384,000";"BR-101/SC";"Crescente";"Saída de pista";1;0;0;0;0;0;0;0;0;0;1;0;0;0;0
"28/01/2025";"05:20:14";"25";"Sem vítima";"344,000";"BR-101/SC";"Crescente";"Saída de pista";1;0;0;0;0;0;0;0;0;0;1;0;0;0;0
"28/01/2025";"07:59:31";"75";"Com vítima";"282,000";"BR-101/SC";"Crescente";"Colisão lateral no mesmo sentido";0;0;0;2;0;0;0;0;0;0;1;1;0;0;0
"28/01/2025";"10:12:34";"108";"Sem vítima";"397,000";"BR-101/SC";"Crescente";"Colisão traseira";1;0;0;0;0;0;0;0;0;0;1;0;0;0;0
"28/01/2025";"10:33:45";"115";"Sem vítima";"397,000";"BR-101/SC";"Crescente";"Engavetamento";1;0;0;0;0;0;0;0;0;0;1;0;0;0;0
"28/01/2025";"11:19:27";"120";"Sem vítima";"268,200";"BR-101/SC";"Crescente";"Saída de pista";1;0;0;0;0;0;0;0;0;0;1;0;0;0;0
"29/01/2025";"07:02:54";"48";"Sem vítima";"334,000";"BR-101/SC";"Decrescente";"Choque";1;0;0;0;0;0;0;0;0;0;1;0;0;0;0
"29/01/2025";"09:24:01";"84";"Com vítima";"458,000";"BR-101/SC";"Crescente";"Engavetamento";4;0;0;0;0;0;0;0;0;0;8;1;0;0;0
"29/01/2025";"10:41:11";"101";"Sem vítima";"432,000";"BR-101/SC";"Crescente";"Capotamento";1;0;0;0;0;0;0;0;0;0;1;0;0;0;0
"29/01/2025";"16:25:54";"127";"Com vítima";"277,000";"BR-101/SC";"Decrescente";"Tombamento";0;0;1;0;0;0;0;0;0;0;0;1;0;0;0
"29/01/2025";"20:26:16";"149";"Sem vítima";"309,000";"BR-101/SC";"Decrescente";"Saída de pista";1;0;0;0;0;0;0;0;0;0;1;0;0;0;0
"30/01/2025";"04:23:14";"11";"Sem vítima";"357,000";"BR-101/SC";"Decrescente";"Tombamento";0;0;1;0;0;0;0;0;0;0;1;0;0;0;0
"30/01/2025";"09:43:13";"73";"Sem vítima";"401,000";"BR-101/SC";"Crescente";"Engavetamento";1;0;0;0;0;0;0;0;0;0;1;0;0;0;0
"30/01/2025";"10:32:59";"79";"Sem vítima";"399,000";"BR-101/SC";"Crescente";"Colisão traseira";1;0;0;0;0;0;0;0;0;0;1;0;0;0;0
"30/01/2025";"14:27:31";"101";"Com vítima";"436,700";"BR-101/SC";"Decrescente";"Queda de moto";1;0;0;1;0;0;0;0;0;0;1;1;0;0;0
"30/01/2025";"22:36:07";"140";"Sem vítima";"368,000";"BR-101/SC";"Crescente";"Colisão traseira";1;0;0;0;0;0;0;0;0;0;1;0;0;0;0
"31/01/2025";"07:50:03";"50";"Com vítima";"329,000";"BR-101/SC";"Crescente";"Colisão transversal";1;0;0;1;0;0;0;0;0;0;2;0;1;0;0
"31/01/2025";"11:00:48";"83";"Sem vítima";"323,000";"BR-101/SC";"Decrescente";"Engavetamento";4;0;0;0;0;0;0;0;0;0;8;0;0;0;0
"31/01/2025";"11:46:35";"87";"Sem vítima";"350,000";"BR-101/SC";"Crescente";"Engavetamento";1;0;0;0;0;0;0;0;0;0;1;0;0;0;0
"01/02/2025";"05:00:08";"26";"Sem vítima";"376,000";"BR-101/SC";"Crescente";"Saída de pista";1;0;0;0;0;0;0;0;0;0;1;0;0;0;0
"01/02/2025";"07:56:48";"56";"Sem vítima";"464,000";"BR-101/SC";"Decrescente";"Saída de pista";1;0;0;0;0;0;0;0;0;0;2;0;0;0;0
"01/02/2025";"08:09:03";"58";"Sem vítima";"376,000";"BR-101/SC";"Decrescente";"Colisão traseira";2;0;0;0;0;0;0;0;0;0;6;0;0;0;0
"01/02/2025";"10:21:27";"72";"Sem vítima";"459,000";"BR-101/SC";"Decrescente";"Colisão traseira";2;0;0;0;0;0;0;0;0;0;5;0;0;0;0
"01/02/2025";"10:35:15";"73";"Sem vítima";"403,000";"BR-101/SC";"Crescente";"Colisão traseira";1;0;0;0;0;0;0;0;0;0;1;0;0;0;0
"01/02/2025";"11:03:01";"77";"Sem vítima";"331,000";"BR-101/SC";"Decrescente";"Colisão lateral no mesmo sentido";2;0;0;0;0;0;0;0;0;0;2;0;0;0;0
"01/02/2025";"12:21:39";"81";"Sem vítima";"347,000";"BR-101/SC";"Decrescente";"Colisão traseira";1;0;0;0;0;0;0;0;0;0;4;0;0;0;0
"01/02/2025";"12:24:31";"82";"Sem vítima";"346,000";"BR-101/SC";"Decrescente";"Colisão traseira";1;0;0;0;0;0;0;0;0;0;3;0;0;0;0
"01/02/2025";"20:24:29";"121";"Sem vítima";"299,000";"BR-101/SC";"Decrescente";"Saída de pista";1;0;0;0;0;0;0;0;0;0;3;0;0;0;0
"01/02/2025";"20:43:07";"125";"Sem vítima";"298,000";"BR-101/SC";"Decrescente";"Atropelamento de animal";1;0;0;0;0;0;0;0;0;0;2;0;0;0;0
"01/02/2025";"22:36:04";"130";"Sem vítima";"379,000";"BR-101/SC";"Crescente";"Saída de pista";1;0;0;0;0;0;0;0;0;0;5;0;0;0;0
"02/02/2025";"10:22:57";"66";"Sem vítima";"454,000";"BR-101/SC";"Crescente";"Tombamento";0;0;1;0;0;0;0;0;0;0;1;0;0;0;0
"02/02/2025";"12:16:21";"76";"Sem vítima";"451,000";"BR-101/SC";"Crescente";"Engavetamento";1;0;0;0;0;0;0;0;0;0;1;0;0;0;0
"02/02/2025";"12:48:20";"80";"Com vítima";"349,000";"BR-101/SC";"Decrescente";"Capotamento";1;0;0;0;0;0;0;0;0;0;0;1;0;0;0
"02/02/2025";"17:04:52";"107";"Sem vítima";"344,000";"BR-101/SC";"Decrescente";"Colisão traseira";1;0;0;0;0;0;0;0;0;0;2;0;0;0;0
"02/02/2025";"17:18:47";"111";"Sem vítima";"349,000";"BR-101/SC";"Decrescente";"Colisão traseira";2;0;0;0;0;0;0;0;0;0;4;0;0;0;0
"03/02/2025";"09:08:20";"91";"Sem vítima";"341,000";"BR-101/SC";"Decrescente";"Saída de pista";0;0;1;0;0;0;0;0;0;0;1;0;0;0;0
"03/02/2025";"10:28:23";"104";"Sem vítima";"359,000";"BR-101/SC";"Crescente";"Colisão traseira";1;0;0;0;0;0;0;0;0;0;1;0;0;0;0
"03/02/2025";"12:08:57";"124";"Com vítima";"464,000";"BR-101/SC";"Decrescente";"Saída de pista";1;0;0;0;0;0;0;0;0;0;1;2;0;0;0
"03/02/2025";"13:07:45";"134";"Sem vítima";"356,000";"BR-101/SC";"Decrescente";"Colisão traseira";2;0;0;0;0;0;0;0;0;0;4;0;0;0;0
"03/02/2025";"13:17:05";"136";"Sem vítima";"406,000";"BR-101/SC";"Decrescente";"Colisão traseira";2;0;0;0;0;0;0;0;0;0;6;0;0;0;0
"03/02/2025";"13:35:41";"139";"Sem vítima";"348,000";"BR-101/SC";"Decrescente";"Colisão traseira";2;0;0;0;0;0;0;0;0;0;3;0;0;0;0
"03/02/2025";"14:12:50";"148";"Sem vítima";"334,000";"BR-101/SC";"Decrescente";"Colisão lateral no mesmo sentido";1;0;0;1;0;0;0;0;0;0;2;0;0;0;0
"03/02/2025";"16:31:01";"168";"Com vítima";"277,000";"BR-101/SC";"Decrescente";"Colisão lateral no mesmo sentido";1;0;1;0;0;0;0;0;0;0;2;3;0;0;0
"03/02/2025";"20:14:52";"185";"Com vítima";"247,100";"BR-101/SC";"Crescente";"Colisão traseira";1;0;0;0;0;0;0;0;0;0;0;1;0;0;0
"04/02/2025";"00:06:40";"1";"Sem vítima";"253,000";"BR-101/SC";"Decrescente";"Queda de moto";0;0;0;1;0;0;0;0;0;0;1;0;0;0;0
"04/02/2025";"10:34:50";"101";"Com vítima";"322,000";"BR-101/SC";"Crescente";"Engavetamento";4;0;0;0;0;0;0;0;0;0;8;2;0;0;0
"04/02/2025";"11:36:40";"110";"Com vítima";"331,000";"BR-101/SC";"Decrescente";"Colisão traseira";1;0;0;1;0;0;0;0;0;0;2;1;0;0;0
"04/02/2025";"18:43:22";"145";"Sem vítima";"404,000";"BR-101/SC";"Crescente";"Colisão traseira";1;0;0;0;0;0;0;0;0;0;1;0;0;0;0
"04/02/2025";"19:34:28";"148";"Com vítima";"315,000";"BR-101/SC";"Decrescente";"Queda de moto";0;0;0;1;0;0;0;0;0;0;0;0;2;0;0
"05/02/2025";"10:07:14";"75";"Sem vítima";"323,400";"BR-101/SC";"Crescente";"Colisão traseira";1;0;0;0;0;0;0;0;0;0;1;0;0;0;0
"05/02/2025";"11:29:42";"87";"Sem vítima";"401,000";"BR-101/SC";"Crescente";"Engavetamento";3;0;0;0;0;0;0;0;0;0;6;0;0;0;0
"05/02/2025";"16:17:00";"108";"Com vítima";"283,000";"BR-101/SC";"Crescente";"Queda de moto";0;0;0;1;0;0;0;0;0;0;0;1;0;0;0
"05/02/2025";"16:30:47";"110";"Sem vítima";"324,000";"BR-101/SC";"Crescente";"Colisão lateral no mesmo sentido";2;0;0;0;0;0;0;0;0;0;2;0;0;0;0
"05/02/2025";"17:43:51";"124";"Com vítima";"355,000";"BR-101/SC";"Crescente";"Saída de pista";1;0;0;0;0;0;0;0;0;0;0;1;0;0;0
"05/02/2025";"19:19:53";"133";"Sem vítima";"263,000";"BR-101/SC";"Crescente";"Saída de pista";1;0;0;0;0;0;0;0;0;0;1;0;0;0;0
"06/02/2025";"00:39:10";"3";"Sem vítima";"389,000";"BR-101/SC";"Crescente";"Saída de pista";1;0;0;0;0;0;0;0;0;0;1;0;0;0;0
"06/02/2025";"04:08:52";"12";"Com vítima";"249,000";"BR-101/SC";"Crescente";"Choque";0;0;0;1;0;0;0;0;0;0;0;0;1;0;0
"06/02/2025";"07:27:58";"49";"Com vítima";"396,900";"BR-101/SC";"Decrescente";"Colisão lateral no mesmo sentido";0;0;2;0;0;0;0;0;0;0;4;0;1;0;0
"06/02/2025";"18:03:36";"179";"Com vítima";"452,000";"BR-101/SC";"Decrescente";"Colisão transversal";0;0;1;1;0;0;0;0;0;0;1;1;0;0;0
"07/02/2025";"07:10:48";"39";"Sem vítima";"370,000";"BR-101/SC";"Crescente";"Saída de pista";1;0;0;0;0;0;0;0;0;0;1;0;0;0;0
"07/02/2025";"08:05:28";"61";"Com vítima";"373,000";"BR-101/SC";"Decrescente";"Saída de pista";1;0;0;0;0;0;0;0;0;0;4;0;1;0;0
"07/02/2025";"12:52:24";"106";"Sem vítima";"312,000";"BR-101/SC";"Crescente";"Colisão lateral no mesmo sentido";1;0;0;0;0;0;0;0;0;0;1;0;0;0;0
"07/02/2025";"15:47:27";"130";"Sem vítima";"289,000";"BR-101/SC";"Decrescente";"Engavetamento";2;0;0;0;0;0;0;0;0;0;5;0;0;0;0
"08/02/2025";"00:18:09";"1";"Sem vítima";"449,000";"BR-101/SC";"Decrescente";"Saída de pista";0;0;1;0;0;0;0;0;0;0;1;0;0;0;0
"08/02/2025";"08:22:55";"38";"Sem vítima";"434,000";"BR-101/SC";"Decrescente";"Colisão lateral no mesmo sentido";1;0;1;0;0;0;0;0;0;0;5;0;0;0;0
"08/02/2025";"16:11:15";"84";"Com vítima";"424,000";"BR-101/SC";"Crescente";"Queda de moto";0;0;0;1;0;0;0;0;0;0;0;0;1;0;0
"08/02/2025";"17:47:42";"95";"Sem vítima";"450,000";"BR-101/SC";"Crescente";"Saída de pista";1;0;0;0;0;0;0;0;0;0;1;0;0;0;0
"08/02/2025";"18:42:34";"98";"Com vítima";"315,000";"BR-101/SC";"Crescente";"Queda de moto";0;0;0;1;0;0;0;0;0;0;0;0;1;0;0
"08/02/2025";"19:23:00";"102";"Com vítima";"312,000";"BR-101/SC";"Decrescente";"Colisão traseira";2;0;0;0;0;0;0;0;0;0;3;0;3;0;0
"09/02/2025";"04:12:28";"11";"Com vítima";"415,000";"BR-101/SC";"Decrescente";"Capotamento";1;0;0;0;0;0;0;0;0;0;0;0;1;1;0
"09/02/2025";"06:09:59";"14";"Com vítima";"261,000";"BR-101/SC";"Crescente";"Choque";1;0;0;0;0;0;0;0;0;0;0;0;1;0;0
"09/02/2025";"16:57:11";"62";"Com vítima";"369,000";"BR-101/SC";"Decrescente";"Queda de moto";0;0;0;1;0;0;0;0;0;0;0;1;1;0;0
"09/02/2025";"19:26:01";"85";"Com vítima";"282,000";"BR-101/SC";"Decrescente";"Colisão frontal";0;0;1;1;0;0;0;0;0;0;3;0;0;0;1
"09/02/2025";"23:26:46";"104";"Com vítima";"271,000";"BR-101/SC";"Crescente";"Colisão frontal";1;0;0;0;0;0;0;0;0;0;0;0;1;0;0
"10/02/2025";"02:16:25";"8";"Sem vítima";"367,000";"BR-101/SC";"Crescente";"Saída de pista";1;0;0;0;0;0;0;0;0;0;1;0;0;0;0
"10/02/2025";"09:43:06";"70";"Com vítima";"417,000";"BR-101/SC";"Crescente";"Colisão traseira";0;0;0;1;0;0;0;0;0;0;0;0;1;0;0
"10/02/2025";"10:54:08";"83";"Sem vítima";"439,000";"BR-101/SC";"Crescente";"Engavetamento";1;0;0;0;0;0;0;0;0;0;1;0;0;0;0
"10/02/2025";"11:33:07";"86";"Com vítima";"370,000";"BR-101/SC";"Decrescente";"Engavetamento";1;0;0;0;0;0;0;0;0;0;2;1;0;0;0
"10/02/2025";"11:40:23";"87";"Sem vítima";"328,000";"BR-101/SC";"Crescente";"Saída de pista";1;0;0;0;0;0;0;0;0;0;1;0;0;0;0
"10/02/2025";"21:16:18";"147";"Com vítima";"276,000";"BR-101/SC";"Crescente";"Queda de moto";0;0;0;1;0;0;0;0;0;0;0;0;1;0;0
"11/02/2025";"00:00:42";"1";"Sem vítima";"324,000";"BR-101/SC";"Decrescente";"Saída de pista";1;0;0;0;0;0;0;0;0;0;1;0;0;0;0
"11/02/2025";"09:02:03";"66";"Sem vítima";"276,000";"BR-101/SC";"Decrescente";"Saída de pista";1;0;0;0;0;0;0;0;0;0;1;0;0;0;0
"11/02/2025";"10:03:25";"71";"Sem vítima";"390,000";"BR-101/SC";"Crescente";"Engavetamento";3;0;0;0;0;0;0;0;0;0;7;0;0;0;0
"11/02/2025";"10:27:04";"75";"Sem vítima";"343,000";"BR-101/SC";"Crescente";"Engavetamento";3;0;0;0;0;0;0;0;0;0;9;0;0;0;0
"11/02/2025";"14:36:26";"110";"Sem vítima";"295,000";"BR-101/SC";"Decrescente";"Colisão lateral no mesmo sentido";1;0;1;0;0;0;0;0;0;0;3;0;0;0;0
"11/02/2025";"15:57:28";"117";"Com vítima";"333,000";"BR-101/SC";"Decrescente";"Choque";1;0;0;1;0;0;0;0;0;0;1;0;1;0;0
"11/02/2025";"17:23:54";"128";"Sem vítima";"457,000";"BR-101/SC";"Decrescente";"Colisão lateral no mesmo sentido";1;0;2;0;0;0;0;0;0;0;4;0;0;0;0
"11/02/2025";"17:45:12";"129";"Sem vítima";"347,000";"BR-101/SC";"Crescente";"Colisão traseira";1;0;1;0;0;0;0;0;0;0;4;0;0;0;0
"11/02/2025";"18:03:20";"132";"Sem vítima";"282,000";"BR-101/SC";"Decrescente";"Colisão traseira";2;0;0;0;0;0;0;0;0;0;2;0;0;0;0
"12/02/2025";"09:59:02";"90";"Sem vítima";"421,000";"BR-101/SC";"Crescente";"Engavetamento";3;0;0;0;0;0;0;0;0;0;10;0;0;0;0
"12/02/2025";"10:30:29";"95";"Sem vítima";"396,000";"BR-101/SC";"Decrescente";"Colisão traseira";0;0;2;0;0;0;0;0;0;0;2;0;0;0;0
"13/02/2025";"00:13:28";"1";"Sem vítima";"382,000";"BR-101/SC";"Crescente";"Saída de pista";1;0;0;0;0;0;0;0;0;0;1;0;0;0;0
"13/02/2025";"00:24:16";"5";"Sem vítima";"358,000";"BR-101/SC";"Crescente";"Tombamento";0;0;1;0;0;0;0;0;0;0;1;0;0;0;0
"13/02/2025";"07:19:13";"43";"Sem vítima";"259,000";"BR-101/SC";"Crescente";"Engavetamento";3;0;0;0;0;0;0;0;0;0;10;0;0;0;0
"13/02/2025";"09:29:12";"75";"Com vítima";"421,000";"BR-101/SC";"Crescente";"Colisão traseira";2;0;0;0;0;0;0;0;0;0;8;1;0;0;0
"13/02/2025";"09:44:41";"76";"Sem vítima";"336,000";"BR-101/SC";"Decrescente";"Colisão traseira";2;0;0;0;0;0;0;0;0;0;3;0;0;0;0
"13/02/2025";"16:53:59";"119";"Com vítima";"445,000";"BR-101/SC";"Crescente";"Colisão lateral no mesmo sentido";2;0;0;0;0;0;0;0;0;0;1;0;1;0;0
"13/02/2025";"17:26:43";"121";"Sem vítima";"339,000";"BR-101/SC";"Decrescente";"Saída de pista";1;0;0;0;0;0;0;0;0;0;1;0;0;0;0
"13/02/2025";"19:41:00";"131";"Sem vítima";"275,000";"BR-101/SC";"Decrescente";"Choque";1;0;0;0;0;0;0;0;0;0;2;0;0;0;0
"13/02/2025";"20:47:40";"133";"Sem vítima";"387,600";"BR-101/SC";"Crescente";"Saída de pista";0;0;1;0;0;0;0;0;0;0;1;0;0;0;0
"13/02/2025";"21:55:30";"135";"Com vítima";"350,000";"BR-101/SC";"Decrescente";"Queda de moto";0;0;0;1;0;0;0;0;0;0;0;0;1;0;0
"13/02/2025";"22:26:34";"138";"Sem vítima";"303,000";"BR-101/SC";"Decrescente";"Colisão traseira";2;0;0;0;0;0;0;0;0;0;5;0;0;0;0
"13/02/2025";"23:05:36";"139";"Sem vítima";"275,000";"BR-101/SC";"Decrescente";"Colisão traseira";1;0;1;0;0;0;0;0;0;0;2;0;0;0;0
"14/02/2025";"03:32:04";"5";"Sem vítima";"332,000";"BR-101/SC";"Crescente";"Saída de pista";0;0;1;0;0;0;0;0;0;0;2;0;0;0;0
"14/02/2025";"18:14:34";"102";"Sem vítima";"337,000";"BR-101/SC";"Decrescente";"Colisão traseira";2;0;0;0;0;0;0;0;0;0;2;0;0;0;0
"15/02/2025";"07:29:26";"18";"Sem vítima";"247,800";"BR-101/SC";"Crescente";"Colisão lateral no mesmo sentido";1;0;0;0;0;0;0;0;0;0;3;0;0;0;0
"15/02/2025";"07:46:13";"21";"Sem vítima";"464,000";"BR-101/SC";"Decrescente";"Colisão lateral no mesmo sentido";2;0;0;0;0;0;0;0;0;0;5;0;0;0;0
"15/02/2025";"11:05:16";"46";"Sem vítima";"343,000";"BR-101/SC";"Crescente";"Engavetamento";3;0;0;0;0;0;0;0;0;0;10;0;0;0;0
"15/02/2025";"12:06:57";"52";"Sem vítima";"292,000";"BR-101/SC";"Decrescente";"Choque";2;0;0;0;0;0;0;0;0;0;5;0;0;0;0
"15/02/2025";"21:45:37";"109";"Com vítima";"344,000";"BR-101/SC";"Decrescente";"Saída de pista";1;0;0;0;0;0;0;0;0;0;1;1;0;0;0
"16/02/2025";"00:27:38";"2";"Sem vítima";"330,000";"BR-101/SC";"Crescente";"Saída de pista";1;0;0;0;0;0;0;0;0;0;1;0;0;0;0
"16/02/2025";"03:33:58";"17";"Com vítima";"274,000";"BR-101/SC";"Decrescente";"Colisão traseira";1;0;1;0;0;0;0;0;0;0;1;0;1;0;0
"16/02/2025";"03:49:08";"19";"Com vítima";"274,000";"BR-101/SC";"Decrescente";"Choque";2;0;0;0;0;0;0;0;0;0;2;0;1;0;0
"16/02/2025";"04:15:29";"20";"Sem vítima";"365,000";"BR-101/SC";"Crescente";"Saída de pista";1;0;0;0;0;0;0;0;0;0;2;0;0;0;0
"16/02/2025";"18:21:04";"119";"Com vítima";"360,000";"BR-101/SC";"Decrescente";"Queda de moto";0;0;0;1;0;0;0;0;0;0;0;1;0;0;0
"16/02/2025";"19:44:47";"127";"Sem vítima";"262,000";"BR-101/SC";"Crescente";"Saída de pista";1;0;0;0;0;0;0;0;0;0;1;0;0;0;0
"17/02/2025";"11:20:33";"95";"Sem vítima";"337,000";"BR-101/SC";"Decrescente";"Engavetamento";3;0;0;0;0;0;0;0;0;0;5;0;0;0;0
"17/02/2025";"14:33:48";"122";"Sem vítima";"335,000";"BR-101/SC";"Crescente";"Engavetamento";2;0;1;0;0;0;0;0;0;0;5;0;0;0;0
"17/02/2025";"16:50:37";"137";"Sem vítima";"371,000";"BR-101/SC";"Decrescente";"Saída de pista";1;0;0;0;0;0;0;0;0;0;2;0;0;0;0
"18/02/2025";"15:30:54";"127";"Sem vítima";"435,000";"BR-101/SC";"Crescente";"Colisão traseira";1;0;1;0;0;0;0;0;0;0;2;0;0;0;0
"18/02/2025";"23:24:10";"156";"Sem vítima";"272,200";"BR-101/SC";"Crescente";"Tombamento";0;0;1;0;0;0;0;0;0;0;1;0;0;0;0
"18/02/2025";"23:56:18";"157";"Sem vítima";"391,000";"BR-101/SC";"Crescente";"Colisão traseira";2;0;0;0;0;0;0;0;0;0;3;0;0;0;0
"19/02/2025";"00:19:45";"1";"Com vítima";"277,000";"BR-101/SC";"Decrescente";"Choque";1;0;0;0;0;0;0;0;0;0;0;0;0;1;0
"19/02/2025";"07:45:37";"37";"Com vítima";"443,000";"BR-101/SC";"Decrescente";"Saída de pista";1;0;0;0;0;0;0;0;0;0;0;1;0;0;0
"19/02/2025";"17:17:40";"108";"Sem vítima";"387,000";"BR-101/SC";"Crescente";"Tombamento";0;0;1;0;0;0;0;0;0;0;1;0;0;0;0
"20/02/2025";"01:23:42";"4";"Sem vítima";"267,000";"BR-101/SC";"Crescente";"Capotamento";0;0;1;0;0;0;0;0;0;0;1;0;0;0;0
"20/02/2025";"07:09:11";"42";"Sem vítima";"344,000";"BR-101/SC";"Decrescente";"Engavetamento";2;0;0;0;1;0;0;0;0;0;24;0;0;0;0
"20/02/2025";"08:58:07";"80";"Com vítima";"315,000";"BR-101/SC";"Decrescente";"Colisão traseira";1;0;1;0;0;0;0;0;0;0;1;0;1;0;0
"20/02/2025";"12:50:05";"108";"Sem vítima";"354,000";"BR-101/SC";"Decrescente";"Colisão traseira";2;0;0;0;0;0;0;0;0;0;7;0;0;0;0
"20/02/2025";"14:00:58";"119";"Sem vítima";"367,900";"BR-101/SC";"Crescente";"Colisão traseira";2;0;0;0;0;0;0;0;0;0;4;0;0;0;0