data;horario;n_da_ocorrencia;tipo_de_ocorrencia;km;trecho;sentido;tipo_de_acidente;automovel;bicicleta;caminhao;moto;onibus;outros;tracao_animal;transporte_de_cargas_especiais;trator_maquinas;utilitarios;ilesos;levemente_feridos;moderadamente_feridos;gravemente_feridos;mortos
"09/06/2025";"12:47:57";"108";"Com vítima";"411,000";"BR-101/SC";"Crescente";"Saída de pista";0;0;1;0;0;0;0;0;0;0;0;0;1;0;0
"10/06/2025";"01:41:32";"2";"Com vítima";"322,000";"BR-101/SC";"Decrescente";"Colisão lateral no mesmo sentido";2;0;0;0;0;0;0;0;0;0;1;1;0;0;0
"10/06/2025";"08:50:14";"73";"Sem vítima";"391,000";"BR-101/SC";"Crescente";"Saída de pista";1;0;0;0;0;0;0;0;0;0;1;0;0;0;0
"10/06/2025";"10:45:39";"90";"Com vítima";"390,000";"BR-101/SC";"Crescente";"Saída de pista";1;0;0;0;0;0;0;0;0;0;0;0;1;0;0
"10/06/2025";"10:53:51";"92";"Com vítima";"278,500";"BR-101/SC";"Decrescente";"Queda de moto";0;0;0;1;0;0;0;0;0;0;0;0;1;0;0
"10/06/2025";"22:48:03";"154";"Com vítima";"367,000";"BR-101/SC";"Decrescente";"Colisão traseira";0;0;2;0;0;0;0;0;0;0;1;0;1;0;0
"11/06/2025";"02:37:42";"5";"Sem vítima";"280,200";"BR-101/SC";"Crescente";"Colisão traseira";1;0;1;0;0;0;0;0;0;0;2;0;0;0;0
"11/06/2025";"15:31:30";"98";"Sem vítima";"389,000";"BR-101/SC";"Decrescente";"Colisão lateral no mesmo sentido";1;0;0;0;1;0;0;0;0;0;2;0;0;0;0
"11/06/2025";"19:55:13";"123";"Sem vítima";"276,000";"BR-101/SC";"Decrescente";"Saída de pista";1;0;0;0;0;0;0;0;0;0;1;0;0;0;0
"12/06/2025";"14:42:27";"98";"Sem vítima";"329,000";"BR-101/SC";"Decrescente";"Colisão traseira";1;0;0;0;0;0;0;0;0;0;1;0;0;0;0
"12/06/2025";"15:40:33";"101";"Com vítima";"276,000";"BR-101/SC";"Crescente";"Colisão lateral no mesmo sentido";1;0;0;1;0;0;0;0;0;0;1;1;0;0;0
"12/06/2025";"16:20:57";"108";"Sem vítima";"416,000";"BR-101/SC";"Crescente";"Colisão traseira";2;0;0;0;0;0;0;0;0;0;2;0;0;0;0
"13/06/2025";"06:19:59";"22";"Com vítima";"383,400";"BR-101/SC";"Crescente";"Colisão traseira";1;0;0;0;0;0;0;0;0;0;1;0;0;0;0
"13/06/2025";"08:31:06";"68";"Com vítima";"423,000";"BR-101/SC";"Crescente";"Colisão traseira";2;0;0;0;0;0;0;0;0;0;2;0;1;0;0
"14/06/2025";"02:04:49";"5";"Com vítima";"379,000";"BR-101/SC";"Decrescente";"Queda de moto";0;0;0;1;0;0;0;0;0;0;0;0;0;1;0
"14/06/2025";"03:39:55";"8";"Sem vítima";"289,000";"BR-101/SC";"Decrescente";"Tombamento";1;0;0;0;0;0;0;0;0;0;1;0;0;0;0
"14/06/2025";"18:41:33";"88";"Com vítima";"458,000";"BR-101/SC";"Crescente";"Queda de moto";0;0;0;1;0;0;0;0;0;0;1;0;1;0;0
"14/06/2025";"18:52:15";"89";"Com vítima";"308,050";"BR-101/SC";"Crescente";"Queda de moto";0;0;0;1;0;0;0;0;0;0;0;0;1;0;0
"14/06/2025";"20:53:01";"97";"Sem vítima";"309,000";"BR-101/SC";"Crescente";"Choque";1;0;0;0;0;0;0;0;0;0;1;0;0;0;0
"14/06/2025";"22:50:31";"107";"Sem vítima";"283,000";"BR-101/SC";"Crescente";"Colisão lateral no mesmo sentido";1;0;1;0;0;0;0;0;0;0;3;0;0;0;0
"15/06/2025";"04:13:15";"9";"Com vítima";"420,000";"BR-101/SC";"Decrescente";"Colisão traseira";0;0;0;1;0;0;0;0;0;0;0;0;1;0;0
"15/06/2025";"17:32:01";"50";"Com vítima";"246,000";"BR-101/SC";"Crescente";"Queda de moto";0;0;0;1;0;0;0;0;0;0;0;0;2;0;0
"15/06/2025";"19:33:10";"64";"Sem vítima";"424,000";"BR-101/SC";"Crescente";"Colisão traseira";2;0;0;0;0;0;0;0;0;0;3;0;0;0;0
"15/06/2025";"22:44:44";"75";"Com vítima";"400,000";"BR-101/SC";"Crescente";"Choque";1;0;0;0;0;0;0;0;0;0;0;2;0;0;0
"16/06/2025";"06:22:44";"8";"Sem vítima";"414,000";"BR-101/SC";"Decrescente";"Choque";1;0;0;0;0;0;0;0;0;0;1;0;0;0;0
"16/06/2025";"07:08:31";"16";"Sem vítima";"360,000";"BR-101/SC";"Crescente";"Choque";0;0;1;0;0;0;0;0;0;0;1;0;0;0;0
"16/06/2025";"09:43:50";"63";"Sem vítima";"320,000";"BR-101/SC";"Decrescente";"Colisão lateral no mesmo sentido";2;0;0;0;0;0;0;0;0;0;3;0;0;0;0
"16/06/2025";"21:25:12";"132";"Sem vítima";"290,200";"BR-101/SC";"Decrescente";"Atropelamento de animal";0;0;1;0;0;0;0;0;0;0;1;0;0;0;0
"16/06/2025";"23:35:43";"142";"Sem vítima";"427,000";"BR-101/SC";"Crescente";"Colisão traseira";1;0;0;0;0;0;0;0;0;0;1;0;0;0;0
"17/06/2025";"03:23:30";"10";"Com vítima";"326,000";"BR-101/SC";"Decrescente";"Colisão traseira";1;0;0;1;0;0;0;0;0;0;1;0;0;1;0
"17/06/2025";"10:30:36";"82";"Sem vítima";"274,000";"BR-101/SC";"Decrescente";"Colisão lateral no mesmo sentido";2;0;0;0;0;0;0;0;0;0;4;0;0;0;0
"17/06/2025";"16:09:13";"108";"Com vítima";"279,000";"BR-101/SC";"Decrescente";"Capotamento";1;0;0;0;0;0;0;0;0;0;0;0;2;0;0
"17/06/2025";"18:22:06";"118";"Com vítima";"405,000";"BR-101/SC";"Crescente";"Colisão traseira";1;0;0;0;0;0;0;0;0;0;1;1;0;0;0
"18/06/2025";"05:16:53";"23";"Com vítima";"401,000";"BR-101/SC";"Crescente";"Choque";1;0;0;0;0;0;0;0;0;0;0;1;1;0;0
"18/06/2025";"05:42:17";"24";"Sem vítima";"354,000";"BR-101/SC";"Crescente";"Colisão lateral no mesmo sentido";0;0;2;0;0;0;0;0;0;0;2;0;0;0;0
"18/06/2025";"20:41:12";"136";"Sem vítima";"332,900";"BR-101/SC";"Decrescente";"Colisão transversal";1;0;0;1;0;0;0;0;0;0;2;0;0;0;0
"18/06/2025";"20:52:31";"137";"Com vítima";"391,500";"BR-101/SC";"Crescente";"Colisão traseira";0;0;2;0;0;0;0;0;0;0;2;0;1;0;0
"19/06/2025";"04:58:17";"9";"Sem vítima";"401,000";"BR-101/SC";"Decrescente";"Colisão transversal";1;0;1;0;0;0;0;0;0;0;2;0;0;0;0
"20/06/2025";"14:45:22";"77";"Sem vítima";"456,000";"BR-101/SC";"Decrescente";"Choque";1;0;0;0;0;0;0;0;0;0;1;0;0;0;0
"20/06/2025";"21:50:43";"109";"Sem vítima";"272,800";"BR-101/SC";"Decrescente";"Colisão traseira";1;0;1;0;0;0;0;0;0;0;2;0;0;0;0
"21/06/2025";"15:25:12";"83";"Sem vítima";"285,000";"BR-101/SC";"Decrescente";"Choque";0;0;1;0;0;0;0;0;0;0;1;0;0;0;0
"21/06/2025";"17:43:38";"90";"Com vítima";"398,000";"BR-101/SC";"Crescente";"Colisão lateral no mesmo sentido";2;0;0;0;0;0;0;0;0;0;2;0;0;1;0
"21/06/2025";"20:12:25";"95";"Sem vítima";"334,000";"BR-101/SC";"Crescente";"Choque";1;0;0;0;0;0;0;0;0;0;1;0;0;0;0
"21/06/2025";"20:22:44";"96";"Com vítima";"419,000";"BR-101/SC";"Crescente";"Acidentes de outra natureza";1;0;0;0;0;0;0;0;0;0;1;0;0;0;0
"22/06/2025";"16:00:13";"74";"Sem vítima";"257,000";"BR-101/SC";"Decrescente";"Saída de pista";1;0;0;0;0;0;0;0;0;0;2;0;0;0;0
"22/06/2025";"22:12:26";"105";"Sem vítima";"367,000";"BR-101/SC";"Decrescente";"Capotamento";1;0;0;0;0;0;0;0;0;0;1;0;0;0;0
"23/06/2025";"07:55:59";"15";"Com vítima";"450,000";"BR-101/SC";"Crescente";"Colisão traseira";1;0;1;0;0;0;0;0;0;0;1;0;1;0;0
"23/06/2025";"13:39:16";"100";"Sem vítima";"334,000";"BR-101/SC";"Decrescente";"Colisão traseira";2;0;0;0;0;0;0;0;0;0;3;0;0;0;0
"23/06/2025";"14:26:06";"108";"Sem vítima";"387,000";"BR-101/SC";"Decrescente";"Choque";1;0;0;0;0;0;0;0;0;0;1;0;0;0;0
"23/06/2025";"15:02:27";"112";"Sem vítima";"377,000";"BR-101/SC";"Decrescente";"Engavetamento";1;0;2;0;0;0;0;0;0;0;3;0;0;0;0
"23/06/2025";"18:10:13";"128";"Sem vítima";"288,000";"BR-101/SC";"Crescente";"Choque";1;0;0;0;0;0;0;0;0;0;1;0;0;0;0
"24/06/2025";"07:58:11";"35";"Com vítima";"339,000";"BR-101/SC";"Decrescente";"Colisão lateral no mesmo sentido";0;0;0;1;0;0;0;0;0;0;0;2;0;0;0
"24/06/2025";"14:49:31";"111";"Sem vítima";"392,000";"BR-101/SC";"Crescente";"Colisão traseira";1;0;0;0;0;0;0;0;0;0;1;0;0;0;0
"25/06/2025";"14:03:10";"126";"Sem vítima";"416,000";"BR-101/SC";"Decrescente";"Colisão traseira";1;0;0;0;1;0;0;0;0;0;9;0;0;0;0
"25/06/2025";"16:32:12";"145";"Sem vítima";"252,000";"BR-101/SC";"Decrescente";"Saída de pista";0;0;1;0;0;0;0;0;0;0;1;0;0;0;0
"25/06/2025";"18:03:37";"153";"Sem vítima";"385,600";"BR-101/SC";"Crescente";"Colisão traseira";1;0;1;0;0;0;0;0;0;0;2;0;0;0;0
"26/06/2025";"15:57:37";"106";"Sem vítima";"328,000";"BR-101/SC";"Crescente";"Choque";1;0;0;0;0;0;0;0;0;0;1;0;0;0;0
"26/06/2025";"17:20:07";"112";"Sem vítima";"306,000";"BR-101/SC";"Decrescente";"Saída de pista";1;0;0;0;0;0;0;0;0;0;1;0;0;0;0
"27/06/2025";"02:20:10";"7";"Sem vítima";"423,000";"BR-101/SC";"Crescente";"Colisão lateral no mesmo sentido";1;0;1;0;0;0;0;0;0;0;2;0;0;0;0
"27/06/2025";"08:07:39";"47";"Sem vítima";"332,000";"BR-101/SC";"Decrescente";"Saída de pista";1;0;0;0;0;0;0;0;0;0;1;0;0;0;0
"27/06/2025";"08:30:18";"54";"Sem vítima";"331,000";"BR-101/SC";"Decrescente";"Saída de pista";1;0;0;0;0;0;0;0;0;0;1;0;0;0;0
"28/06/2025";"17:32:17";"68";"Com vítima";"306,500";"BR-101/SC";"Crescente";"Choque";1;0;0;0;0;0;0;0;0;0;0;1;0;0;0
"29/06/2025";"06:50:13";"11";"Sem vítima";"283,000";"BR-101/SC";"Crescente";"Saída de pista";1;0;0;0;0;0;0;0;0;0;2;0;0;0;0
"29/06/2025";"09:42:07";"31";"Com vítima";"355,000";"BR-101/SC";"Decrescente";"Colisão traseira";1;0;1;0;0;0;0;0;0;0;1;0;1;0;0
"29/06/2025";"11:18:31";"33";"Com vítima";"449,000";"BR-101/SC";"Crescente";"Saída de pista";0;0;0;1;0;0;0;0;0;0;0;1;0;0;0
"29/06/2025";"12:51:43";"36";"Com vítima";"316,000";"BR-101/SC";"Crescente";"Saída de pista";1;0;0;0;0;0;0;0;0;0;1;1;1;0;0
"29/06/2025";"14:26:38";"39";"Sem vítima";"332,900";"BR-101/SC";"Decrescente";"Colisão lateral no mesmo sentido";1;0;0;1;0;0;0;0;0;0;2;0;0;0;0
"29/06/2025";"22:05:50";"69";"Com vítima";"397,000";"BR-101/SC";"Decrescente";"Queda de moto";0;0;0;1;0;0;0;0;0;0;0;0;1;0;0
"30/06/2025";"16:33:52";"104";"Sem vítima";"333,000";"BR-101/SC";"Crescente";"Colisão traseira";1;0;1;0;0;0;0;0;0;0;2;0;0;0;0
"30/06/2025";"18:46:12";"107";"Sem vítima";"398,000";"BR-101/SC";"Crescente";"Capotamento";1;0;0;0;0;0;0;0;0;0;1;0;0;0;0
"30/06/2025";"20:09:09";"111";"Sem vítima";"386,000";"BR-101/SC";"Crescente";"Choque";1;0;0;0;0;0;0;0;0;0;3;0;0;0;0
"30/06/2025";"22:41:22";"116";"Sem vítima";"351,000";"BR-101/SC";"Decrescente";"Saída de pista";1;0;0;0;0;0;0;0;0;0;1;0;0;0;0
"01/07/2025";"09:46:38";"73";"Sem vítima";"274,000";"BR-101/SC";"Decrescente";"Colisão lateral no mesmo sentido";2;0;0;0;0;0;0;0;0;0;2;0;0;0;0
"01/07/2025";"18:12:58";"112";"Sem vítima";"345,000";"BR-101/SC";"Crescente";"Colisão lateral no mesmo sentido";2;0;1;0;0;0;0;0;0;0;4;0;0;0;0
"03/07/2025";"07:10:54";"23";"Com vítima";"293,000";"BR-101/SC";"Crescente";"Colisão traseira";1;0;1;0;0;0;0;0;0;0;1;1;0;0;0
"03/07/2025";"10:32:23";"87";"Sem vítima";"331,000";"BR-101/SC";"Crescente";"Colisão traseira";1;0;0;1;0;0;0;0;0;0;3;0;0;0;0
"03/07/2025";"10:39:18";"89";"Sem vítima";"307,000";"BR-101/SC";"Decrescente";"Queda de moto";0;0;0;1;0;0;0;0;0;0;1;0;0;0;0
"03/07/2025";"17:53:34";"120";"Com vítima";"463,000";"BR-101/SC";"Crescente";"Colisão frontal";1;0;0;1;0;0;0;0;0;0;1;0;0;1;0
"04/07/2025";"08:09:16";"57";"Com vítima";"276,000";"BR-101/SC";"Crescente";"Queda de moto";0;0;0;1;0;0;0;0;0;0;0;0;1;0;0
"04/07/2025";"10:15:50";"144";"Com vítima";"335,000";"BR-101/SC";"Crescente";"Colisão lateral no mesmo sentido";0;0;1;1;0;0;0;0;0;0;1;1;0;0;0
"04/07/2025";"11:45:00";"155";"Sem vítima";"257,000";"BR-101/SC";"Crescente";"Colisão traseira";0;0;2;0;0;0;0;0;0;0;2;0;0;0;0
"04/07/2025";"17:52:36";"186";"Sem vítima";"422,000";"BR-101/SC";"Decrescente";"Colisão transversal";1;0;0;0;0;0;0;0;0;0;1;0;0;0;0
"05/07/2025";"03:32:52";"20";"Sem vítima";"281,580";"BR-101/SC";"Crescente";"Colisão lateral no mesmo sentido";2;0;0;0;0;0;0;0;0;0;3;0;0;0;0
"05/07/2025";"04:14:22";"22";"Com vítima";"349,000";"BR-101/SC";"Decrescente";"Queda de moto";0;0;0;1;0;0;0;0;0;0;0;0;1;0;0
"05/07/2025";"08:46:10";"69";"Com vítima";"419,000";"BR-101/SC";"Decrescente";"Colisão traseira";1;0;1;1;0;0;0;0;0;0;4;0;1;0;0
"05/07/2025";"09:06:00";"73";"Sem vítima";"464,000";"BR-101/SC";"Decrescente";"Saída de pista";1;0;0;0;0;0;0;0;0;0;1;0;0;0;0
"05/07/2025";"20:47:12";"128";"Sem vítima";"394,000";"BR-101/SC";"Decrescente";"Capotamento";1;0;0;0;0;0;0;0;0;0;2;0;0;0;0
"06/07/2025";"03:55:09";"4";"Com vítima";"438,000";"BR-101/SC";"Crescente";"Choque";1;0;0;0;0;0;0;0;0;0;0;0;1;0;0
"06/07/2025";"08:57:56";"26";"Sem vítima";"283,000";"BR-101/SC";"Decrescente";"Colisão traseira";0;0;1;0;0;0;0;0;0;0;2;0;0;0;0
"06/07/2025";"10:32:10";"30";"Sem vítima";"400,000";"BR-101/SC";"Decrescente";"Colisão traseira";2;0;0;0;0;0;0;0;0;0;2;0;0;0;0
"06/07/2025";"15:30:50";"47";"Com vítima";"350,000";"BR-101/SC";"Crescente";"Queda de moto";0;0;0;1;0;0;0;0;0;0;0;0;2;0;0
"07/07/2025";"14:31:21";"100";"Com vítima";"325,000";"BR-101/SC";"Decrescente";"Colisão transversal";1;0;0;1;0;0;0;0;0;0;2;1;0;0;0
"08/07/2025";"10:17:27";"87";"Sem vítima";"406,000";"BR-101/SC";"Crescente";"Choque";2;0;0;0;0;0;0;0;0;0;4;0;0;0;0
"08/07/2025";"12:36:23";"98";"Sem vítima";"400,000";"BR-101/SC";"Decrescente";"Colisão lateral no mesmo sentido";1;0;0;0;1;0;0;0;0;0;3;0;0;0;0
"08/07/2025";"13:08:09";"101";"Com vítima";"271,000";"BR-101/SC";"Crescente";"Saída de pista";1;0;0;0;0;0;0;0;0;0;0;0;1;0;0
"08/07/2025";"15:21:57";"121";"Sem vítima";"388,000";"BR-101/SC";"Decrescente";"Saída de pista";0;0;1;0;0;0;0;0;0;0;1;0;0;0;0
"09/07/2025";"09:28:53";"73";"Sem vítima";"403,000";"BR-101/SC";"Crescente";"Colisão traseira";2;0;0;0;0;0;0;0;0;0;0;0;0;0;0
"09/07/2025";"14:55:42";"107";"Sem vítima";"457,000";"BR-101/SC";"Decrescente";"Colisão traseira";2;0;0;0;0;0;0;0;0;0;4;0;0;0;0
"09/07/2025";"16:20:34";"112";"Sem vítima";"326,000";"BR-101/SC";"Decrescente";"Tombamento";1;0;0;0;0;0;0;0;0;0;1;0;0;0;0
"09/07/2025";"17:47:14";"116";"Sem vítima";"258,000";"BR-101/SC";"Decrescente";"Choque";1;0;0;0;0;0;0;0;0;0;0;0;0;0;0
"09/07/2025";"19:21:06";"123";"Com vítima";"395,000";"BR-101/SC";"Decrescente";"Colisão traseira";1;0;1;1;0;0;0;0;0;0;2;2;0;0;0
"09/07/2025";"23:07:38";"138";"Com vítima";"418,300";"BR-101/SC";"Crescente";"Colisão traseira";1;0;0;1;0;0;0;0;0;0;1;0;1;0;0
"10/07/2025";"07:32:02";"35";"Sem vítima";"420,000";"BR-101/SC";"Decrescente";"Choque";1;0;0;0;0;0;0;0;0;0;1;0;0;0;0
"10/07/2025";"07:58:26";"50";"Com vítima";"432,000";"BR-101/SC";"Crescente";"Colisão traseira";1;0;0;1;0;0;0;0;0;0;1;0;1;0;0
"10/07/2025";"15:29:33";"112";"Sem vítima";"280,000";"BR-101/SC";"Crescente";"Engavetamento";2;0;1;0;0;0;0;0;0;0;3;0;0;0;0
"10/07/2025";"22:36:12";"131";"Sem vítima";"332,000";"BR-101/SC";"Decrescente";"Capotamento";2;0;0;0;0;0;0;0;0;0;3;0;0;0;0
"11/07/2025";"00:35:36";"1";"Sem vítima";"370,000";"BR-101/SC";"Crescente";"Saída de pista";1;0;0;0;0;0;0;0;0;0;3;0;0;0;0
"11/07/2025";"11:35:08";"92";"Com vítima";"292,000";"BR-101/SC";"Decrescente";"Saída de pista";1;0;0;0;0;0;0;0;0;0;0;1;0;0;0
"11/07/2025";"13:23:40";"102";"Com vítima";"435,000";"BR-101/SC";"Decrescente";"Colisão traseira";2;0;0;0;0;0;0;0;0;0;2;1;0;0;0
"12/07/2025";"05:04:43";"6";"Sem vítima";"448,000";"BR-101/SC";"Decrescente";"Choque";1;0;0;0;0;0;0;0;0;0;1;0;0;0;0
"12/07/2025";"06:55:57";"16";"Com vítima";"298,000";"BR-101/SC";"Decrescente";"Colisão lateral no mesmo sentido";1;0;0;1;0;0;0;0;0;0;1;0;1;0;0
"12/07/2025";"13:42:50";"89";"Com vítima";"288,000";"BR-101/SC";"Decrescente";"Queda de moto";0;0;0;1;0;0;0;0;0;0;1;0;1;0;0
"12/07/2025";"17:36:15";"110";"Sem vítima";"405,000";"BR-101/SC";"Crescente";"Colisão traseira";0;0;1;1;0;0;0;0;0;0;3;0;0;0;0
"13/07/2025";"00:36:53";"3";"Com vítima";"319,000";"BR-101/SC";"Decrescente";"Colisão traseira";2;0;0;0;0;0;0;0;0;0;0;6;0;0;0
"13/07/2025";"02:33:18";"7";"Sem vítima";"370,000";"BR-101/SC";"Crescente";"Saída de pista";1;0;0;0;0;0;0;0;0;0;1;0;0;0;0
"13/07/2025";"09:04:44";"31";"Sem vítima";"318,000";"BR-101/SC";"Crescente";"Saída de pista";1;0;0;0;0;0;0;0;0;0;1;0;0;0;0
"13/07/2025";"10:37:05";"38";"Sem vítima";"405,000";"BR-101/SC";"Crescente";"Saída de pista";1;0;0;0;0;0;0;0;0;0;1;0;0;0;0
"13/07/2025";"19:32:56";"89";"Sem vítima";"439,000";"BR-101/SC";"Decrescente";"Acidentes de outra natureza";1;0;0;0;0;0;0;0;0;0;1;0;0;0;0
"13/07/2025";"20:55:26";"94";"Sem vítima";"333,000";"BR-101/SC";"Crescente";"Colisão lateral no mesmo sentido";2;0;0;0;0;0;0;0;0;0;3;0;0;0;0
"14/07/2025";"11:46:07";"78";"Com vítima";"282,000";"BR-101/SC";"Crescente";"Colisão lateral no mesmo sentido";0;0;1;0;0;0;0;0;0;0;2;1;0;0;0
"14/07/2025";"19:49:24";"112";"Sem vítima";"426,250";"BR-101/SC";"Crescente";"Colisão transversal";2;0;0;0;0;0;0;0;0;0;6;0;0;0;0
"15/07/2025";"02:35:13";"4";"Com vítima";"385,900";"BR-101/SC";"Crescente";"Tombamento";0;0;1;0;0;0;0;0;0;0;0;0;1;0;0
"15/07/2025";"07:13:47";"18";"Com vítima";"362,000";"BR-101/SC";"Crescente";"Engavetamento";6;0;4;0;0;0;0;0;0;0;14;0;1;1;0
"15/07/2025";"07:43:14";"22";"Sem vítima";"363,000";"BR-101/SC";"Decrescente";"Colisão traseira";2;0;0;0;0;0;0;0;0;0;2;0;0;0;0
"15/07/2025";"09:16:25";"38";"Com vítima";"389,000";"BR-101/SC";"Decrescente";"Queda de moto";0;0;0;1;0;0;0;0;0;0;0;1;0;0;0
"15/07/2025";"10:05:51";"51";"Sem vítima";"362,000";"BR-101/SC";"Crescente";"Engavetamento";1;0;2;0;0;0;0;0;0;0;4;0;0;0;0
"15/07/2025";"15:10:58";"104";"Sem vítima";"378,800";"BR-101/SC";"Crescente";"Colisão lateral no mesmo sentido";2;0;0;0;0;0;0;0;0;0;2;0;0;0;0
"16/07/2025";"08:03:41";"51";"Com vítima";"334,000";"BR-101/SC";"Decrescente";"Saída de pista";0;0;0;1;0;0;0;0;0;0;0;1;0;0;0
"16/07/2025";"08:43:44";"66";"Sem vítima";"277,000";"BR-101/SC";"Decrescente";"Saída de pista";1;0;0;0;0;0;0;0;0;0;1;0;0;0;0
"16/07/2025";"11:43:29";"99";"Sem vítima";"354,000";"BR-101/SC";"Crescente";"Colisão traseira";1;0;1;0;0;0;0;0;0;0;3;0;0;0;0
"16/07/2025";"13:08:43";"117";"Sem vítima";"350,000";"BR-101/SC";"Crescente";"Saída de pista";1;0;0;0;0;0;0;0;0;0;1;0;0;0;0
"16/07/2025";"15:20:25";"129";"Com vítima";"432,000";"BR-101/SC";"Crescente";"Colisão lateral no mesmo sentido";1;0;1;0;0;0;0;0;0;0;1;0;0;1;0
"16/07/2025";"15:33:36";"130";"Com vítima";"394,000";"BR-101/SC";"Crescente";"Colisão lateral no mesmo sentido";0;0;2;1;0;0;0;0;0;0;1;0;1;0;0
"16/07/2025";"16:47:50";"136";"Sem vítima";"333,000";"BR-101/SC";"Crescente";"Colisão lateral no mesmo sentido";1;0;0;1;0;0;0;0;0;0;2;0;0;0;0
"16/07/2025";"17:50:33";"140";"Sem vítima";"374,000";"BR-101/SC";"Crescente";"Colisão traseira";2;0;0;0;0;0;0;0;0;0;2;0;0;0;0
"17/07/2025";"05:51:19";"7";"Com vítima";"265,000";"BR-101/SC";"Decrescente";"Colisão frontal";1;0;0;1;0;0;0;0;0;0;1;0;0;1;0
"17/07/2025";"14:16:23";"120";"Com vítima";"350,000";"BR-101/SC";"Decrescente";"Colisão traseira";2;0;0;0;0;0;0;0;0;0;3;2;0;0;0
"17/07/2025";"18:19:25";"138";"Sem vítima";"384,000";"BR-101/SC";"Crescente";"Saída de pista";1;0;0;0;0;0;0;0;0;0;1;0;0;0;0
"17/07/2025";"19:34:14";"144";"Sem vítima";"334,340";"BR-101/SC";"Crescente";"Saída de pista";1;0;0;0;0;0;0;0;0;0;1;0;0;0;0
"17/07/2025";"21:57:01";"149";"Sem vítima";"402,000";"BR-101/SC";"Decrescente";"Colisão traseira";0;0;2;0;0;0;0;0;0;0;3;0;0;0;0
"17/07/2025";"22:04:33";"151";"Sem vítima";"256,000";"BR-101/SC";"Crescente";"Colisão traseira";0;0;2;0;0;0;0;0;0;0;2;0;0;0;0
"18/07/2025";"09:30:20";"84";"Sem vítima";"390,000";"BR-101/SC";"Crescente";"Colisão traseira";2;0;0;0;0;0;0;0;0;0;2;0;0;0;0
"18/07/2025";"09:36:33";"89";"Com vítima";"283,000";"BR-101/SC";"Decrescente";"Queda de moto";0;0;0;1;0;0;0;0;0;0;0;0;1;0;0
"18/07/2025";"10:30:00";"95";"Com vítima";"390,000";"BR-101/SC";"Crescente";"Engavetamento";2;0;2;0;0;0;0;0;0;0;3;0;1;1;0
"18/07/2025";"12:26:12";"106";"Sem vítima";"335,000";"BR-101/SC";"Decrescente";"Colisão traseira";1;0;1;0;0;0;0;0;0;0;2;0;0;0;0
"18/07/2025";"15:52:58";"125";"Com vítima";"366,000";"BR-101/SC";"Decrescente";"Colisão traseira";1;0;0;1;0;0;0;0;0;0;4;0;0;1;0
"19/07/2025";"14:40:25";"75";"Com vítima";"402,000";"BR-101/SC";"Decrescente";"Choque";1;0;0;0;0;0;0;0;0;0;0;0;1;0;0
"19/07/2025";"16:35:56";"82";"Sem vítima";"273,000";"BR-101/SC";"Decrescente";"Choque";1;0;0;0;0;0;0;0;0;0;1;0;0;0;0
"19/07/2025";"17:55:01";"87";"Com vítima";"435,000";"BR-101/SC";"Crescente";"Colisão lateral no mesmo sentido";1;0;0;1;0;0;0;0;0;0;1;0;1;0;0
"19/07/2025";"22:56:32";"108";"Sem vítima";"405,250";"BR-101/SC";"Crescente";"Colisão traseira";1;0;1;0;0;0;0;0;0;0;4;0;0;0;0
"20/07/2025";"04:30:57";"15";"Com vítima";"296,570";"BR-101/SC";"Crescente";"Choque";1;0;0;0;0;0;0;0;0;0;0;0;1;0;0
"20/07/2025";"05:53:46";"17";"Com vítima";"365,800";"BR-101/SC";"Decrescente";"Capotamento";1;0;0;0;0;0;0;0;0;0;0;1;0;0;2
"20/07/2025";"06:02:10";"19";"Sem vítima";"355,000";"BR-101/SC";"Decrescente";"Saída de pista";1;0;0;0;0;0;0;0;0;0;1;0;0;0;0
"20/07/2025";"11:35:31";"46";"Sem vítima";"352,000";"BR-101/SC";"Crescente";"Colisão traseira";1;0;1;0;0;0;0;0;0;0;3;0;0;0;0
"20/07/2025";"18:09:59";"84";"Sem vítima";"272,000";"BR-101/SC";"Decrescente";"Colisão traseira";3;0;0;0;0;0;0;0;0;0;9;0;0;0;0
"20/07/2025";"20:24:34";"92";"Com vítima";"319,200";"BR-101/SC";"Crescente";"Colisão transversal";1;0;1;0;0;0;0;0;0;0;1;0;1;0;0
"21/07/2025";"05:38:17";"10";"Sem vítima";"257,000";"BR-101/SC";"Crescente";"Colisão traseira";1;0;1;0;0;0;0;0;0;0;2;0;0;0;0
"21/07/2025";"07:00:56";"14";"Com vítima";"316,000";"BR-101/SC";"Crescente";"Atropelamento de animal";0;0;0;2;0;0;0;0;0;0;0;2;0;0;0