data;horario;n_da_ocorrencia;tipo_de_ocorrencia;km;trecho;sentido;tipo_de_acidente;automovel;bicicleta;caminhao;moto;onibus;outros;tracao_animal;transporte_de_cargas_especiais;trator_maquinas;utilitarios;ilesos;levemente_feridos;moderadamente_feridos;gravemente_feridos;mortos
"21/07/2025";"07:44:06";"23";"Com vítima";"415,000";"BR-101/SC";"Crescente";"Queda de moto";0;0;0;1;0;0;0;0;0;0;0;1;0;0;0
"21/07/2025";"16:52:09";"109";"Sem vítima";"340,800";"BR-101/SC";"Crescente";"Colisão lateral no mesmo sentido";1;0;0;0;0;0;0;0;0;0;1;0;0;0;0
"21/07/2025";"17:29:05";"112";"Sem vítima";"402,000";"BR-101/SC";"Decrescente";"Colisão frontal";2;0;0;0;0;0;0;0;0;0;4;0;0;0;0
"22/07/2025";"04:13:59";"7";"Com vítima";"297,000";"BR-101/SC";"Decrescente";"Tombamento";0;0;0;0;1;0;0;0;0;0;20;6;2;5;0
"22/07/2025";"08:25:45";"60";"Sem vítima";"354,000";"BR-101/SC";"Decrescente";"Colisão traseira";2;0;0;0;0;0;0;0;0;0;5;0;0;0;0
"22/07/2025";"08:38:34";"63";"Sem vítima";"353,000";"BR-101/SC";"Decrescente";"Colisão traseira";1;0;1;0;0;0;0;0;0;0;3;0;0;0;0
"22/07/2025";"09:02:27";"73";"Sem vítima";"271,000";"BR-101/SC";"Crescente";"Saída de pista";1;0;0;0;0;0;0;0;0;0;1;0;0;0;0
"22/07/2025";"10:24:51";"81";"Sem vítima";"363,000";"BR-101/SC";"Decrescente";"Engavetamento";3;0;0;0;0;0;0;0;0;0;6;0;0;0;0
"22/07/2025";"11:01:20";"84";"Com vítima";"312,000";"BR-101/SC";"Crescente";"Colisão traseira";0;0;3;0;0;0;0;0;0;0;1;1;1;0;0
"22/07/2025";"13:15:14";"91";"Com vítima";"444,000";"BR-101/SC";"Decrescente";"Colisão lateral no mesmo sentido";1;0;0;1;0;0;0;0;0;0;1;1;0;0;0
"22/07/2025";"15:46:40";"105";"Sem vítima";"277,000";"BR-101/SC";"Decrescente";"Colisão lateral no mesmo sentido";1;0;1;0;0;0;0;0;0;0;2;0;0;0;0
"23/07/2025";"11:51:42";"79";"Sem vítima";"388,000";"BR-101/SC";"Crescente";"Colisão traseira";2;0;0;0;0;0;0;0;0;0;2;0;0;0;0
"23/07/2025";"17:17:49";"116";"Sem vítima";"293,850";"BR-101/SC";"Decrescente";"Capotamento";1;0;0;0;0;0;0;0;0;0;1;0;0;0;0
"24/07/2025";"16:04:57";"100";"Sem vítima";"261,000";"BR-101/SC";"Crescente";"Choque";1;0;0;0;0;0;0;0;0;0;1;0;0;0;0
"24/07/2025";"18:13:52";"106";"Sem vítima";"337,000";"BR-101/SC";"Decrescente";"Colisão traseira";2;0;0;0;0;0;0;0;0;0;7;0;0;0;0
"24/07/2025";"19:30:08";"110";"Sem vítima";"428,300";"BR-101/SC";"Decrescente";"Colisão lateral no mesmo sentido";1;0;1;0;0;0;0;0;0;0;3;0;0;0;0
"25/07/2025";"16:10:24";"122";"Sem vítima";"421,000";"BR-101/SC";"Crescente";"Colisão traseira";2;0;0;0;0;0;0;0;0;0;3;0;0;0;0
"25/07/2025";"18:00:41";"133";"Sem vítima";"439,000";"BR-101/SC";"Decrescente";"Atropelamento de animal";3;0;0;0;0;0;0;0;0;0;5;0;0;0;0
"25/07/2025";"18:36:22";"134";"Sem vítima";"368,000";"BR-101/SC";"Crescente";"Choque";1;0;0;0;0;0;0;0;0;0;1;0;0;0;0
"26/07/2025";"13:16:09";"62";"Sem vítima";"383,000";"BR-101/SC";"Crescente";"Colisão traseira";1;0;1;0;0;0;0;0;0;0;3;0;0;0;0
"26/07/2025";"13:36:43";"63";"Sem vítima";"275,000";"BR-101/SC";"Crescente";"Colisão traseira";2;0;0;0;0;0;0;0;0;0;3;0;0;0;0
"26/07/2025";"15:54:02";"72";"Com vítima";"399,000";"BR-101/SC";"Decrescente";"Saída de pista";1;0;0;0;0;0;0;0;0;0;1;0;1;0;0
"26/07/2025";"19:04:02";"87";"Com vítima";"398,000";"BR-101/SC";"Decrescente";"Colisão traseira";2;0;0;0;0;0;0;0;0;0;4;0;2;0;0
"27/07/2025";"00:21:28";"1";"Sem vítima";"270,200";"BR-101/SC";"Crescente";"Choque";1;0;0;0;0;0;0;0;0;0;2;0;0;0;0
"27/07/2025";"00:36:32";"2";"Sem vítima";"425,000";"BR-101/SC";"Decrescente";"Saída de pista";1;0;0;0;0;0;0;0;0;0;2;0;0;0;0
"27/07/2025";"01:37:20";"4";"Com vítima";"404,000";"BR-101/SC";"Crescente";"Engavetamento";2;0;0;0;0;0;0;0;0;0;4;0;0;2;0
"27/07/2025";"07:43:08";"21";"Com vítima";"459,000";"BR-101/SC";"Crescente";"Capotamento";1;0;0;0;0;0;0;0;0;0;0;1;1;0;0
"27/07/2025";"12:23:20";"45";"Sem vítima";"327,000";"BR-101/SC";"Decrescente";"Capotamento";2;0;0;0;0;0;0;0;0;0;3;0;0;0;0
"27/07/2025";"16:22:22";"55";"Sem vítima";"376,000";"BR-101/SC";"Crescente";"Saída de pista";1;0;0;0;0;0;0;0;0;0;6;0;0;0;0
"27/07/2025";"22:00:11";"84";"Sem vítima";"282,000";"BR-101/SC";"Decrescente";"Saída de pista";1;0;0;0;0;0;0;0;0;0;1;0;0;0;0
"28/07/2025";"05:23:44";"8";"Sem vítima";"370,000";"BR-101/SC";"Decrescente";"Atropelamento de animal";1;0;0;0;0;0;0;0;0;0;4;0;0;0;0
"28/07/2025";"07:28:11";"36";"Com vítima";"383,000";"BR-101/SC";"Crescente";"Colisão frontal";0;0;1;1;0;0;0;0;0;0;1;1;0;0;0
"28/07/2025";"08:40:47";"61";"Com vítima";"294,000";"BR-101/SC";"Crescente";"Colisão traseira";1;0;1;0;0;0;0;0;0;0;1;2;0;0;0
"28/07/2025";"13:49:44";"91";"Sem vítima";"295,000";"BR-101/SC";"Crescente";"Choque";0;0;1;0;0;0;0;0;0;0;1;0;0;0;0
"28/07/2025";"17:41:47";"128";"Com vítima";"282,000";"BR-101/SC";"Decrescente";"Colisão transversal";1;0;0;1;0;0;0;0;0;0;1;0;1;0;0
"28/07/2025";"18:41:00";"132";"Com vítima";"412,000";"BR-101/SC";"Crescente";"Colisão traseira";1;0;0;1;0;0;0;0;0;0;3;0;1;0;0
"29/07/2025";"13:30:18";"134";"Com vítima";"281,100";"BR-101/SC";"Decrescente";"Choque";0;0;1;1;0;0;0;0;0;0;1;0;0;0;1
"29/07/2025";"17:46:45";"161";"Sem vítima";"333,000";"BR-101/SC";"Crescente";"Colisão lateral no mesmo sentido";1;0;1;0;0;0;0;0;0;0;2;0;0;0;0
"29/07/2025";"21:47:49";"165";"Sem vítima";"379,000";"BR-101/SC";"Crescente";"Capotamento";1;0;0;0;0;0;0;0;0;0;1;0;0;0;0
"30/07/2025";"13:58:14";"107";"Com vítima";"323,000";"BR-101/SC";"Decrescente";"Colisão traseira";0;0;2;1;0;0;0;0;0;0;3;0;1;0;1
"30/07/2025";"16:06:59";"117";"Sem vítima";"319,000";"BR-101/SC";"Decrescente";"Colisão traseira";1;0;0;1;0;0;0;0;0;0;2;0;0;0;0
"31/07/2025";"08:15:20";"59";"Sem vítima";"370,000";"BR-101/SC";"Decrescente";"Choque";0;0;2;0;0;0;0;0;0;0;6;0;0;0;0
"31/07/2025";"12:06:18";"99";"Sem vítima";"326,000";"BR-101/SC";"Decrescente";"Colisão lateral no mesmo sentido";1;0;1;0;0;0;0;0;0;0;5;0;0;0;0
"31/07/2025";"12:41:46";"102";"Sem vítima";"326,000";"BR-101/SC";"Decrescente";"Colisão lateral no mesmo sentido";0;0;2;0;0;0;0;0;0;0;3;0;0;0;0
"31/07/2025";"15:42:35";"119";"Sem vítima";"381,000";"BR-101/SC";"Crescente";"Colisão traseira";2;0;0;0;0;0;0;0;0;0;3;0;0;0;0
"31/07/2025";"17:42:13";"131";"Sem vítima";"418,000";"BR-101/SC";"Crescente";"Colisão frontal";2;0;0;0;0;0;0;0;0;0;3;0;0;0;0
"31/07/2025";"18:08:28";"133";"Com vítima";"310,600";"BR-101/SC";"Crescente";"Colisão traseira";2;0;0;0;0;0;0;0;0;0;1;0;1;0;0
"31/07/2025";"18:13:35";"134";"Sem vítima";"344,000";"BR-101/SC";"Decrescente";"Saída de pista";1;0;0;0;0;0;0;0;0;0;2;0;0;0;0
"01/08/2025";"06:55:55";"18";"Sem vítima";"247,800";"BR-101/SC";"Decrescente";"Choque";0;0;1;0;0;0;0;0;0;0;1;0;0;0;0
"01/08/2025";"07:10:25";"21";"Com vítima";"442,000";"BR-101/SC";"Decrescente";"Colisão traseira";2;0;0;0;0;0;0;0;0;0;1;1;0;0;0
"01/08/2025";"07:46:07";"39";"Com vítima";"355,000";"BR-101/SC";"Crescente";"Queda de moto";1;0;0;1;0;0;0;0;0;0;1;2;0;0;0
"01/08/2025";"09:00:39";"65";"Sem vítima";"383,000";"BR-101/SC";"Decrescente";"Colisão lateral no mesmo sentido";2;0;0;0;0;0;0;0;0;0;2;0;0;0;0
"01/08/2025";"14:27:26";"117";"Com vítima";"361,000";"BR-101/SC";"Decrescente";"Queda de moto";0;0;0;1;0;0;0;0;0;0;0;0;1;0;0
"01/08/2025";"17:57:49";"141";"Sem vítima";"299,000";"BR-101/SC";"Crescente";"Colisão lateral no mesmo sentido";1;0;1;0;0;0;0;0;0;0;6;0;0;0;0
"01/08/2025";"19:47:58";"148";"Com vítima";"272,500";"BR-101/SC";"Crescente";"Queda de moto";0;0;0;1;0;0;0;0;0;0;0;1;1;0;0
"01/08/2025";"20:11:10";"150";"Sem vítima";"445,600";"BR-101/SC";"Decrescente";"Tombamento";0;0;1;0;0;0;0;0;0;0;1;0;0;0;0
"01/08/2025";"23:50:53";"171";"Sem vítima";"352,000";"BR-101/SC";"Crescente";"Tombamento";0;0;1;0;0;0;0;0;0;0;1;0;0;0;0
"02/08/2025";"12:03:09";"78";"Sem vítima";"294,000";"BR-101/SC";"Decrescente";"Colisão lateral no mesmo sentido";2;0;0;0;0;0;0;0;0;0;5;0;0;0;0
"02/08/2025";"18:44:13";"99";"Sem vítima";"433,000";"BR-101/SC";"Decrescente";"Colisão traseira";0;0;2;0;0;0;0;0;0;0;2;0;0;0;0
"02/08/2025";"19:03:08";"102";"Sem vítima";"294,000";"BR-101/SC";"Decrescente";"Saída de pista";1;0;0;0;0;0;0;0;0;0;1;0;0;0;0
"02/08/2025";"19:36:42";"104";"Com vítima";"418,000";"BR-101/SC";"Decrescente";"Colisão traseira";1;0;1;0;0;0;0;0;0;0;3;0;1;0;0
"02/08/2025";"21:26:21";"111";"Com vítima";"361,000";"BR-101/SC";"Crescente";"Atropelamento de pedestre";1;0;0;0;0;0;0;0;0;0;2;0;0;0;1
"02/08/2025";"21:32:23";"112";"Sem vítima";"286,000";"BR-101/SC";"Decrescente";"Capotamento";1;0;0;0;0;0;0;0;0;0;1;0;0;0;0
"02/08/2025";"22:07:48";"114";"Sem vítima";"308,150";"BR-101/SC";"Crescente";"Saída de pista";1;0;0;0;0;0;0;0;0;0;1;0;0;0;0
"03/08/2025";"00:20:56";"2";"Sem vítima";"329,000";"BR-101/SC";"Decrescente";"Capotamento";1;0;0;0;0;0;0;0;0;0;1;0;0;0;0
"03/08/2025";"02:26:24";"10";"Sem vítima";"447,000";"BR-101/SC";"Decrescente";"Colisão traseira";2;0;0;0;0;0;0;0;0;0;4;0;0;0;0
"03/08/2025";"13:34:35";"79";"Com vítima";"349,000";"BR-101/SC";"Crescente";"Choque";2;0;0;0;0;0;0;0;0;0;4;1;0;0;0
"03/08/2025";"13:47:17";"80";"Sem vítima";"404,000";"BR-101/SC";"Decrescente";"Saída de pista";1;0;0;0;0;0;0;0;0;0;2;0;0;0;0
"03/08/2025";"21:51:45";"128";"Sem vítima";"343,800";"BR-101/SC";"Decrescente";"Acidentes de outra natureza";1;0;0;0;0;0;0;0;0;0;1;0;0;0;0
"04/08/2025";"06:55:53";"33";"Com vítima";"426,100";"BR-101/SC";"Crescente";"Colisão frontal";1;0;0;1;0;0;0;0;0;0;1;0;0;1;0
"04/08/2025";"08:33:52";"66";"Sem vítima";"462,000";"BR-101/SC";"Decrescente";"Capotamento";1;0;0;0;0;0;0;0;0;0;1;0;0;0;0
"04/08/2025";"13:54:18";"87";"Sem vítima";"353,000";"BR-101/SC";"Decrescente";"Choque";1;0;0;0;0;0;0;0;0;0;2;0;0;0;0
"04/08/2025";"17:49:42";"104";"Sem vítima";"363,000";"BR-101/SC";"Decrescente";"Colisão traseira";1;0;0;0;0;0;0;0;0;0;2;0;0;0;0
"04/08/2025";"18:39:37";"107";"Sem vítima";"363,000";"BR-101/SC";"Decrescente";"Colisão transversal";1;0;1;0;0;0;0;0;0;0;3;0;0;0;0
"05/08/2025";"07:04:27";"25";"Sem vítima";"345,000";"BR-101/SC";"Crescente";"Colisão traseira";2;0;0;0;0;0;0;0;0;0;3;0;0;0;0
"05/08/2025";"08:54:47";"64";"Sem vítima";"289,000";"BR-101/SC";"Crescente";"Choque";1;0;0;0;0;0;0;0;0;0;1;0;0;0;0
"05/08/2025";"12:28:47";"95";"Com vítima";"319,000";"BR-101/SC";"Decrescente";"Queda de moto";0;0;0;1;0;0;0;0;0;0;0;1;0;0;0
"05/08/2025";"20:32:08";"137";"Com vítima";"272,000";"BR-101/SC";"Decrescente";"Colisão traseira";1;0;0;1;0;0;0;0;0;0;1;0;1;0;0
"06/08/2025";"06:37:05";"15";"Sem vítima";"404,000";"BR-101/SC";"Decrescente";"Choque";2;0;0;0;0;0;0;0;0;0;2;0;0;0;0
"06/08/2025";"20:58:57";"133";"Com vítima";"319,000";"BR-101/SC";"Crescente";"Queda de moto";0;0;0;1;0;0;0;0;0;0;0;0;1;0;0
"07/08/2025";"15:36:54";"122";"Com vítima";"335,000";"BR-101/SC";"Crescente";"Colisão traseira";1;0;0;1;0;0;0;0;0;0;1;0;1;0;0
"08/08/2025";"08:17:43";"27";"Sem vítima";"359,000";"BR-101/SC";"Crescente";"Saída de pista";1;0;0;0;0;0;0;0;0;0;1;0;0;0;0
"08/08/2025";"09:05:32";"35";"Sem vítima";"332,000";"BR-101/SC";"Decrescente";"Choque";1;0;0;0;0;0;0;0;0;0;1;0;0;0;0
"08/08/2025";"11:54:08";"58";"Sem vítima";"333,000";"BR-101/SC";"Decrescente";"Colisão traseira";1;0;0;0;0;0;0;0;0;0;1;0;0;0;0
"08/08/2025";"13:35:30";"76";"Com vítima";"357,400";"BR-101/SC";"Crescente";"Colisão traseira";1;0;1;0;0;0;0;0;0;0;6;0;1;0;0
"09/08/2025";"04:09:37";"14";"Com vítima";"335,000";"BR-101/SC";"Crescente";"Queda de moto";0;0;0;1;0;0;0;0;0;0;0;1;0;0;0
"09/08/2025";"16:42:17";"57";"Com vítima";"316,000";"BR-101/SC";"Crescente";"Colisão transversal";1;0;0;1;0;0;0;0;0;0;1;0;1;0;0
"09/08/2025";"20:00:58";"79";"Sem vítima";"384,000";"BR-101/SC";"Decrescente";"Choque";1;0;0;0;0;0;0;0;0;0;1;0;0;0;0
"09/08/2025";"22:32:24";"90";"Com vítima";"257,000";"BR-101/SC";"Crescente";"Colisão lateral no mesmo sentido";2;0;0;0;0;0;0;0;0;0;2;3;0;0;0
"10/08/2025";"04:25:20";"7";"Sem vítima";"344,000";"BR-101/SC";"Decrescente";"Atropelamento de animal";1;0;0;0;0;0;0;0;0;0;2;0;0;0;0
"10/08/2025";"04:58:17";"8";"Sem vítima";"329,000";"BR-101/SC";"Decrescente";"Saída de pista";1;0;0;0;0;0;0;0;0;0;2;0;0;0;0
"10/08/2025";"06:59:21";"12";"Sem vítima";"299,000";"BR-101/SC";"Decrescente";"Saída de pista";1;0;0;0;0;0;0;0;0;0;1;0;0;0;0
"10/08/2025";"07:27:24";"16";"Com vítima";"358,000";"BR-101/SC";"Crescente";"Saída de pista";1;0;0;0;0;0;0;0;0;0;0;1;0;0;0
"10/08/2025";"17:22:35";"53";"Sem vítima";"359,000";"BR-101/SC";"Decrescente";"Saída de pista";0;0;1;0;0;0;0;0;0;0;1;0;0;0;0
"10/08/2025";"19:50:06";"65";"Sem vítima";"304,000";"BR-101/SC";"Crescente";"Colisão traseira";1;0;0;0;0;0;0;0;0;0;3;0;0;0;0
"11/08/2025";"01:18:22";"2";"Com vítima";"444,000";"BR-101/SC";"Crescente";"Choque";1;0;0;0;0;0;0;0;0;0;0;1;0;0;0
"11/08/2025";"12:03:16";"81";"Com vítima";"379,700";"BR-101/SC";"Decrescente";"Colisão traseira";0;0;2;0;0;0;0;0;0;0;1;1;0;0;0
"11/08/2025";"18:03:19";"125";"Sem vítima";"342,500";"BR-101/SC";"Decrescente";"Colisão traseira";1;0;1;0;0;0;0;0;0;0;3;0;0;0;0
"11/08/2025";"19:08:41";"131";"Com vítima";"417,000";"BR-101/SC";"Crescente";"Choque";1;0;0;0;0;0;0;0;0;0;0;2;0;0;0
"11/08/2025";"20:46:07";"135";"Com vítima";"417,000";"BR-101/SC";"Decrescente";"Choque";0;0;1;0;0;0;0;0;0;0;0;1;0;0;0
"12/08/2025";"14:37:01";"118";"Sem vítima";"399,000";"BR-101/SC";"Crescente";"Saída de pista";0;0;1;0;0;0;0;0;0;0;1;0;0;0;0
"12/08/2025";"17:22:23";"137";"Sem vítima";"323,000";"BR-101/SC";"Decrescente";"Colisão lateral no mesmo sentido";0;0;2;0;0;0;0;0;0;0;2;0;0;0;0
"12/08/2025";"19:02:21";"143";"Com vítima";"327,000";"BR-101/SC";"Decrescente";"Capotamento";2;0;0;0;0;0;0;0;0;0;1;1;0;0;0
"13/08/2025";"12:00:24";"98";"Sem vítima";"349,000";"BR-101/SC";"Crescente";"Colisão traseira";1;0;1;0;0;0;0;0;0;0;2;0;0;0;0
"13/08/2025";"18:27:37";"143";"Sem vítima";"356,000";"BR-101/SC";"Crescente";"Colisão traseira";1;0;1;0;0;0;0;0;0;0;4;0;0;0;0
"13/08/2025";"18:37:12";"144";"Com vítima";"304,000";"BR-101/SC";"Crescente";"Colisão transversal";1;0;0;1;0;0;0;0;0;0;1;0;1;0;0
"13/08/2025";"18:52:28";"146";"Com vítima";"342,000";"BR-101/SC";"Crescente";"Colisão traseira";0;0;1;1;0;0;0;0;0;0;1;1;0;0;0
"14/08/2025";"03:57:49";"11";"Com vítima";"405,000";"BR-101/SC";"Decrescente";"Colisão traseira";1;0;1;0;0;0;0;0;0;0;1;1;0;0;0
"14/08/2025";"07:36:21";"46";"Com vítima";"384,000";"BR-101/SC";"Decrescente";"Colisão traseira";2;0;0;0;0;0;0;0;0;0;1;1;0;0;0
"14/08/2025";"12:34:56";"100";"Com vítima";"265,300";"BR-101/SC";"Decrescente";"Saída de pista";1;0;0;0;0;0;0;0;0;0;0;0;1;0;0
"15/08/2025";"09:53:49";"87";"Sem vítima";"317,000";"BR-101/SC";"Decrescente";"Colisão traseira";2;0;0;0;0;0;0;0;0;0;2;0;0;0;0
"15/08/2025";"14:27:20";"114";"Sem vítima";"434,000";"BR-101/SC";"Crescente";"Colisão traseira";1;0;1;0;0;0;0;0;0;0;2;0;0;0;0
"15/08/2025";"18:00:03";"141";"Com vítima";"324,000";"BR-101/SC";"Decrescente";"Colisão lateral no mesmo sentido";0;0;0;1;0;0;0;0;0;0;0;0;1;0;0
"16/08/2025";"01:24:48";"2";"Sem vítima";"376,250";"BR-101/SC";"Decrescente";"Saída de pista";1;0;0;0;0;0;0;0;0;0;1;0;0;0;0
"16/08/2025";"02:43:09";"6";"Sem vítima";"367,200";"BR-101/SC";"Decrescente";"Saída de pista";0;0;1;0;0;0;0;0;0;0;1;0;0;0;0
"16/08/2025";"10:02:11";"61";"Sem vítima";"335,000";"BR-101/SC";"Crescente";"Colisão frontal";3;0;0;0;0;0;0;0;0;0;6;0;0;0;0
"16/08/2025";"16:25:00";"97";"Com vítima";"414,000";"BR-101/SC";"Decrescente";"Colisão traseira";1;0;0;1;0;0;0;0;0;0;2;1;1;1;0
"16/08/2025";"20:48:58";"119";"Com vítima";"357,000";"BR-101/SC";"Decrescente";"Queda de moto";0;0;0;1;0;0;0;0;0;0;0;1;0;0;0
"17/08/2025";"03:43:00";"14";"Sem vítima";"426,000";"BR-101/SC";"Decrescente";"Saída de pista";1;0;0;0;0;0;0;0;0;0;1;0;0;0;0
"17/08/2025";"05:08:06";"16";"Com vítima";"366,000";"BR-101/SC";"Decrescente";"Atropelamento de pedestre";1;0;0;0;0;0;0;0;0;0;1;0;0;0;1
"17/08/2025";"13:04:38";"74";"Sem vítima";"397,000";"BR-101/SC";"Decrescente";"Choque";1;0;0;0;0;0;0;0;0;0;4;0;0;0;0
"17/08/2025";"16:33:45";"86";"Com vítima";"315,000";"BR-101/SC";"Crescente";"Colisão lateral no mesmo sentido";1;0;0;1;0;0;0;0;0;0;2;1;0;0;0
"17/08/2025";"18:53:11";"98";"Sem vítima";"331,000";"BR-101/SC";"Crescente";"Colisão lateral no mesmo sentido";1;0;0;0;0;0;0;0;0;0;5;0;0;0;0
"18/08/2025";"01:09:35";"3";"Sem vítima";"439,000";"BR-101/SC";"Decrescente";"Choque";1;0;0;0;0;0;0;0;0;0;1;0;0;0;0
"18/08/2025";"03:40:18";"7";"Sem vítima";"278,300";"BR-101/SC";"Crescente";"Saída de pista";0;0;1;0;0;0;0;0;0;0;1;0;0;0;0
"18/08/2025";"06:52:50";"24";"Com vítima";"246,000";"BR-101/SC";"Crescente";"Saída de pista";0;0;1;0;0;0;0;0;0;0;1;1;0;0;0
"18/08/2025";"17:16:58";"150";"Com vítima";"335,000";"BR-101/SC";"Crescente";"Colisão lateral no mesmo sentido";0;0;1;1;0;0;0;0;0;0;1;1;0;0;0
"18/08/2025";"17:18:00";"151";"Com vítima";"324,000";"BR-101/SC";"Decrescente";"Capotamento";1;0;1;0;0;0;0;0;0;0;1;0;3;0;0
"18/08/2025";"18:41:39";"157";"Sem vítima";"403,000";"BR-101/SC";"Crescente";"Colisão traseira";2;0;0;0;0;0;0;0;0;0;2;0;0;0;0
"18/08/2025";"18:51:09";"158";"Com vítima";"317,000";"BR-101/SC";"Decrescente";"Queda de moto";0;0;0;1;0;0;0;0;0;0;0;1;0;0;0
"19/08/2025";"08:59:12";"66";"Sem vítima";"275,000";"BR-101/SC";"Decrescente";"Capotamento";0;0;1;0;0;0;0;0;0;0;2;0;0;0;0
"19/08/2025";"13:29:42";"106";"Sem vítima";"247,000";"BR-101/SC";"Crescente";"Saída de pista";0;0;1;0;0;0;0;0;0;0;1;0;0;0;0
"19/08/2025";"16:54:07";"130";"Sem vítima";"339,000";"BR-101/SC";"Crescente";"Saída de pista";1;0;0;0;0;0;0;0;0;0;1;0;0;0;0
"20/08/2025";"13:06:00";"103";"Sem vítima";"323,000";"BR-101/SC";"Decrescente";"Colisão lateral no mesmo sentido";2;0;0;0;0;0;0;0;0;0;2;0;0;0;0
"20/08/2025";"18:43:40";"136";"Com vítima";"333,550";"BR-101/SC";"Crescente";"Choque";1;0;0;0;0;0;0;0;0;0;0;0;1;0;0
"20/08/2025";"18:45:03";"137";"Sem vítima";"296,000";"BR-101/SC";"Crescente";"Saída de pista";1;0;0;0;0;0;0;0;0;0;1;0;0;0;0
"20/08/2025";"19:08:37";"138";"Sem vítima";"303,100";"BR-101/SC";"Crescente";"Atropelamento de pedestre";1;0;0;0;0;0;0;0;0;0;1;0;0;0;0
"20/08/2025";"23:07:04";"152";"Com vítima";"403,500";"BR-101/SC";"Crescente";"Colisão traseira";0;0;2;0;0;0;0;0;0;0;1;0;1;0;0
"21/08/2025";"07:33:36";"51";"Com vítima";"320,000";"BR-101/SC";"Crescente";"Queda de moto";0;0;0;1;0;0;0;0;0;0;0;1;0;0;0
"21/08/2025";"11:36:24";"104";"Sem vítima";"353,000";"BR-101/SC";"Crescente";"Tombamento";0;0;0;0;0;0;0;0;1;0;0;0;0;0;0
"22/08/2025";"04:16:46";"6";"Sem vítima";"351,000";"BR-101/SC";"Decrescente";"Saída de pista";1;0;0;0;0;0;0;0;0;0;1;0;0;0;0
"22/08/2025";"08:46:37";"73";"Com vítima";"335,000";"BR-101/SC";"Crescente";"Colisão traseira";1;0;1;1;0;0;0;0;0;0;2;0;1;0;0
"22/08/2025";"10:30:07";"95";"Com vítima";"416,000";"BR-101/SC";"Crescente";"Colisão lateral no mesmo sentido";1;0;0;1;0;0;0;0;0;0;1;0;1;0;0
"22/08/2025";"12:39:04";"113";"Com vítima";"334,000";"BR-101/SC";"Crescente";"Colisão traseira";0;0;1;1;0;0;0;0;0;0;1;1;0;0;0
"22/08/2025";"12:52:36";"114";"Com vítima";"435,000";"BR-101/SC";"Crescente";"Colisão traseira";2;0;0;0;0;0;0;0;0;0;1;1;0;0;0
"23/08/2025";"04:23:48";"5";"Com vítima";"364,000";"BR-101/SC";"Crescente";"Tombamento";0;0;1;0;0;0;0;0;0;0;0;0;3;0;0
"23/08/2025";"05:30:26";"11";"Sem vítima";"270,000";"BR-101/SC";"Decrescente";"Saída de pista";1;0;0;0;0;0;0;0;0;0;1;0;0;0;0
"23/08/2025";"15:41:49";"73";"Com vítima";"436,600";"BR-101/SC";"Decrescente";"Engavetamento";2;0;0;1;0;0;0;0;0;0;2;0;1;0;0
"23/08/2025";"16:47:30";"77";"Com vítima";"316,000";"BR-101/SC";"Decrescente";"Saída de pista";1;0;0;0;0;0;0;0;0;0;0;1;0;0;0
"23/08/2025";"17:28:36";"80";"Com vítima";"335,000";"BR-101/SC";"Decrescente";"Saída de pista";1;0;0;0;0;0;0;0;0;0;1;0;0;1;0
"23/08/2025";"18:50:31";"82";"Sem vítima";"328,000";"BR-101/SC";"Crescente";"Choque";1;0;0;0;0;0;0;0;0;0;2;0;0;0;0
"23/08/2025";"23:25:46";"92";"Sem vítima";"344,000";"BR-101/SC";"Decrescente";"Choque";1;0;0;0;0;0;0;0;0;0;3;0;0;0;0
"24/08/2025";"12:58:34";"40";"Sem vítima";"316,000";"BR-101/SC";"Decrescente";"Choque";1;0;0;0;0;0;0;0;0;0;2;0;0;0;0
"25/08/2025";"07:41:13";"21";"Sem vítima";"357,000";"BR-101/SC";"Crescente";"Acidentes de outra natureza";1;0;0;0;0;0;0;0;0;0;1;0;0;0;0
"25/08/2025";"19:56:10";"120";"Sem vítima";"337,000";"BR-101/SC";"Decrescente";"Colisão traseira";0;0;2;0;0;0;0;0;0;0;2;0;0;0;0
"26/08/2025";"07:14:33";"32";"Sem vítima";"287,000";"BR-101/SC";"Crescente";"Colisão lateral no mesmo sentido";2;0;1;0;0;0;0;0;0;0;3;0;0;0;0
"26/08/2025";"12:53:57";"91";"Sem vítima";"363,000";"BR-101/SC";"Crescente";"Colisão lateral no mesmo sentido";1;0;1;0;0;0;0;0;0;0;2;0;0;0;0
"27/08/2025";"09:22:15";"90";"Sem vítima";"334,000";"BR-101/SC";"Decrescente";"Colisão lateral no mesmo sentido";2;0;0;0;0;0;0;0;0;0;3;0;0;0;0